零件名,工序,资源,开始(min),结束(min),时长(min)
A03S-1304,天车空驶（胎架到原料区）,天车,0.0,3.0,3.0
A03S-1304,天车吊运（原料区到胎架）,天车,3.0,6.0,3.0
AP2-FC-1-1P,自由边打磨,人工打磨N21,28.298601144113015,29.95331416975404,1.6547130256410263
A03S-1274,天车空驶（胎架到原料区）,天车,6.0,9.0,3.0
A03S-1274,天车吊运（原料区到胎架）,天车,9.0,12.0,3.0
AP2-FC-1-1S,自由边打磨,人工打磨N21,29.95331416975404,31.608027144113017,1.6547129743589757
A03S-1304切割后的大件,天车吊运（胎架到成品区）,天车,31.608027144113017,36.60802714411302,5.0
AP2-818-1S,分拣,自动分拣N51,37.93377497591521,39.51377497591521,1.5799999999999983
AP2-818-1S,自动打磨,自动打磨N51,39.51377497591521,41.46631624575648,1.9525412698412694
AP2-818-1S,桁架码垛,自动分拣N51,41.46631624575648,42.63631624575648,1.1700000000000017
AP2-821-1P,分拣,自动分拣N51,42.63631624575648,44.21631624575648,1.5799999999999983
AP2-821-1P,自动打磨,自动打磨N51,44.21631624575648,46.012214340994575,1.795898095238094
AP2-821-1P,桁架码垛,自动分拣N51,46.012214340994575,47.18221434099458,1.1700000000000017
AP2-821-1S,分拣,自动分拣N51,47.18221434099458,48.762214340994575,1.5799999999999983
AP2-821-1S,自动打磨,自动打磨N51,48.762214340994575,50.55811370607394,1.7958993650793644
AP2-821-1S,桁架码垛,自动分拣N51,50.55811370607394,51.72811370607394,1.1700000000000017
AP2-823-1P,分拣,自动分拣N51,51.72811370607394,53.30811370607394,1.5799999999999983
AP2-823-1P,自动打磨,自动打磨N51,53.30811370607394,55.119823071153306,1.8117093650793663
AP2-823-1P,桁架码垛,自动分拣N51,55.119823071153306,56.28982307115331,1.1700000000000017
AP2-823-1S,分拣,自动分拣N51,56.28982307115331,57.869823071153306,1.5799999999999983
AP2-823-1S,自动打磨,自动打磨N51,57.869823071153306,59.68153243623267,1.8117093650793663
AP2-823-1S,桁架码垛,自动分拣N51,59.68153243623267,60.851532436232674,1.1700000000000017
AP2-826-1P,分拣,自动分拣N51,60.851532436232674,62.43153243623267,1.5799999999999983
AP2-826-1P,自动打磨,自动打磨N51,62.43153243623267,64.18193719813743,1.7504047619047611
AP2-826-1P,桁架码垛,自动分拣N51,64.18193719813743,65.35193719813743,1.1700000000000017
AP2-826-1S,分拣,自动分拣N51,65.35193719813743,66.93193719813743,1.5799999999999983
AP2-826-1S,自动打磨,自动打磨N51,66.93193719813743,68.6823419600422,1.7504047619047611
AP2-826-1S,桁架码垛,自动分拣N51,68.6823419600422,69.8523419600422,1.1700000000000017
AP2-829-1S,分拣,自动分拣N51,69.8523419600422,71.4323419600422,1.5799999999999983
AP2-829-1S,自动打磨,自动打磨N51,71.4323419600422,73.38488338861362,1.952541428571422
AP2-829-1S,桁架码垛,自动分拣N51,73.38488338861362,74.55488338861362,1.1700000000000017
AP2-831-1P,分拣,自动分拣N51,74.55488338861362,76.13488338861362,1.5799999999999983
AP2-831-1P,自动打磨,自动打磨N51,76.13488338861362,77.82140029337552,1.686516904761902
AP2-831-1P,桁架码垛,自动分拣N51,77.82140029337552,78.99140029337552,1.1700000000000017
AP2-831-1S,分拣,自动分拣N51,78.99140029337552,80.57140029337552,1.5799999999999983
AP2-831-1S,自动打磨,自动打磨N51,80.57140029337552,82.25800830924854,1.68660801587302
AP2-831-1S,桁架码垛,自动分拣N51,82.25800830924854,83.42800830924854,1.1700000000000017
AP2-832-1P,分拣,自动分拣N51,83.42800830924854,85.00800830924854,1.5799999999999983
AP2-832-1P,自动打磨,自动打磨N51,85.00800830924854,86.71689434099457,1.708886031746033
AP2-832-1P,桁架码垛,自动分拣N51,86.71689434099457,87.88689434099457,1.1700000000000017
AP2-832-1S,分拣,自动分拣N51,87.88689434099457,89.46689434099457,1.5799999999999983
AP2-832-1S,自动打磨,自动打磨N51,89.46689434099457,91.17587188067711,1.708977539682536
AP2-832-1S,桁架码垛,自动分拣N51,91.17587188067711,92.34587188067711,1.1700000000000017
AP2-830-1P,分拣,自动分拣N51,92.34587188067711,93.92587188067711,1.5799999999999983
AP2-830-1P,自动打磨,自动打磨N51,93.92587188067711,95.6082068806771,1.6823349999999948
AP2-830-1P,桁架码垛,自动分拣N51,95.6082068806771,96.7782068806771,1.1700000000000017
AP2-830-1S,分拣,自动分拣N51,96.7782068806771,98.3582068806771,1.5799999999999983
AP2-830-1S,自动打磨,自动打磨N51,98.3582068806771,100.0405418806771,1.6823349999999948
AP2-830-1S,桁架码垛,自动分拣N51,100.0405418806771,101.2105418806771,1.1700000000000017
AP2-833-1P,分拣,自动分拣N51,101.2105418806771,102.7905418806771,1.5799999999999983
AP2-833-1P,自动打磨,自动打磨N51,102.7905418806771,105.39507180131201,2.604529920634917
AP2-833-1P,桁架码垛,自动分拣N51,105.39507180131201,106.56507180131202,1.1700000000000017
AP2-833-1S,分拣,自动分拣N51,106.56507180131202,108.14507180131201,1.5799999999999983
AP2-833-1S,自动打磨,自动打磨N51,108.14507180131201,110.22291545210567,2.0778436507936533
AP2-833-1S,桁架码垛,自动分拣N51,110.22291545210567,111.39291545210567,1.1700000000000017
A03S-1287,天车空驶（胎架到原料区）,天车,12.0,20.0,8.0
A03S-1287,天车吊运（原料区到胎架）,天车,20.0,23.0,3.0
AP2-F2-3S-5BS,分拣,自动分拣N21,62.97299689355172,64.55299689355172,1.5799999999999983
AP2-F2-3S-5BS,自动打磨,自动打磨N21,64.55299689355172,66.2297927665676,1.6767958730158767
AP2-F2-3S-5BS,桁架至坡口工作站,自动分拣N21,66.2297927665676,67.3964927665676,1.1667000000000058
AP2-F5-1P-1P,自由边打磨,人工打磨N21,62.97299689355172,63.267598021756854,0.2946011282051302
A03S-1297,天车空驶（胎架到原料区）,天车,23.0,26.0,3.0
A03S-1297,天车吊运（原料区到胎架）,天车,26.0,29.0,3.0
AP2-F5-2S-1S,自由边打磨,人工打磨N21,63.267598021756854,63.59598304739788,0.3283850256410261
AP2-F6-2P-7BP,分拣,自动分拣N21,67.3964927665676,68.9764927665676,1.5799999999999983
AP2-F6-2P-7BP,自动打磨,自动打磨N21,68.9764927665676,70.64846744910729,1.671974682539684
AP2-F6-2P-7BP,桁架码垛,自动分拣N21,70.64846744910729,71.81846744910729,1.1700000000000017
TA10-F9-1SP-3SP,分拣,自动分拣N21,71.81846744910729,73.39846744910729,1.5799999999999983
TA10-F9-1SP-3SP,自动打磨,自动打磨N21,73.39846744910729,75.07044205228189,1.6719746031746041
TA10-F9-1SP-3SP,桁架码垛,自动分拣N21,75.07044205228189,76.24044205228189,1.1700000000000017
A03S-1287切割后的大件,天车吊运（胎架到成品区）,天车,63.59598304739788,68.59598304739788,5.0
AP2-F6-3S-4BS,分拣,自动分拣N51,111.39291545210567,112.97291545210567,1.5799999999999983
AP2-F6-3S-4BS,自动打磨,自动打磨N51,112.97291545210567,115.34255576956599,2.3696403174603233
AP2-F6-3S-4BS,桁架码垛,自动分拣N51,115.34255576956599,116.51255576956599,1.1700000000000017
AP2-FB-2P-7BP,分拣,自动分拣N51,116.51255576956599,118.09255576956599,1.5799999999999983
AP2-FB-2P-7BP,自动打磨,自动打磨N51,118.09255576956599,119.46655513464536,1.3739993650793707
AP2-FB-2P-7BP,桁架码垛,自动分拣N51,119.46655513464536,120.63655513464536,1.1700000000000017
AP2-FB-2P-8BP,分拣,自动分拣N51,120.63655513464536,122.21655513464536,1.5799999999999983
AP2-FB-2P-8BP,自动打磨,自动打磨N51,122.21655513464536,126.02769418226441,3.8111390476190508
AP2-FB-2P-8BP,桁架码垛,自动分拣N51,126.02769418226441,127.19769418226441,1.1700000000000017
AP2-FB-3S-10BS,分拣,自动分拣N51,127.19769418226441,128.7776941822644,1.5799999999999983
AP2-FB-3S-10BS,自动打磨,自动打磨N51,128.7776941822644,131.1473345790898,2.369640396825389
AP2-FB-3S-10BS,桁架码垛,自动分拣N51,131.1473345790898,132.3173345790898,1.1699999999999875
AP2-FB-3S-3BS,分拣,自动分拣N51,132.3173345790898,133.8973345790898,1.5800000000000125
AP2-FB-3S-3BS,自动打磨,自动打磨N51,133.8973345790898,137.70847362670884,3.8111390476190365
AP2-FB-3S-3BS,桁架码垛,自动分拣N51,137.70847362670884,138.87847362670882,1.1699999999999875
AP2-FB-3S-6BS,分拣,自动分拣N51,138.87847362670882,140.45847362670884,1.5800000000000125
AP2-FB-3S-6BS,自动打磨,自动打磨N51,140.45847362670884,143.0537764838517,2.5953028571428547
AP2-FB-3S-6BS,桁架码垛,自动分拣N51,143.0537764838517,144.22377648385168,1.1699999999999875
AP2-G2-2-1P,自由边打磨,人工打磨N51,75.02388212678606,75.26554325499119,0.24166112820512353
A03S-1276,天车空驶（胎架到原料区）,天车,36.60802714411302,44.60802714411302,8.0
A03S-1276,天车吊运（原料区到胎架）,天车,44.60802714411302,47.60802714411302,3.0
AP2-G2-2-1S,自由边打磨,人工打磨N51,75.26554325499119,76.29635433191426,1.0308110769230723
A03S-1297切割后的大件,天车吊运（胎架到成品区）,天车,76.29635433191426,81.29635433191426,5.0
AP2-818-1P,分拣,自动分拣N21,150.343262566622,151.92326256662201,1.5800000000000125
AP2-818-1P,自动打磨,自动打磨N21,151.92326256662201,153.44191336027282,1.5186507936508065
AP2-818-1P,桁架码垛,自动分拣N21,153.44191336027282,154.6119133602728,1.1699999999999875
AP2-AG-1-3BP,分拣,自动分拣N21,154.6119133602728,156.19191336027282,1.5800000000000125
AP2-AG-1-3BP,自动打磨,自动打磨N21,156.19191336027282,158.08730947138395,1.8953961111111255
AP2-AG-1-3BP,桁架码垛,自动分拣N21,158.08730947138395,159.25730947138393,1.1699999999999875
AP2-CG-1B1-1P,分拣,自动分拣N21,159.25730947138393,160.83730947138395,1.5800000000000125
AP2-CG-1B1-1P,自动打磨,自动打磨N21,160.83730947138395,162.29528288408235,1.4579734126984079
AP2-CG-1B1-1P,桁架码垛,自动分拣N21,162.29528288408235,163.46528288408234,1.1699999999999875
AP2-CG-1B1-1S,分拣,自动分拣N21,163.46528288408234,165.04528288408235,1.5800000000000125
AP2-CG-1B1-1S,自动打磨,自动打磨N21,165.04528288408235,167.1515096301141,2.1062267460317514
AP2-CG-1B1-1S,桁架码垛,自动分拣N21,167.1515096301141,168.3215096301141,1.1699999999999875
AP2-F6-2P-2BP,分拣,自动分拣N21,168.3215096301141,169.9015096301141,1.5800000000000125
AP2-F6-2P-2BP,自动打磨,自动打磨N21,169.9015096301141,171.36607185233632,1.464562222222213
AP2-F6-2P-2BP,桁架码垛,自动分拣N21,171.36607185233632,172.5360718523363,1.1699999999999875
AP2-F7-1B1-1P,分拣,自动分拣N21,172.5360718523363,174.11607185233632,1.5800000000000125
AP2-F7-1B1-1P,自动打磨,自动打磨N21,174.11607185233632,176.15753804281252,2.0414661904762
AP2-F7-1B1-1P,桁架码垛,自动分拣N21,176.15753804281252,177.3275380428125,1.1699999999999875
AP2-F7-1B1-1S,分拣,自动分拣N21,177.3275380428125,178.90753804281252,1.5800000000000125
AP2-F7-1B1-1S,自动打磨,自动打磨N21,178.90753804281252,180.81743407455855,1.9098960317460296
AP2-F7-1B1-1S,桁架码垛,自动分拣N21,180.81743407455855,181.98743407455854,1.1699999999999875
AP2-F8-1B1-1P,分拣,自动分拣N21,181.98743407455854,183.56743407455855,1.5800000000000125
AP2-F8-1B1-1P,自动打磨,自动打磨N21,183.56743407455855,185.4072042332887,1.839770158730147
AP2-F8-1B1-1P,桁架码垛,自动分拣N21,185.4072042332887,186.57720423328868,1.1699999999999875
AP2-FB-3S-2BS,分拣,自动分拣N21,186.57720423328868,188.1572042332887,1.5800000000000125
AP2-FB-3S-2BS,自动打磨,自动打磨N21,188.1572042332887,189.88470800312996,1.7275037698412632
AP2-FB-3S-2BS,桁架码垛,自动分拣N21,189.88470800312996,191.05470800312995,1.1699999999999875
AP2-MG-1SP-1BP,分拣,自动分拣N21,191.05470800312995,192.63470800312996,1.5800000000000125
AP2-MG-1SP-1BP,自动打磨,自动打磨N21,192.63470800312996,194.5392332412252,1.904525238095232
AP2-MG-1SP-1BP,桁架码垛,自动分拣N21,194.5392332412252,195.70923324122518,1.1699999999999875
AP2-MG-1SP-2BP,分拣,自动分拣N21,195.70923324122518,197.2892332412252,1.5800000000000125
AP2-MG-1SP-2BP,自动打磨,自动打磨N21,197.2892332412252,199.0902201459871,1.8009869047619134
AP2-MG-1SP-2BP,桁架码垛,自动分拣N21,199.0902201459871,200.2602201459871,1.1699999999999875
AP2-F0-1B1P-1P,分拣,自动分拣N21,200.2602201459871,201.8402201459871,1.5800000000000125
AP2-F0-1B1P-1P,自动打磨,自动打磨N21,201.8402201459871,204.49875728884425,2.658537142857142
AP2-F0-1B1P-1P,桁架码垛,自动分拣N21,204.49875728884425,205.66875728884423,1.1699999999999875
AP2-F0-1B2S-1S,分拣,自动分拣N21,205.66875728884423,207.24875728884425,1.5800000000000125
AP2-F0-1B2S-1S,自动打磨,自动打磨N21,207.24875728884425,209.34527697138392,2.096519682539679
AP2-F0-1B2S-1S,桁架码垛,自动分拣N21,209.34527697138392,210.5152769713839,1.1699999999999875
AP2-F1-1B1P-1P,分拣,自动分拣N21,210.5152769713839,212.09527697138392,1.5800000000000125
AP2-F1-1B1P-1P,自动打磨,自动打磨N21,212.09527697138392,213.65986332059026,1.564586349206337
AP2-F1-1B1P-1P,桁架码垛,自动分拣N21,213.65986332059026,214.82986332059025,1.1699999999999875
AP2-F1-1B2S-1S,分拣,自动分拣N21,214.82986332059025,216.40986332059026,1.5800000000000125
AP2-F1-1B2S-1S,自动打磨,自动打磨N21,216.40986332059026,217.97444959043153,1.5645862698412714
AP2-F1-1B2S-1S,桁架码垛,自动分拣N21,217.97444959043153,219.14444959043152,1.1699999999999875
AP2-F1-1B3-1P,分拣,自动分拣N21,219.14444959043152,220.72444959043153,1.5800000000000125
AP2-F1-1B3-1P,自动打磨,自动打磨N21,220.72444959043153,223.4699555428125,2.7455059523809666
AP2-F1-1B3-1P,桁架码垛,自动分拣N21,223.4699555428125,224.6399555428125,1.1699999999999875
AP2-F1-1B3-1S,分拣,自动分拣N21,224.6399555428125,226.2199555428125,1.5800000000000125
AP2-F1-1B3-1S,自动打磨,自动打磨N21,226.2199555428125,229.00002768566964,2.7800721428571364
AP2-F1-1B3-1S,桁架码垛,自动分拣N21,229.00002768566964,230.17002768566962,1.1699999999999875
AP2-F3-1B1P-1P,分拣,自动分拣N21,230.17002768566962,231.75002768566964,1.5800000000000125
AP2-F3-1B1P-1P,自动打磨,自动打磨N21,231.75002768566964,234.56041959043154,2.8103919047619
AP2-F3-1B1P-1P,桁架码垛,自动分拣N21,234.56041959043154,235.73041959043152,1.1699999999999875
AP2-F4-1B1P-1P,分拣,自动分拣N21,235.73041959043152,237.31041959043154,1.5800000000000125
AP2-F4-1B1P-1P,自动打磨,自动打磨N21,237.31041959043154,239.06878236820933,1.7583627777777906
AP2-F4-1B1P-1P,桁架码垛,自动分拣N21,239.06878236820933,240.2387823682093,1.1699999999999875
AP2-F5-1B1P-1P,分拣,自动分拣N21,240.2387823682093,241.81878236820933,1.5800000000000125
AP2-F5-1B1P-1P,自动打磨,自动打磨N21,241.81878236820933,243.66555165392361,1.846769285714288
AP2-F5-1B1P-1P,桁架码垛,自动分拣N21,243.66555165392361,244.8355516539236,1.1699999999999875
AP2-F5-1B3-1P,分拣,自动分拣N21,244.8355516539236,246.41555165392361,1.5800000000000125
AP2-F5-1B3-1P,自动打磨,自动打磨N21,246.41555165392361,249.25947339995537,2.8439217460317536
AP2-F5-1B3-1P,桁架码垛,自动分拣N21,249.25947339995537,250.42947339995536,1.1699999999999875
AP2-F5-1B3-1S,分拣,自动分拣N21,250.42947339995536,252.00947339995537,1.5800000000000125
AP2-F5-1B3-1S,自动打磨,自动打磨N21,252.00947339995537,253.81689498725694,1.807421587301576
AP2-F5-1B3-1S,桁架码垛,自动分拣N21,253.81689498725694,254.98689498725693,1.1699999999999875
AP2-F7-1B1P-1P,分拣,自动分拣N21,254.98689498725693,256.56689498725694,1.5800000000000125
AP2-F7-1B1P-1P,自动打磨,自动打磨N21,256.56689498725694,258.38181379678076,1.8149188095238173
AP2-F7-1B1P-1P,桁架码垛,自动分拣N21,258.38181379678076,259.5518137967808,1.170000000000016
AP2-F7-1B2S-1S,分拣,自动分拣N21,259.5518137967808,261.13181379678076,1.579999999999984
AP2-F7-1B2S-1S,自动打磨,自动打磨N21,261.13181379678076,263.0417098285268,1.9098960317460296
AP2-F7-1B2S-1S,桁架码垛,自动分拣N21,263.0417098285268,264.2117098285268,1.170000000000016
AP2-F8-1B1P-1P,分拣,自动分拣N21,264.2117098285268,265.7917098285268,1.579999999999984
AP2-F8-1B1P-1P,自动打磨,自动打磨N21,265.7917098285268,268.3361319713839,2.5444221428571154
AP2-F8-1B1P-1P,桁架码垛,自动分拣N21,268.3361319713839,269.5061319713839,1.170000000000016
AP2-F8-1B2S-1S,分拣,自动分拣N21,269.5061319713839,271.0861319713839,1.579999999999984
AP2-F8-1B2S-1S,自动打磨,自动打磨N21,271.0861319713839,272.8136355428125,1.7275035714285991
AP2-F8-1B2S-1S,桁架码垛,自动分拣N21,272.8136355428125,273.9836355428125,1.170000000000016
AP2-F9-1B1P-1P,分拣,自动分拣N21,273.9836355428125,275.5636355428125,1.579999999999984
AP2-F9-1B1P-1P,自动打磨,自动打磨N21,275.5636355428125,277.41605490789186,1.8524193650793563
AP2-F9-1B1P-1P,桁架码垛,自动分拣N21,277.41605490789186,278.5860549078919,1.170000000000016
AP2-FA-1B1P-1P,分拣,自动分拣N21,278.5860549078919,280.16605490789186,1.579999999999984
AP2-FA-1B1P-1P,自动打磨,自动打磨N21,280.16605490789186,281.94943855868553,1.7833836507936667
AP2-FA-1B1P-1P,桁架码垛,自动分拣N21,281.94943855868553,283.11943855868554,1.170000000000016
AP2-FA-1B2S-1S,分拣,自动分拣N21,283.11943855868554,284.69943855868553,1.579999999999984
AP2-FA-1B2S-1S,自动打磨,自动打磨N21,284.69943855868553,286.4828222094792,1.7833836507936667
AP2-FA-1B2S-1S,桁架码垛,自动分拣N21,286.4828222094792,287.6528222094792,1.170000000000016
AP2-SGF-1SP-1BSP,分拣,自动分拣N21,287.6528222094792,289.2328222094792,1.579999999999984
AP2-SGF-1SP-1BSP,自动打磨,自动打磨N21,289.2328222094792,290.6923783205903,1.4595561111111124
AP2-SGF-1SP-1BSP,桁架码垛,自动分拣N21,290.6923783205903,291.8623783205903,1.170000000000016
AP2-SGF-1SP-2BSP,分拣,自动分拣N21,291.8623783205903,293.4423783205903,1.579999999999984
AP2-SGF-1SP-2BSP,自动打磨,自动打磨N21,293.4423783205903,295.3377744317014,1.895396111111097
AP2-SGF-1SP-2BSP,桁架码垛,自动分拣N21,295.3377744317014,296.5077744317014,1.170000000000016
A03S-1296,天车空驶（胎架到原料区）,天车,100.39291545210567,108.39291545210567,8.0
A03S-1296,天车吊运（原料区到胎架）,天车,108.39291545210567,111.39291545210567,3.0
AP2-F2-3S-4BS,分拣,自动分拣N51,153.3464656057696,154.9264656057696,1.5800000000000125
AP2-F2-3S-4BS,自动打磨,自动打磨N51,154.9264656057696,156.48208346291247,1.5556178571428632
AP2-F2-3S-4BS,桁架码垛,自动分拣N51,156.48208346291247,157.65208346291246,1.1699999999999875
AP2-FB-2P-6BP,分拣,自动分拣N51,157.65208346291246,159.23208346291247,1.5800000000000125
AP2-FB-2P-6BP,自动打磨,自动打磨N51,159.23208346291247,160.54744497084897,1.315361507936501
AP2-FB-2P-6BP,桁架码垛,自动分拣N51,160.54744497084897,161.71744497084896,1.1699999999999875
AP2-FB-3S-7BS,分拣,自动分拣N51,161.71744497084896,163.29744497084897,1.5800000000000125
AP2-FB-3S-7BS,自动打磨,自动打磨N51,163.29744497084897,164.61905786767437,1.3216128968253997
AP2-FB-3S-7BS,桁架码垛,自动分拣N51,164.61905786767437,165.78905786767436,1.1699999999999875
AP2-FC-1B1P-1P,分拣,自动分拣N51,165.78905786767436,167.36905786767437,1.5800000000000125
AP2-FC-1B1P-1P,自动打磨,自动打磨N51,167.36905786767437,168.68346084386485,1.314402976190479
AP2-FC-1B1P-1P,桁架码垛,自动分拣N51,168.68346084386485,169.85346084386484,1.1699999999999875
AP2-FC-1B2S-1S,分拣,自动分拣N51,169.85346084386484,171.43346084386485,1.5800000000000125
AP2-FC-1B2S-1S,自动打磨,自动打磨N51,171.43346084386485,172.63849695497595,1.2050361111110988
AP2-FC-1B2S-1S,桁架码垛,自动分拣N51,172.63849695497595,173.80849695497594,1.1699999999999875
AP2-G1-1B1P-1P,分拣,自动分拣N51,173.80849695497594,175.38849695497595,1.5800000000000125
AP2-G1-1B1P-1P,自动打磨,自动打磨N51,175.38849695497595,176.59353306608705,1.2050361111110988
AP2-G1-1B1P-1P,桁架码垛,自动分拣N51,176.59353306608705,177.76353306608704,1.1699999999999875
AP2-G1-1B2S-1S,分拣,自动分拣N51,177.76353306608704,179.34353306608705,1.5800000000000125
AP2-G1-1B2S-1S,自动打磨,自动打磨N51,179.34353306608705,180.54856917719815,1.2050361111110988
AP2-G1-1B2S-1S,桁架码垛,自动分拣N51,180.54856917719815,181.71856917719813,1.1699999999999875
AP2-G1-2B1P-1P,分拣,自动分拣N51,181.71856917719813,183.29856917719815,1.5800000000000125
AP2-G1-2B1P-1P,自动打磨,自动打磨N51,183.29856917719815,184.50360528830925,1.2050361111110988
AP2-G1-2B1P-1P,桁架码垛,自动分拣N51,184.50360528830925,185.67360528830923,1.1699999999999875
AP2-G1-2B2S-1S,分拣,自动分拣N51,185.67360528830923,187.25360528830925,1.5800000000000125
AP2-G1-2B2S-1S,自动打磨,自动打磨N51,187.25360528830925,188.45864139942034,1.2050361111110988
AP2-G1-2B2S-1S,桁架码垛,自动分拣N51,188.45864139942034,189.62864139942033,1.1699999999999875
AP2-G3-1B1-1P,分拣,自动分拣N51,189.62864139942033,191.20864139942034,1.5800000000000125
AP2-G3-1B1-1P,自动打磨,自动打磨N51,191.20864139942034,192.41367751053144,1.2050361111110988
AP2-G3-1B1-1P,桁架码垛,自动分拣N51,192.41367751053144,193.58367751053143,1.1699999999999875
AP2-G3-1B1-1S,分拣,自动分拣N51,193.58367751053143,195.16367751053144,1.5800000000000125
AP2-G3-1B1-1S,自动打磨,自动打磨N51,195.16367751053144,196.36871362164254,1.2050361111110988
AP2-G3-1B1-1S,桁架码垛,自动分拣N51,196.36871362164254,197.53871362164253,1.1699999999999875
AP2-G3-2B1-1P,分拣,自动分拣N51,197.53871362164253,199.11871362164254,1.5800000000000125
AP2-G3-2B1-1P,自动打磨,自动打磨N51,199.11871362164254,200.32374973275364,1.2050361111110988
AP2-G3-2B1-1P,桁架码垛,自动分拣N51,200.32374973275364,201.49374973275363,1.1699999999999875
AP2-G3-2B1-1S,分拣,自动分拣N51,201.49374973275363,203.07374973275364,1.5800000000000125
AP2-G3-2B1-1S,自动打磨,自动打磨N51,203.07374973275364,204.27878584386474,1.2050361111110988
AP2-G3-2B1-1S,桁架码垛,自动分拣N51,204.27878584386474,205.44878584386473,1.1699999999999875
AP2-G4-1B1-1P,分拣,自动分拣N51,205.44878584386473,207.02878584386474,1.5800000000000125
AP2-G4-1B1-1P,自动打磨,自动打磨N51,207.02878584386474,208.23382195497584,1.2050361111110988
AP2-G4-1B1-1P,桁架码垛,自动分拣N51,208.23382195497584,209.40382195497583,1.1699999999999875
AP2-G4-1B1-1S,分拣,自动分拣N51,209.40382195497583,210.98382195497584,1.5800000000000125
AP2-G4-1B1-1S,自动打磨,自动打磨N51,210.98382195497584,212.18885806608694,1.2050361111110988
AP2-G4-1B1-1S,桁架码垛,自动分拣N51,212.18885806608694,213.35885806608692,1.1699999999999875
AP2-G4-2B1-1P,分拣,自动分拣N51,213.35885806608692,214.93885806608694,1.5800000000000125
AP2-G4-2B1-1P,自动打磨,自动打磨N51,214.93885806608694,216.14389417719804,1.2050361111110988
AP2-G4-2B1-1P,桁架码垛,自动分拣N51,216.14389417719804,217.31389417719802,1.1699999999999875
AP2-G4-2B1-1S,分拣,自动分拣N51,217.31389417719802,218.89389417719804,1.5800000000000125
AP2-G4-2B1-1S,自动打磨,自动打磨N51,218.89389417719804,220.09893028830913,1.2050361111110988
AP2-G4-2B1-1S,桁架码垛,自动分拣N51,220.09893028830913,221.26893028830912,1.1699999999999875
AP2-G5-1B1-1P,分拣,自动分拣N51,221.26893028830912,222.84893028830913,1.5800000000000125
AP2-G5-1B1-1P,自动打磨,自动打磨N51,222.84893028830913,224.05396639942023,1.2050361111110988
AP2-G5-1B1-1P,桁架码垛,自动分拣N51,224.05396639942023,225.22396639942022,1.1699999999999875
AP2-G5-1B1-1S,分拣,自动分拣N51,225.22396639942022,226.80396639942023,1.5800000000000125
AP2-G5-1B1-1S,自动打磨,自动打磨N51,226.80396639942023,228.00900251053133,1.2050361111110988
AP2-G5-1B1-1S,桁架码垛,自动分拣N51,228.00900251053133,229.17900251053132,1.1699999999999875
AP2-G5-2B1-1P,分拣,自动分拣N51,229.17900251053132,230.75900251053133,1.5800000000000125
AP2-G5-2B1-1P,自动打磨,自动打磨N51,230.75900251053133,231.96403862164243,1.2050361111110988
AP2-G5-2B1-1P,桁架码垛,自动分拣N51,231.96403862164243,233.13403862164242,1.1699999999999875
AP2-G5-2B1-1S,分拣,自动分拣N51,233.13403862164242,234.71403862164243,1.5800000000000125
AP2-G5-2B1-1S,自动打磨,自动打磨N51,234.71403862164243,235.91907473275353,1.2050361111110988
AP2-G5-2B1-1S,桁架码垛,自动分拣N51,235.91907473275353,237.08907473275352,1.1699999999999875
AP2-SGF-1SP-4BSP,分拣,自动分拣N51,237.08907473275352,238.66907473275353,1.5800000000000125
AP2-SGF-1SP-4BSP,自动打磨,自动打磨N51,238.66907473275353,239.66907473275353,1.0
AP2-SGF-1SP-4BSP,桁架码垛,自动分拣N51,239.66907473275353,240.83907473275352,1.1699999999999875
A03S-1293,天车空驶（胎架到原料区）,天车,138.22377648385168,141.22377648385168,3.0
A03S-1293,天车吊运（原料区到胎架）,天车,141.22377648385168,144.22377648385168,3.0
AP2-F2-2P-3P,分拣,自动分拣N51,240.83907473275352,242.41907473275353,1.5800000000000125
AP2-F2-2P-3P,自动打磨,自动打磨N51,242.41907473275353,243.50521743116622,1.0861426984126865
AP2-F2-2P-3P,桁架码垛,自动分拣N51,243.50521743116622,244.6752174311662,1.1699999999999875
AP2-F2-3S-3S,分拣,自动分拣N51,244.6752174311662,246.25521743116622,1.5800000000000125
AP2-F2-3S-3S,自动打磨,自动打磨N51,246.25521743116622,247.68329457402336,1.4280771428571484
AP2-F2-3S-3S,桁架码垛,自动分拣N51,247.68329457402336,248.85329457402335,1.1699999999999875
AP2-F6-2P-3P,自由边打磨,人工打磨N51,197.005320025673,197.60104797439095,0.5957279487179505
A03S-1299,天车空驶（胎架到原料区）,天车,70.24044205228189,73.24044205228189,3.0
A03S-1299,天车吊运（原料区到胎架）,天车,73.24044205228189,76.24044205228189,3.0
AP2-F6-3S-3S,自由边打磨,人工打磨N51,197.60104797439095,198.12302576926274,0.5219777948717876
AP2-F0-1B3-1P,分拣,自动分拣N51,248.85329457402335,250.43329457402336,1.5800000000000125
AP2-F0-1B3-1P,自动打磨,自动打磨N51,250.43329457402336,251.51943727243605,1.0861426984126865
AP2-F0-1B3-1P,桁架码垛,自动分拣N51,251.51943727243605,252.68943727243604,1.1699999999999875
AP2-F0-1B3-1S,分拣,自动分拣N51,252.68943727243604,254.26943727243605,1.5800000000000125
AP2-F0-1B3-1S,自动打磨,自动打磨N51,254.26943727243605,256.0791339391027,1.809696666666639
AP2-F0-1B3-1S,桁架码垛,自动分拣N51,256.0791339391027,257.2491339391027,1.170000000000016
AP2-F3-1B3-1P,分拣,自动分拣N51,257.2491339391027,258.8291339391027,1.579999999999984
AP2-F3-1B3-1P,自动打磨,自动打磨N51,258.8291339391027,259.93210290735664,1.102968968253947
AP2-F3-1B3-1P,桁架码垛,自动分拣N51,259.93210290735664,261.10210290735665,1.170000000000016
AP2-F4-1B3-1S,分拣,自动分拣N51,261.10210290735665,262.68210290735664,1.579999999999984
AP2-F4-1B3-1S,自动打磨,自动打磨N51,262.68210290735664,264.6239367962455,1.9418338888888798
AP2-F4-1B3-1S,桁架码垛,自动分拣N51,264.6239367962455,265.79393679624553,1.170000000000016
AP2-FA-1B4-1P,分拣,自动分拣N51,265.79393679624553,267.3739367962455,1.579999999999984
AP2-FA-1B4-1P,自动打磨,自动打磨N51,267.3739367962455,270.5592541771979,3.1853173809523696
AP2-FA-1B4-1P,桁架码垛,自动分拣N51,270.5592541771979,271.7292541771979,1.170000000000016
AP2-FA-1B4-1S,分拣,自动分拣N51,271.7292541771979,273.3092541771979,1.579999999999984
AP2-FA-1B4-1S,自动打磨,自动打磨N51,273.3092541771979,276.4007594946582,3.091505317460303
AP2-FA-1B4-1S,桁架码垛,自动分拣N51,276.4007594946582,277.5707594946582,1.170000000000016
A03S-1293切割后的大件,天车吊运（胎架到成品区）,天车,198.12302576926274,203.12302576926274,5.0
AP2-G2-1B2-1S,分拣,自动分拣N21,296.5077744317014,298.0877744317014,1.579999999999984
AP2-G2-1B2-1S,自动打磨,自动打磨N21,298.0877744317014,299.4617737967808,1.373999365079385
AP2-G2-1B2-1S,桁架码垛,自动分拣N21,299.4617737967808,300.6317737967808,1.170000000000016
AP2-G3-4B3-1S,分拣,自动分拣N21,300.6317737967808,302.2117737967808,1.579999999999984
AP2-G3-4B3-1S,自动打磨,自动打磨N21,302.2117737967808,305.3504692729713,3.1386954761904917
AP2-G3-4B3-1S,桁架码垛,自动分拣N21,305.3504692729713,306.5204692729713,1.170000000000016
AP2-G4-4B3-1P,分拣,自动分拣N21,306.5204692729713,308.1004692729713,1.579999999999984
AP2-G4-4B3-1P,自动打磨,自动打磨N21,308.1004692729713,311.1196609396379,3.019191666666643
AP2-G4-4B3-1P,桁架码垛,自动分拣N21,311.1196609396379,312.28966093963794,1.170000000000016
AP2-G4-4B3-1S,分拣,自动分拣N21,312.28966093963794,313.8696609396379,1.579999999999984
AP2-G4-4B3-1S,自动打磨,自动打磨N21,313.8696609396379,315.2436603047173,1.373999365079385
AP2-G4-4B3-1S,桁架码垛,自动分拣N21,315.2436603047173,316.4136603047173,1.170000000000016
AP2-G5-4B3-1P,分拣,自动分拣N21,316.4136603047173,317.9936603047173,1.579999999999984
AP2-G5-4B3-1P,自动打磨,自动打磨N21,317.9936603047173,321.0332956221776,3.039635317460295
AP2-G5-4B3-1P,桁架码垛,自动分拣N21,321.0332956221776,322.2032956221776,1.170000000000016
AP2-G5-4B3-1S,分拣,自动分拣N21,322.2032956221776,323.7832956221776,1.579999999999984
AP2-G5-4B3-1S,自动打磨,自动打磨N21,323.7832956221776,325.157294987257,1.373999365079385
AP2-G5-4B3-1S,桁架码垛,自动分拣N21,325.157294987257,326.327294987257,1.170000000000016
AP2-G2-1B1-1S,分拣,自动分拣N21,326.327294987257,327.907294987257,1.579999999999984
AP2-G2-1B1-1S,自动打磨,自动打磨N21,327.907294987257,329.2812943523364,1.373999365079385
AP2-G2-1B1-1S,桁架码垛,自动分拣N21,329.2812943523364,330.4512943523364,1.170000000000016
AP2-G3-4B4-1S,分拣,自动分拣N21,330.4512943523364,332.0312943523364,1.579999999999984
AP2-G3-4B4-1S,自动打磨,自动打磨N21,332.0312943523364,333.40529371741576,1.373999365079385
AP2-G3-4B4-1S,桁架码垛,自动分拣N21,333.40529371741576,334.5752937174158,1.170000000000016
AP2-G3-4B5-1S,分拣,自动分拣N21,334.5752937174158,336.15529371741576,1.579999999999984
AP2-G3-4B5-1S,自动打磨,自动打磨N21,336.15529371741576,339.16328911424114,3.007995396825379
AP2-G3-4B5-1S,桁架码垛,自动分拣N21,339.16328911424114,340.33328911424115,1.170000000000016
AP2-G4-4B1-1S,分拣,自动分拣N21,340.33328911424115,341.91328911424114,1.579999999999984
AP2-G4-4B1-1S,自动打磨,自动打磨N21,341.91328911424114,343.2872884793205,1.373999365079385
AP2-G4-4B1-1S,桁架码垛,自动分拣N21,343.2872884793205,344.45728847932054,1.170000000000016
AP2-G4-4B2-1P,分拣,自动分拣N21,344.45728847932054,346.0372884793205,1.579999999999984
AP2-G4-4B2-1P,自动打磨,自动打磨N21,346.0372884793205,349.04528395551097,3.0079954761904446
AP2-G4-4B2-1P,桁架码垛,自动分拣N21,349.04528395551097,350.215283955511,1.170000000000016
AP2-G4-4B2-1S,分拣,自动分拣N21,350.215283955511,351.79528395551097,1.579999999999984
AP2-G4-4B2-1S,自动打磨,自动打磨N21,351.79528395551097,353.16928332059035,1.373999365079385
AP2-G4-4B2-1S,桁架码垛,自动分拣N21,353.16928332059035,354.33928332059037,1.170000000000016
AP2-G5-4B1-1P,分拣,自动分拣N21,354.33928332059037,355.91928332059035,1.579999999999984
AP2-G5-4B1-1P,自动打磨,自动打磨N21,355.91928332059035,358.9384750666221,3.0191917460317654
AP2-G5-4B1-1P,桁架码垛,自动分拣N21,358.9384750666221,360.10847506662213,1.170000000000016
AP2-G5-4B1-1S,分拣,自动分拣N21,360.10847506662213,361.6884750666221,1.579999999999984
AP2-G5-4B1-1S,自动打磨,自动打磨N21,361.6884750666221,364.72811030471735,3.0396352380952294
AP2-G5-4B1-1S,桁架码垛,自动分拣N21,364.72811030471735,365.89811030471736,1.170000000000016
AP2-G5-4B2-1P,分拣,自动分拣N21,365.89811030471736,367.47811030471735,1.579999999999984
AP2-G5-4B2-1P,自动打磨,自动打磨N21,367.47811030471735,368.85210966979673,1.373999365079385
AP2-G5-4B2-1P,桁架码垛,自动分拣N21,368.85210966979673,370.02210966979675,1.170000000000016
AP2-G5-4B2-1S,分拣,自动分拣N21,370.02210966979675,371.60210966979673,1.579999999999984
AP2-G5-4B2-1S,自动打磨,自动打磨N21,371.60210966979673,372.9761090348761,1.373999365079385
AP2-G5-4B2-1S,桁架码垛,自动分拣N21,372.9761090348761,374.14610903487613,1.170000000000016
AP2-G2-4S-1S,分拣,自动分拣N21,374.14610903487613,375.7261090348761,1.579999999999984
AP2-G2-4S-1S,自动打磨,自动打磨N21,375.7261090348761,378.3214095904317,2.595300555555582
AP2-G2-4S-1S,桁架码垛,自动分拣N21,378.3214095904317,379.4914095904317,1.170000000000016
AP2-G2-4S-2S,分拣,自动分拣N21,379.4914095904317,381.0714095904317,1.579999999999984
AP2-G2-4S-2S,自动打磨,自动打磨N21,381.0714095904317,382.4454089555111,1.373999365079385
AP2-G2-4S-2S,桁架码垛,自动分拣N21,382.4454089555111,383.6154089555111,1.170000000000016
AP2-G2-4S-3S,自由边打磨,人工打磨N21,196.04964373429416,197.43156999070442,1.381926256410253
AP2-G2-1B2-1P,分拣,自动分拣N21,383.6154089555111,385.1954089555111,1.579999999999984
AP2-G2-1B2-1P,自动打磨,自动打磨N21,385.1954089555111,387.79070959043173,2.5953006349206476
AP2-G2-1B2-1P,桁架码垛,自动分拣N21,387.79070959043173,388.96070959043175,1.170000000000016
AP2-G3-4B3-1P,分拣,自动分拣N21,388.96070959043175,390.54070959043173,1.579999999999984
AP2-G3-4B3-1P,自动打磨,自动打磨N21,390.54070959043173,391.9147089555111,1.373999365079385
AP2-G3-4B3-1P,桁架码垛,自动分拣N21,391.9147089555111,393.08470895551113,1.170000000000016
A03S-1299切割后的大件,天车空驶（成品区到胎架）,天车,203.12302576926274,208.12302576926274,5.0
A03S-1299切割后的大件,天车吊运（胎架到成品区）,天车,208.12302576926274,213.12302576926274,5.0
A03S-1286,天车空驶（胎架到原料区）,天车,229.83907473275352,237.83907473275352,8.0
A03S-1286,天车吊运（原料区到胎架）,天车,237.83907473275352,240.83907473275352,3.0
AP2-FA-2SP-1SP,自由边打磨,人工打磨N51,296.5781658477805,297.0564739503446,0.4783081025640854
A03S-1295,天车空驶（胎架到原料区）,天车,290.5077744317014,293.5077744317014,3.0
A03S-1295,天车吊运（原料区到胎架）,天车,293.5077744317014,296.5077744317014,3.0
AP2-MG-2SP-1SP,分拣,自动分拣N51,296.5781658477805,298.1581658477805,1.579999999999984
AP2-MG-2SP-1SP,自动打磨,自动打磨N51,298.1581658477805,300.23154322873285,2.0733773809523655
AP2-MG-2SP-1SP,桁架码垛,自动分拣N51,300.23154322873285,301.40154322873286,1.170000000000016
AP2-MG-4SP-1SP,分拣,自动分拣N51,301.40154322873286,302.98154322873285,1.579999999999984
AP2-MG-4SP-1SP,自动打磨,自动打磨N51,302.98154322873285,305.0849718795265,2.10342865079366
AP2-MG-4SP-1SP,桁架码垛,自动分拣N51,305.0849718795265,306.2549718795265,1.170000000000016
AP2-MG-5SP-1SP,分拣,自动分拣N51,306.2549718795265,307.8349718795265,1.579999999999984
AP2-MG-5SP-1SP,自动打磨,自动打磨N51,307.8349718795265,309.93844116524076,2.1034692857142545
AP2-MG-5SP-1SP,桁架码垛,自动分拣N51,309.93844116524076,311.1084411652408,1.170000000000016
AP2-MG-8SP-1SP,分拣,自动分拣N51,311.1084411652408,312.68844116524076,1.579999999999984
AP2-MG-8SP-1SP,自动打磨,自动打磨N51,312.68844116524076,314.1165183080979,1.4280771428571484
AP2-MG-8SP-1SP,桁架码垛,自动分拣N51,314.1165183080979,315.2865183080979,1.170000000000016
AP2-SGF-1SP-28BSP,分拣,自动分拣N51,315.2865183080979,316.8665183080979,1.579999999999984
AP2-SGF-1SP-28BSP,自动打磨,自动打磨N51,316.8665183080979,318.44173005412966,1.575211746031755
AP2-SGF-1SP-28BSP,桁架码垛,自动分拣N51,318.44173005412966,319.6117300541297,1.170000000000016
AP2-SGF-1SP-29BSP,分拣,自动分拣N51,319.6117300541297,321.19173005412966,1.579999999999984
AP2-SGF-1SP-29BSP,自动打磨,自动打磨N51,321.19173005412966,322.83483092714556,1.6431008730158965
AP2-SGF-1SP-29BSP,桁架码垛,自动分拣N51,322.83483092714556,324.0048309271456,1.170000000000016
AP2-F0-2-1P,分拣,自动分拣N51,324.0048309271456,325.58483092714556,1.579999999999984
AP2-F0-2-1P,自动打磨,自动打磨N51,325.58483092714556,327.21445989539956,1.6296289682539964
AP2-F0-2-1P,桁架码垛,自动分拣N51,327.21445989539956,328.3844598953996,1.170000000000016
AP2-F0-2-1S,分拣,自动分拣N51,328.3844598953996,329.96445989539956,1.579999999999984
AP2-F0-2-1S,自动打磨,自动打磨N51,329.96445989539956,332.0731342604789,2.1086743650793665
AP2-F0-2-1S,桁架码垛,自动分拣N51,332.0731342604789,333.24313426047894,1.170000000000016
AP2-F0-3-1P,分拣,自动分拣N51,333.24313426047894,334.8231342604789,1.579999999999984
AP2-F0-3-1P,自动打磨,自动打磨N51,334.8231342604789,336.4361008477805,1.612966587301571
AP2-F0-3-1P,桁架码垛,自动分拣N51,336.4361008477805,337.6061008477805,1.170000000000016
AP2-F0-3-1S,分拣,自动分拣N51,337.6061008477805,339.1861008477805,1.579999999999984
AP2-F0-3-1S,自动打磨,自动打磨N51,339.1861008477805,340.7990446573043,1.6129438095238129
AP2-F0-3-1S,桁架码垛,自动分拣N51,340.7990446573043,341.9690446573043,1.170000000000016
AP2-FA-1B3W-1P,分拣,自动分拣N51,341.9690446573043,343.5490446573043,1.579999999999984
AP2-FA-1B3W-1P,自动打磨,自动打磨N51,343.5490446573043,345.228848387463,1.67980373015871
AP2-FA-1B3W-1P,桁架码垛,自动分拣N51,345.228848387463,346.39884838746303,1.170000000000016
AP2-FA-1B3W-1S,分拣,自动分拣N51,346.39884838746303,347.978848387463,1.579999999999984
AP2-FA-1B3W-1S,自动打磨,自动打磨N51,347.978848387463,349.7165679906376,1.7377196031745825
AP2-FA-1B3W-1S,桁架码垛,自动分拣N51,349.7165679906376,350.8865679906376,1.170000000000016
AP2-FA-3K-1P,分拣,自动分拣N51,350.8865679906376,352.4665679906376,1.579999999999984
AP2-FA-3K-1P,自动打磨,自动打磨N51,352.4665679906376,354.23116656206616,1.7645985714285644
AP2-FA-3K-1P,桁架码垛,自动分拣N51,354.23116656206616,355.4011665620662,1.170000000000016
AP2-FA-3K-1S,分拣,自动分拣N51,355.4011665620662,356.98116656206616,1.579999999999984
AP2-FA-3K-1S,自动打磨,自动打磨N51,356.98116656206616,358.74576172079634,1.7645951587301738
AP2-FA-3K-1S,桁架码垛,自动分拣N51,358.74576172079634,359.91576172079635,1.170000000000016
AP2-SGF-1SP-5BSP,分拣,自动分拣N51,359.91576172079635,361.49576172079634,1.579999999999984
AP2-SGF-1SP-5BSP,自动打磨,自动打磨N51,361.49576172079634,362.9535649747646,1.4578032539682795
AP2-SGF-1SP-5BSP,桁架码垛,自动分拣N51,362.9535649747646,364.12356497476463,1.170000000000016
AP2-SGF-1SP-6BSP,分拣,自动分拣N51,364.12356497476463,365.7035649747646,1.579999999999984
AP2-SGF-1SP-6BSP,自动打磨,自动打磨N51,365.7035649747646,367.44637251444715,1.7428075396825307
AP2-SGF-1SP-6BSP,桁架码垛,自动分拣N51,367.44637251444715,368.61637251444716,1.170000000000016
AP2-SGF-1SP-7BSP,分拣,自动分拣N51,368.61637251444716,370.19637251444715,1.579999999999984
AP2-SGF-1SP-7BSP,自动打磨,自动打磨N51,370.19637251444715,372.30621243508205,2.1098399206348972
AP2-SGF-1SP-7BSP,桁架码垛,自动分拣N51,372.30621243508205,373.47621243508206,1.170000000000016
AP2-SGF-1SP-8BSP,分拣,自动分拣N51,373.47621243508206,375.05621243508205,1.579999999999984
AP2-SGF-1SP-8BSP,自动打磨,自动打磨N51,375.05621243508205,376.79899132397094,1.7427788888888927
AP2-SGF-1SP-8BSP,桁架码垛,自动分拣N51,376.79899132397094,377.96899132397095,1.170000000000016
A03S-1286切割后的大件,天车吊运（胎架到坡口区）,天车,297.0564739503446,300.0564739503446,3.0
AP2-FA-2SP-1SP,人工坡口,人工坡口1,300.0564739503446,321.3404699503446,21.283996000000002
A03S-1286切割后的大件,天车吊运（坡口区到成品区）,天车,321.3404699503446,326.3404699503446,5.0
AP2-F2-2P-8BP,分拣,自动分拣N21,393.08470895551113,394.6647089555111,1.579999999999984
AP2-F2-2P-8BP,自动打磨,自动打磨N21,394.6647089555111,395.8697450666222,1.2050361111110988
AP2-F2-2P-8BP,桁架码垛,自动分拣N21,395.8697450666222,397.03974506662223,1.170000000000016
AP2-F2-3S-7BS,分拣,自动分拣N21,397.03974506662223,398.6197450666222,1.579999999999984
AP2-F2-3S-7BS,自动打磨,自动打磨N21,398.6197450666222,400.62883752693966,2.009092460317447
AP2-F2-3S-7BS,桁架码垛,自动分拣N21,400.62883752693966,401.7988375269397,1.170000000000016
AP2-F2-3S-8BS,分拣,自动分拣N21,401.7988375269397,402.7988375269397,1.0
AP2-F6-2P-1BP,分拣,自动分拣N21,402.7988375269397,404.37883752693966,1.579999999999984
AP2-F6-2P-1BP,自动打磨,自动打磨N21,404.37883752693966,405.58387363805076,1.2050361111110988
AP2-F6-2P-1BP,桁架码垛,自动分拣N21,405.58387363805076,406.7538736380508,1.170000000000016
AP2-F6-2P-1P,自由边打磨,人工打磨N21,344.4836645557291,345.1438733249599,0.6602087692307919
A03S-1288,天车空驶（胎架到原料区）,天车,266.5707594946582,274.5707594946582,8.0
A03S-1288,天车吊运（原料区到胎架）,天车,274.5707594946582,277.5707594946582,3.0
AP2-F6-3S-1S,自由边打磨,人工打磨N21,345.1438733249599,345.7963898377804,0.6525165128205117
AP2-F6-3S-6BS,分拣,自动分拣N21,406.7538736380508,408.33387363805076,1.579999999999984
AP2-F6-3S-6BS,自动打磨,自动打磨N21,408.33387363805076,409.53890974916186,1.2050361111110988
AP2-F6-3S-6BS,桁架码垛,自动分拣N21,409.53890974916186,410.7089097491619,1.170000000000016
AP2-F6-3S-7BS,分拣,自动分拣N21,410.7089097491619,412.28890974916186,1.579999999999984
AP2-F6-3S-7BS,自动打磨,自动打磨N21,412.28890974916186,414.72061871741585,2.431708968253986
AP2-F6-3S-7BS,桁架码垛,自动分拣N21,414.72061871741585,415.89061871741586,1.170000000000016
AP2-FB-2P-9BP,分拣,自动分拣N21,415.89061871741586,417.47061871741585,1.579999999999984
AP2-FB-2P-9BP,自动打磨,自动打磨N21,417.47061871741585,419.4782697491619,2.007651031746036
AP2-FB-2P-9BP,桁架码垛,自动分拣N21,419.4782697491619,420.6482697491619,1.170000000000016
AP2-FB-3S-14BS,分拣,自动分拣N21,420.6482697491619,422.2282697491619,1.579999999999984
AP2-FB-3S-14BS,自动打磨,自动打磨N21,422.2282697491619,424.06933339995555,1.8410636507936715
AP2-FB-3S-14BS,桁架码垛,自动分拣N21,424.06933339995555,425.23933339995557,1.170000000000016
AP2-FB-3S-15BS,分拣,自动分拣N21,425.23933339995557,426.81933339995555,1.579999999999984
AP2-FB-3S-15BS,自动打磨,自动打磨N21,426.81933339995555,429.25104236820954,2.431708968253986
AP2-FB-3S-15BS,桁架码垛,自动分拣N21,429.25104236820954,430.42104236820956,1.170000000000016
AP2-FB-3S-16BS,分拣,自动分拣N21,430.42104236820956,432.00104236820954,1.579999999999984
AP2-FB-3S-16BS,自动打磨,自动打磨N21,432.00104236820954,434.0216752253524,2.020632857142857
AP2-FB-3S-16BS,桁架码垛,自动分拣N21,434.0216752253524,435.1916752253524,1.170000000000016
AP2-F3-1B3-1S,分拣,自动分拣N21,435.1916752253524,436.7716752253524,1.579999999999984
AP2-F3-1B3-1S,自动打磨,自动打磨N21,436.7716752253524,438.77947379678096,2.007798571428566
AP2-F3-1B3-1S,桁架码垛,自动分拣N21,438.77947379678096,439.949473796781,1.170000000000016
AP2-FC-1B3-1P,分拣,自动分拣N21,439.949473796781,441.52947379678096,1.579999999999984
AP2-FC-1B3-1P,自动打磨,自动打磨N21,441.52947379678096,445.79796570154286,4.268491904761902
AP2-FC-1B3-1P,桁架码垛,自动分拣N21,445.79796570154286,446.9679657015429,1.170000000000016
AP2-FC-1B3-1S,分拣,自动分拣N21,446.9679657015429,448.54796570154286,1.579999999999984
AP2-FC-1B3-1S,自动打磨,自动打磨N21,448.54796570154286,450.24346657455874,1.6955008730158738
AP2-FC-1B3-1S,桁架码垛,自动分拣N21,450.24346657455874,451.41346657455875,1.170000000000016
AP2-G2-3B1-1S,分拣,自动分拣N21,451.41346657455875,452.99346657455874,1.579999999999984
AP2-G2-3B1-1S,自动打磨,自动打磨N21,452.99346657455874,455.0012190348762,2.0077524603174766
AP2-G2-3B1-1S,桁架码垛,自动分拣N21,455.0012190348762,456.17121903487623,1.170000000000016
A03S-1295切割后的大件,天车吊运（胎架到成品区）,天车,345.7963898377804,350.7963898377804,5.0
AP2-FB-1SP-1SP,自由边打磨,人工打磨N51,354.8943227148361,355.21789845842585,0.3235757435897426
AP2-G2-1P-1P,自由边打磨,人工打磨N51,355.21789845842585,355.5414740994515,0.3235756410256272
AP2-MG-1SP-1P,自由边打磨,人工打磨N51,355.5414740994515,355.5971354840669,0.05566138461540504
A03S-1288切割后的大件,天车空驶（成品区到胎架）,天车,350.7963898377804,355.7963898377804,5.0
A03S-1288切割后的大件,天车吊运（胎架到成品区）,天车,355.7963898377804,360.7963898377804,5.0
A03S-1301,天车空驶（胎架到原料区）,天车,382.08470895551113,390.08470895551113,8.0
A03S-1301,天车吊运（原料区到胎架）,天车,390.08470895551113,393.08470895551113,3.0
AP2-AG-1-1P,自由边打磨,人工打磨N21,443.1783971443216,443.4200582725267,0.24166112820512353
A03S-1300,天车空驶（胎架到原料区）,天车,360.7963898377804,363.7963898377804,3.0
A03S-1300,天车吊运（原料区到胎架）,天车,363.7963898377804,366.7963898377804,3.0
AP2-G3-6S-1S,分拣,自动分拣N21,456.17121903487623,457.17121903487623,1.0
A03S-1301切割后的大件,天车吊运（胎架到成品区）,天车,443.4200582725267,448.4200582725267,5.0
AP2-AG-1-2P,自由边打磨,人工打磨N51,428.5965248369182,429.6273308882003,1.0308060512820703
AP2-AG-1-2S,自由边打磨,人工打磨N51,429.6273308882003,430.65813693948235,1.0308060512820703
A03S-1300切割后的大件,天车空驶（成品区到胎架）,天车,425.65813693948235,430.65813693948235,5.0
A03S-1300切割后的大件,天车吊运（胎架到成品区）,天车,430.65813693948235,435.65813693948235,5.0
A03S-1277,天车空驶（胎架到原料区）,天车,448.4200582725267,456.4200582725267,8.0
A03S-1277,天车吊运（原料区到胎架）,天车,456.4200582725267,459.4200582725267,3.0
AP2-G2-4B1S-1S,分拣,自动分拣N21,531.2163743776689,532.7963743776689,1.580000000000041
AP2-G2-4B1S-1S,自动打磨,自动打磨N21,532.7963743776689,535.338155409415,2.5417810317460408
AP2-G2-4B1S-1S,桁架码垛,自动分拣N21,535.338155409415,536.5081554094149,1.169999999999959
AP2-G4-4B4-1P,分拣,自动分拣N21,536.5081554094149,538.088155409415,1.580000000000041
AP2-G4-4B4-1P,自动打磨,自动打磨N21,538.088155409415,540.9687116792562,2.880556269841236
AP2-G4-4B4-1P,桁架码垛,自动分拣N21,540.9687116792562,542.1387116792562,1.169999999999959
AP2-G4-4B4-1S,分拣,自动分拣N21,542.1387116792562,543.7187116792562,1.580000000000041
AP2-G4-4B4-1S,自动打磨,自动打磨N21,543.7187116792562,546.5992680284626,2.8805563492063584
AP2-G4-4B4-1S,桁架码垛,自动分拣N21,546.5992680284626,547.7692680284625,1.169999999999959
AP2-G5-4B4-1P,分拣,自动分拣N21,547.7692680284625,549.3492680284626,1.580000000000041
AP2-G5-4B4-1P,自动打磨,自动打磨N21,549.3492680284626,550.7391398538595,1.389871825396881
AP2-G5-4B4-1P,桁架码垛,自动分拣N21,550.7391398538595,551.9091398538594,1.169999999999959
AP2-G5-4B4-1S,分拣,自动分拣N21,551.9091398538594,553.4891398538595,1.580000000000041
AP2-G5-4B4-1S,自动打磨,自动打磨N21,553.4891398538595,555.0077906475102,1.5186507936507496
AP2-G5-4B4-1S,桁架码垛,自动分拣N21,555.0077906475102,556.1777906475102,1.169999999999959
AP2-SGF-1SP-10SP,自由边打磨,人工打磨N21,531.2163743776689,531.468291557156,0.25191717948712267
A03S-1285,天车空驶（胎架到原料区）,天车,371.96899132397095,374.96899132397095,3.0
A03S-1285,天车吊运（原料区到胎架）,天车,374.96899132397095,377.96899132397095,3.0
AP2-SGF-1SP-1SP,自由边打磨,人工打磨N21,531.468291557156,531.8034197622842,0.33512820512817143
A03S-1277切割后的大件,天车吊运（胎架到成品区）,天车,531.8034197622842,536.8034197622842,5.0
AP2-F2-2P-6BP,分拣,自动分拣N51,509.44534994041203,511.025349940412,1.579999999999984
AP2-F2-2P-6BP,自动打磨,自动打磨N51,511.025349940412,512.7706941467612,1.7453442063492162
AP2-F2-2P-6BP,桁架码垛,自动分拣N51,512.7706941467612,513.9406941467612,1.169999999999959
AP2-F6-2P-8BP,分拣,自动分拣N51,513.9406941467612,515.5206941467612,1.580000000000041
AP2-F6-2P-8BP,自动打磨,自动打磨N51,515.5206941467612,517.2660381943803,1.745344047619028
AP2-F6-2P-8BP,桁架码垛,自动分拣N51,517.2660381943803,518.4360381943802,1.169999999999959
AP2-F6-3S-8BS,分拣,自动分拣N51,518.4360381943802,520.0160381943803,1.580000000000041
AP2-F6-3S-8BS,自动打磨,自动打磨N51,520.0160381943803,521.102180892793,1.0861426984126865
AP2-F6-3S-8BS,桁架码垛,自动分拣N51,521.102180892793,522.2721808927929,1.169999999999959
TA10-G13-1B1-1P,分拣,自动分拣N51,522.2721808927929,523.852180892793,1.580000000000041
TA10-G13-1B1-1P,自动打磨,自动打磨N51,523.852180892793,525.1851174800945,1.3329365873015604
TA10-G13-1B1-1P,桁架码垛,自动分拣N51,525.1851174800945,526.3551174800945,1.169999999999959
TA10-G13-1B1-1S,分拣,自动分拣N51,526.3551174800945,527.9351174800945,1.580000000000041
TA10-G13-1B1-1S,自动打磨,自动打磨N51,527.9351174800945,529.5471840673961,1.6120665873015696
TA10-G13-1B1-1S,桁架码垛,自动分拣N51,529.5471840673961,530.717184067396,1.169999999999959
AP2-AE-1SP-1SP,自由边打磨,人工打磨N51,509.44534994041203,509.9301706070787,0.48482066666667833
A03S-1283,天车空驶（胎架到原料区）,天车,459.4200582725267,467.4200582725267,8.0
A03S-1283,天车吊运（原料区到胎架）,天车,467.4200582725267,470.4200582725267,3.0
AP2-F2-3S-6BS,分拣,自动分拣N51,530.717184067396,532.2971840673961,1.580000000000041
AP2-F2-3S-6BS,自动打磨,自动打磨N51,532.2971840673961,534.0475017658088,1.7503176984126867
AP2-F2-3S-6BS,桁架码垛,自动分拣N51,534.0475017658088,535.2175017658087,1.169999999999959
AP2-F6-2P-9BP,分拣,自动分拣N51,535.2175017658087,536.7975017658088,1.580000000000041
AP2-F6-2P-9BP,自动打磨,自动打磨N51,536.7975017658088,538.3573593848564,1.5598576190476479
AP2-F6-2P-9BP,桁架码垛,自动分拣N51,538.3573593848564,539.5273593848564,1.169999999999959
A03S-1285切割后的大件,天车吊运（胎架到成品区）,天车,509.9301706070787,514.9301706070787,5.0
AP2-F1-1SP-1SP,自由边打磨,人工打磨N21,615.2333868770426,616.2296146719143,0.9962277948717428
A03S-1305,天车空驶（胎架到原料区）,天车,470.4200582725267,478.4200582725267,8.0
A03S-1305,天车吊运（原料区到胎架）,天车,478.4200582725267,481.4200582725267,3.0
AP2-F2-4SP-1SP,分拣,自动分拣N21,615.2333868770426,616.8133868770426,1.580000000000041
AP2-F2-4SP-1SP,自动打磨,自动打磨N21,616.8133868770426,618.1008237818045,1.2874369047618757
AP2-F2-4SP-1SP,桁架码垛,自动分拣N21,618.1008237818045,619.2708237818044,1.169999999999959
AP2-F3-2SP-1SP,分拣,自动分拣N21,619.2708237818044,620.2708237818044,1.0
AP2-F2-1-2P,自由边打磨,人工打磨N21,616.2296146719143,616.898562364222,0.6689476923077109
AP2-F2-1-2S,自由边打磨,人工打磨N21,616.898562364222,617.5675100565297,0.6689476923077109
A03S-1283切割后的大件,天车吊运（胎架到坡口区）,天车,617.5675100565297,620.5675100565297,3.0
AP2-F1-1SP-1SP,人工坡口,人工坡口1,620.5675100565297,683.3622980565298,62.79478800000004
AP2-F2-1-2P,人工坡口,人工坡口1,683.3622980565298,690.1658260565298,6.803528000000028
AP2-F2-1-2S,人工坡口,人工坡口1,690.1658260565298,696.9893540565298,6.82352800000001
A03S-1283切割后的大件,天车吊运（坡口区到成品区）,天车,696.9893540565298,701.9893540565298,5.0
AP2-F8-2-1S,分拣,自动分拣N51,547.7278930424708,549.3078930424708,1.580000000000041
AP2-F8-2-1S,自动打磨,自动打磨N51,549.3078930424708,552.210028201201,2.902135158730175
AP2-F8-2-1S,桁架码垛,自动分拣N51,552.210028201201,553.380028201201,1.169999999999959
TA10-CG-1-1P,自由边打磨,人工打磨N51,547.7278930424708,549.3826060681118,1.6547130256410583
TA10-CG-1-1S,自由边打磨,人工打磨N51,549.3826060681118,550.6116780681118,1.2290719999999737
AP2-G2-1B1-1P,分拣,自动分拣N51,553.380028201201,554.960028201201,1.580000000000041
AP2-G2-1B1-1P,自动打磨,自动打磨N51,554.960028201201,556.4833452646931,1.5233170634920725
AP2-G2-1B1-1P,桁架码垛,自动分拣N51,556.4833452646931,557.653345264693,1.169999999999959
AP2-G3-4B4-1P,分拣,自动分拣N51,557.653345264693,559.2333452646931,1.580000000000041
AP2-G3-4B4-1P,自动打磨,自动打磨N51,559.2333452646931,560.6713954234232,1.4380501587301069
AP2-G3-4B4-1P,桁架码垛,自动分拣N51,560.6713954234232,561.8413954234231,1.169999999999959
AP2-G3-4B5-1P,分拣,自动分拣N51,561.8413954234231,563.4213954234232,1.580000000000041
AP2-G3-4B5-1P,自动打磨,自动打磨N51,563.4213954234232,564.9447116138994,1.52331619047618
AP2-G3-4B5-1P,桁架码垛,自动分拣N51,564.9447116138994,566.1147116138993,1.169999999999959
AP2-G4-4B1-1P,分拣,自动分拣N51,566.1147116138993,567.6947116138994,1.580000000000041
AP2-G4-4B1-1P,自动打磨,自动打磨N51,567.6947116138994,569.1327617726295,1.4380501587301069
AP2-G4-4B1-1P,桁架码垛,自动分拣N51,569.1327617726295,570.3027617726294,1.169999999999959
AP2-AE-1B5-1P,分拣,自动分拣N51,570.3027617726294,571.8827617726295,1.580000000000041
AP2-AE-1B5-1P,自动打磨,自动打磨N51,571.8827617726295,574.7848970107246,2.902135238095184
AP2-AE-1B5-1P,桁架码垛,自动分拣N51,574.7848970107246,575.9548970107246,1.169999999999959
AP2-AE-1B5-1S,分拣,自动分拣N51,575.9548970107246,577.5348970107246,1.580000000000041
AP2-AE-1B5-1S,自动打磨,自动打磨N51,577.5348970107246,580.4370321694548,2.902135158730175
AP2-AE-1B5-1S,桁架码垛,自动分拣N51,580.4370321694548,581.6070321694548,1.169999999999959
TA10-F6-1SP-5SP,分拣,自动分拣N51,581.6070321694548,583.1870321694548,1.580000000000041
TA10-F6-1SP-5SP,自动打磨,自动打磨N51,583.1870321694548,584.7242605027882,1.5372283333333598
TA10-F6-1SP-5SP,桁架码垛,自动分拣N51,584.7242605027882,585.8942605027881,1.169999999999959
A03S-1305切割后的大件,天车空驶（成品区到胎架）,天车,545.6116780681118,550.6116780681118,5.0
A03S-1305切割后的大件,天车吊运（胎架到成品区）,天车,550.6116780681118,555.6116780681118,5.0
A03S-1292,天车空驶（胎架到原料区）,天车,555.6116780681118,563.6116780681118,8.0
A03S-1292,天车吊运（原料区到胎架）,天车,563.6116780681118,566.6116780681118,3.0
AP2-F2-2P-2BP,分拣,自动分拣N21,741.1867159095116,742.7667159095116,1.580000000000041
AP2-F2-2P-2BP,自动打磨,自动打磨N21,742.7667159095116,744.8713110682418,2.104595158730149
AP2-F2-2P-2BP,桁架码垛,自动分拣N21,744.8713110682418,746.0413110682417,1.169999999999959
AP2-F2-2P-2P,自由边打磨,人工打磨N21,741.1867159095116,741.6573317043834,0.4706157948718328
A03S-1294,天车空驶（胎架到原料区）,天车,536.8034197622842,539.8034197622842,3.0
A03S-1294,天车吊运（原料区到胎架）,天车,539.8034197622842,542.8034197622842,3.0
AP2-F2-3S-2BS,分拣,自动分拣N21,746.0413110682417,747.6213110682418,1.580000000000041
AP2-F2-3S-2BS,自动打磨,自动打磨N21,747.6213110682418,749.3618785285593,1.740567460317493
AP2-F2-3S-2BS,桁架码垛,自动分拣N21,749.3618785285593,750.5318785285592,1.169999999999959
AP2-F2-3S-2S,自由边打磨,人工打磨N21,741.6573317043834,742.1417044736141,0.48437276923073114
AP2-F2-3S-3BS,分拣,自动分拣N21,750.5318785285592,752.1118785285593,1.580000000000041
AP2-F2-3S-3BS,自动打磨,自动打磨N21,752.1118785285593,753.7886744015751,1.6767958730158625
AP2-F2-3S-3BS,桁架码垛,自动分拣N21,753.7886744015751,754.9586744015751,1.169999999999959
AP2-F6-2P-3BP,分拣,自动分拣N21,754.9586744015751,756.5386744015751,1.580000000000041
AP2-F6-2P-3BP,自动打磨,自动打磨N21,756.5386744015751,758.1863729730037,1.6476985714285775
AP2-F6-2P-3BP,桁架码垛,自动分拣N21,758.1863729730037,759.3563729730037,1.169999999999959
AP2-F6-2P-5BP,分拣,自动分拣N21,759.3563729730037,760.9363729730037,1.580000000000041
AP2-F6-2P-5BP,自动打磨,自动打磨N21,760.9363729730037,762.4445878936386,1.5082149206349413
AP2-F6-2P-5BP,桁架码垛,自动分拣N21,762.4445878936386,763.6145878936386,1.169999999999959
AP2-F6-3S-1BS,分拣,自动分拣N21,763.6145878936386,765.1945878936386,1.580000000000041
AP2-F6-3S-1BS,自动打磨,自动打磨N21,765.1945878936386,767.2174984491942,2.0229105555555407
AP2-F6-3S-1BS,桁架码垛,自动分拣N21,767.2174984491942,768.3874984491941,1.169999999999959
AP2-F6-3S-2BS,分拣,自动分拣N21,768.3874984491941,769.3874984491941,1.0
AP2-F6-3S-3BS,分拣,自动分拣N21,769.3874984491941,770.9674984491942,1.580000000000041
AP2-F6-3S-3BS,自动打磨,自动打磨N21,770.9674984491942,772.0536411476069,1.0861426984126865
AP2-F6-3S-3BS,桁架码垛,自动分拣N21,772.0536411476069,773.2236411476068,1.169999999999959
AP2-F6-3S-5BS,分拣,自动分拣N21,773.2236411476068,774.8036411476069,1.580000000000041
AP2-F6-3S-5BS,自动打磨,自动打磨N21,774.8036411476069,776.8265517825275,2.022910634920663
AP2-F6-3S-5BS,桁架码垛,自动分拣N21,776.8265517825275,777.9965517825275,1.169999999999959
AP2-FB-2P-1P,自由边打磨,人工打磨N21,742.1417044736141,742.906972319768,0.7652678461538471
AP2-FB-2P-3BP,分拣,自动分拣N21,777.9965517825275,779.5765517825275,1.580000000000041
AP2-FB-2P-3BP,自动打磨,自动打磨N21,779.5765517825275,781.31711932221,1.7405675396825018
AP2-FB-2P-3BP,桁架码垛,自动分拣N21,781.31711932221,782.48711932221,1.169999999999959
AP2-FB-2P-4BP,分拣,自动分拣N21,782.48711932221,784.06711932221,1.580000000000041
AP2-FB-2P-4BP,自动打磨,自动打磨N21,784.06711932221,785.8005090047498,1.7333896825397233
AP2-FB-2P-4BP,桁架码垛,自动分拣N21,785.8005090047498,786.9705090047497,1.169999999999959
AP2-FB-3S-1S,自由边打磨,人工打磨N21,742.906972319768,743.3378939607936,0.430921641025634
AP2-FB-3S-5BS,分拣,自动分拣N21,786.9705090047497,788.5505090047498,1.580000000000041
AP2-FB-3S-5BS,自动打磨,自动打磨N21,788.5505090047498,790.5029708301466,1.952461825396881
AP2-FB-3S-5BS,桁架码垛,自动分拣N21,790.5029708301466,791.6729708301466,1.169999999999959
AP2-MG-6SP-1SP,分拣,自动分拣N21,791.6729708301466,793.2529708301466,1.580000000000041
AP2-MG-6SP-1SP,自动打磨,自动打磨N21,793.2529708301466,794.6126426555435,1.3596718253968447
AP2-MG-6SP-1SP,桁架至坡口工作站,自动分拣N21,794.6126426555435,795.7793426555435,1.1666999999999916
AP2-MG-7SP-1SP,分拣,自动分拣N21,795.7793426555435,797.3593426555435,1.580000000000041
AP2-MG-7SP-1SP,自动打磨,自动打磨N21,797.3593426555435,798.4454854333213,1.086142777777809
AP2-MG-7SP-1SP,桁架至坡口工作站,自动分拣N21,798.4454854333213,799.6121854333213,1.1666999999999916
AP2-AE-1B3-1S,分拣,自动分拣N21,799.6121854333213,801.1921854333214,1.580000000000041
AP2-AE-1B3-1S,自动打磨,自动打磨N21,801.1921854333214,803.3765544809404,2.184369047619043
AP2-AE-1B3-1S,桁架码垛,自动分拣N21,803.3765544809404,804.5465544809404,1.169999999999959
AP2-AE-1B4-1S,分拣,自动分拣N21,804.5465544809404,806.1265544809404,1.580000000000041
AP2-AE-1B4-1S,自动打磨,自动打磨N21,806.1265544809404,808.2580897984008,2.1315353174603615
AP2-AE-1B4-1S,桁架码垛,自动分拣N21,808.2580897984008,809.4280897984007,1.169999999999959
AP2-F5-1B2S-1S,分拣,自动分拣N21,809.4280897984007,811.0080897984008,1.580000000000041
AP2-F5-1B2S-1S,自动打磨,自动打磨N21,811.0080897984008,812.6878936079246,1.6798038095238326
AP2-F5-1B2S-1S,桁架码垛,自动分拣N21,812.6878936079246,813.8578936079246,1.169999999999959
AP2-FB-3S-9BS,分拣,自动分拣N21,813.8578936079246,815.4378936079246,1.580000000000041
AP2-FB-3S-9BS,自动打磨,自动打磨N21,815.4378936079246,816.796447973004,1.3585543650793852
AP2-FB-3S-9BS,桁架码垛,自动分拣N21,816.796447973004,817.9664479730039,1.169999999999959
AP2-G2-3B1-1P,分拣,自动分拣N21,817.9664479730039,819.546447973004,1.580000000000041
AP2-G2-3B1-1P,自动打磨,自动打磨N21,819.546447973004,821.7820728936389,2.235624920634905
AP2-G2-3B1-1P,桁架码垛,自动分拣N21,821.7820728936389,822.9520728936388,1.169999999999959
TA10-F9-1SP-2SP,分拣,自动分拣N21,822.9520728936388,824.5320728936389,1.580000000000041
TA10-F9-1SP-2SP,自动打磨,自动打磨N21,824.5320728936389,826.2654626555436,1.733389761904732
TA10-F9-1SP-2SP,桁架码垛,自动分拣N21,826.2654626555436,827.4354626555436,1.169999999999959
A03S-1292切割后的大件,天车吊运（胎架到成品区）,天车,743.3378939607936,748.3378939607936,5.0
AP2-AG-1-3BS,分拣,自动分拣N51,736.0098842607938,737.5898842607938,1.580000000000041
AP2-AG-1-3BS,自动打磨,自动打磨N51,737.5898842607938,738.6760269592065,1.0861426984126865
AP2-AG-1-3BS,桁架码垛,自动分拣N51,738.6760269592065,739.8460269592065,1.169999999999959
AP2-CG-1-1P,自由边打磨,人工打磨N51,736.0098842607938,737.376228465922,1.3663442051282573
A03S-1303,天车空驶（胎架到原料区）,天车,620.5675100565297,628.5675100565297,8.0
A03S-1303,天车吊运（原料区到胎架）,天车,628.5675100565297,631.5675100565297,3.0
AP2-CG-1-1S,自由边打磨,人工打磨N51,737.376228465922,738.7425726710503,1.3663442051282573
AP2-F2-2P-1BP,分拣,自动分拣N51,739.8460269592065,741.4260269592065,1.580000000000041
AP2-F2-2P-1BP,自动打磨,自动打磨N51,741.4260269592065,743.4465391020636,2.0205121428571147
AP2-F2-2P-1BP,桁架码垛,自动分拣N51,743.4465391020636,744.6165391020636,1.169999999999959
AP2-F2-2P-1P,自由边打磨,人工打磨N51,738.7425726710503,740.0592805684862,1.3167078974358901
AP2-F2-2P-3BP,分拣,自动分拣N51,744.6165391020636,746.1965391020636,1.580000000000041
AP2-F2-2P-3BP,自动打磨,自动打磨N51,746.1965391020636,748.62896545127,2.4324263492063665
AP2-F2-2P-3BP,桁架码垛,自动分拣N51,748.62896545127,749.79896545127,1.169999999999959
AP2-F2-2P-4BP,分拣,自动分拣N51,749.79896545127,751.37896545127,1.580000000000041
AP2-F2-2P-4BP,自动打磨,自动打磨N51,751.37896545127,754.4046668798414,3.0257014285714376
AP2-F2-2P-4BP,桁架码垛,自动分拣N51,754.4046668798414,755.5746668798414,1.169999999999959
AP2-F2-3S-1BS,分拣,自动分拣N51,755.5746668798414,757.1546668798414,1.580000000000041
AP2-F2-3S-1BS,自动打磨,自动打磨N51,757.1546668798414,759.1622542607938,2.0075873809523728
AP2-F2-3S-1BS,桁架码垛,自动分拣N51,759.1622542607938,760.3322542607938,1.169999999999959
AP2-F2-3S-1S,自由边打磨,人工打磨N51,740.0592805684862,741.37598841464,1.316707846153804
AP2-F6-2P-2P,自由边打磨,人工打磨N51,741.37598841464,742.2770557479733,0.9010673333333443
AP2-F6-2P-4BP,分拣,自动分拣N51,760.3322542607938,761.9122542607938,1.580000000000041
AP2-F6-2P-4BP,自动打磨,自动打磨N51,761.9122542607938,763.9208729909526,2.008618730158787
AP2-F6-2P-4BP,桁架码垛,自动分拣N51,763.9208729909526,765.0908729909526,1.169999999999959
AP2-F6-2P-4P,自由边打磨,人工打磨N51,742.2770557479733,743.2235297992554,0.9464740512820526
AP2-F6-2P-6BP,分拣,自动分拣N51,765.0908729909526,766.6708729909526,1.580000000000041
AP2-F6-2P-6BP,自动打磨,自动打磨N51,766.6708729909526,769.1020862449209,2.4312132539682807
AP2-F6-2P-6BP,桁架码垛,自动分拣N51,769.1020862449209,770.2720862449208,1.169999999999959
AP2-F6-3S-10BS,分拣,自动分拣N51,770.2720862449208,771.8520862449209,1.580000000000041
AP2-F6-3S-10BS,自动打磨,自动打磨N51,771.8520862449209,773.655341403651,1.8032551587301668
AP2-F6-3S-10BS,桁架码垛,自动分拣N51,773.655341403651,774.825341403651,1.169999999999959
AP2-F6-3S-2S,自由边打磨,人工打磨N51,743.2235297992554,744.1483137992554,0.9247840000000451
AP2-F6-3S-4S,自由边打磨,人工打磨N51,744.1483137992554,745.0583800556657,0.9100662564102322
AP2-F7-2-1P,分拣,自动分拣N51,774.825341403651,776.405341403651,1.580000000000041
AP2-F7-2-1P,自动打磨,自动打磨N51,776.405341403651,778.7998501338097,2.394508730158691
AP2-F7-2-1P,桁架码垛,自动分拣N51,778.7998501338097,779.9698501338097,1.169999999999959
AP2-F7-2-1S,分拣,自动分拣N51,779.9698501338097,781.5498501338097,1.580000000000041
AP2-F7-2-1S,自动打磨,自动打磨N51,781.5498501338097,784.66443045127,3.114580317460309
AP2-F7-2-1S,桁架码垛,自动分拣N51,784.66443045127,785.83443045127,1.169999999999959
AP2-F8-1B1-1S,分拣,自动分拣N51,785.83443045127,787.41443045127,1.580000000000041
AP2-F8-1B1-1S,自动打磨,自动打磨N51,787.41443045127,789.1437955306351,1.7293650793650386
AP2-F8-1B1-1S,桁架码垛,自动分拣N51,789.1437955306351,790.313795530635,1.169999999999959
AP2-F8-2-1P,分拣,自动分拣N51,790.313795530635,791.8937955306351,1.580000000000041
AP2-F8-2-1P,自动打磨,自动打磨N51,791.8937955306351,794.0222698957144,2.1284743650793416
AP2-F8-2-1P,桁架码垛,自动分拣N51,794.0222698957144,795.1922698957144,1.169999999999959
AP2-FB-2P-11BP,分拣,自动分拣N51,795.1922698957144,796.7722698957144,1.580000000000041
AP2-FB-2P-11BP,自动打磨,自动打磨N51,796.7722698957144,799.8868502131747,3.114580317460309
AP2-FB-2P-11BP,桁架码垛,自动分拣N51,799.8868502131747,801.0568502131747,1.169999999999959
AP2-FB-2P-2BP,分拣,自动分拣N51,801.0568502131747,802.6368502131747,1.580000000000041
AP2-FB-2P-2BP,自动打磨,自动打磨N51,802.6368502131747,804.130299498889,1.4934492857142914
AP2-FB-2P-2BP,桁架码垛,自动分拣N51,804.130299498889,805.300299498889,1.169999999999959
AP2-FB-2P-5BP,分拣,自动分拣N51,805.300299498889,806.880299498889,1.580000000000041
AP2-FB-2P-5BP,自动打磨,自动打磨N51,806.880299498889,809.1159688639684,2.2356693650793886
AP2-FB-2P-5BP,桁架码垛,自动分拣N51,809.1159688639684,810.2859688639684,1.169999999999959
AP2-FB-3S-12BS,分拣,自动分拣N51,810.2859688639684,811.8659688639684,1.580000000000041
AP2-FB-3S-12BS,自动打磨,自动打磨N51,811.8659688639684,813.8855834671431,2.0196146031746594
AP2-FB-3S-12BS,桁架码垛,自动分拣N51,813.8855834671431,815.055583467143,1.169999999999959
AP2-FB-3S-13BS,分拣,自动分拣N51,815.055583467143,816.6355834671431,1.580000000000041
AP2-FB-3S-13BS,自动打磨,自动打磨N51,816.6355834671431,819.0680096576193,2.432426190476235
AP2-FB-3S-13BS,桁架码垛,自动分拣N51,819.0680096576193,820.2380096576193,1.169999999999959
AP2-FB-3S-4BS,分拣,自动分拣N51,820.2380096576193,821.8180096576193,1.580000000000041
AP2-FB-3S-4BS,自动打磨,自动打磨N51,821.8180096576193,823.8707498163494,2.052740158730103
AP2-FB-3S-4BS,桁架码垛,自动分拣N51,823.8707498163494,825.0407498163494,1.169999999999959
AP2-FB-3S-8BS,分拣,自动分拣N51,825.0407498163494,826.6207498163494,1.580000000000041
AP2-FB-3S-8BS,自动打磨,自动打磨N51,826.6207498163494,828.6044768004764,1.9837269841269745
AP2-FB-3S-8BS,桁架码垛,自动分拣N51,828.6044768004764,829.7744768004764,1.169999999999959
AP2-AE-1B1-1P,分拣,自动分拣N51,829.7744768004764,831.3544768004764,1.580000000000041
AP2-AE-1B1-1P,自动打磨,自动打磨N51,831.3544768004764,833.3768007687304,2.0223239682539997
AP2-AE-1B1-1P,桁架码垛,自动分拣N51,833.3768007687304,834.5468007687303,1.169999999999959
AP2-AE-1B1-1S,分拣,自动分拣N51,834.5468007687303,836.1268007687304,1.580000000000041
AP2-AE-1B1-1S,自动打磨,自动打磨N51,836.1268007687304,838.1448720385716,2.0180712698412435
AP2-AE-1B1-1S,桁架码垛,自动分拣N51,838.1448720385716,839.3148720385716,1.169999999999959
AP2-AE-1B2-1P,分拣,自动分拣N51,839.3148720385716,840.8948720385716,1.580000000000041
AP2-AE-1B2-1P,自动打磨,自动打磨N51,840.8948720385716,842.3883211655558,1.49344912698416
AP2-AE-1B2-1P,桁架码垛,自动分拣N51,842.3883211655558,843.5583211655558,1.169999999999959
AP2-AE-1B2-1S,分拣,自动分拣N51,843.5583211655558,845.1383211655558,1.580000000000041
AP2-AE-1B2-1S,自动打磨,自动打磨N51,845.1383211655558,847.1563921973018,2.01807103174599
AP2-AE-1B2-1S,桁架码垛,自动分拣N51,847.1563921973018,848.3263921973017,1.169999999999959
AP2-AE-1B3-1P,分拣,自动分拣N51,848.3263921973017,849.9063921973018,1.580000000000041
AP2-AE-1B3-1P,自动打磨,自动打磨N51,849.9063921973018,852.0045346576193,2.09814246031749
AP2-AE-1B3-1P,桁架码垛,自动分拣N51,852.0045346576193,853.1745346576192,1.169999999999959
AP2-AE-1B4-1P,分拣,自动分拣N51,853.1745346576192,854.7545346576193,1.580000000000041
AP2-AE-1B4-1P,自动打磨,自动打磨N51,854.7545346576193,856.8041764830161,2.0496418253968613
AP2-AE-1B4-1P,桁架码垛,自动分拣N51,856.8041764830161,857.9741764830161,1.169999999999959
AP2-F3-1B2S-1S,分拣,自动分拣N51,857.9741764830161,859.5541764830161,1.580000000000041
AP2-F3-1B2S-1S,自动打磨,自动打磨N51,859.5541764830161,861.5610552925399,2.006878809523755
AP2-F3-1B2S-1S,桁架码垛,自动分拣N51,861.5610552925399,862.7310552925398,1.169999999999959
AP2-F4-1B2S-1S,分拣,自动分拣N51,862.7310552925398,864.3110552925399,1.580000000000041
AP2-F4-1B2S-1S,自动打磨,自动打磨N51,864.3110552925399,866.0064632290479,1.6954079365079906
AP2-F4-1B2S-1S,桁架码垛,自动分拣N51,866.0064632290479,867.1764632290478,1.169999999999959
AP2-F4-1B3-1P,分拣,自动分拣N51,867.1764632290478,868.7564632290479,1.580000000000041
AP2-F4-1B3-1P,自动打磨,自动打磨N51,868.7564632290479,870.778787356032,2.022324126984131
AP2-F4-1B3-1P,桁架码垛,自动分拣N51,870.778787356032,871.948787356032,1.169999999999959
AP2-F9-1B2S-1S,分拣,自动分拣N51,871.948787356032,873.528787356032,1.580000000000041
AP2-F9-1B2S-1S,自动打磨,自动打磨N51,873.528787356032,875.4616760068257,1.9328886507936431
AP2-F9-1B2S-1S,桁架码垛,自动分拣N51,875.4616760068257,876.6316760068256,1.169999999999959
AP2-FC-1B4P-1P,分拣,自动分拣N51,876.6316760068256,878.2116760068257,1.580000000000041
AP2-FC-1B4P-1P,自动打磨,自动打磨N51,878.2116760068257,880.2204087052384,2.0087326984127003
AP2-FC-1B4P-1P,桁架码垛,自动分拣N51,880.2204087052384,881.3904087052383,1.169999999999959
A03S-1294切割后的大件,天车吊运（胎架到成品区）,天车,748.3378939607936,753.3378939607936,5.0
AP2-G3-3-1P,自由边打磨,人工打磨N21,793.9314558455153,794.3542046660281,0.42274882051276563
AP2-G3-3-1S,自由边打磨,人工打磨N21,794.3542046660281,794.7769534865408,0.42274882051276563
AP2-G4-4-1P,自由边打磨,人工打磨N21,794.7769534865408,796.3978752301306,1.6209217435897472
AP2-G4-4-1S,自由边打磨,人工打磨N21,796.3978752301306,798.0187970762844,1.6209218461538057
AP2-G5-3-1P,自由边打磨,人工打磨N21,798.0187970762844,799.6735101019254,1.6547130256410583
AP2-G5-3-1S,自由边打磨,人工打磨N21,799.6735101019254,800.4581254865408,0.7846153846153356
A03S-1303切割后的大件,天车空驶（成品区到胎架）,天车,795.4581254865408,800.4581254865408,5.0
A03S-1303切割后的大件,天车吊运（胎架到成品区）,天车,800.4581254865408,805.4581254865408,5.0
A03S-1284,天车空驶（胎架到原料区）,天车,805.4581254865408,813.4581254865408,8.0
A03S-1284,天车吊运（原料区到胎架）,天车,813.4581254865408,816.4581254865408,3.0
A03S-1289,天车空驶（胎架到原料区）,天车,579.8942605027881,582.8942605027881,3.0
A03S-1289,天车吊运（原料区到胎架）,天车,582.8942605027881,585.8942605027881,3.0
AP2-F3-1-2S,自由边打磨,人工打磨N21,909.4454051450209,910.182873145021,0.7374680000000353
A03S-1284切割后的大件,天车吊运（胎架到坡口区）,天车,910.182873145021,913.182873145021,3.0
AP2-F3-1-2P,人工坡口,人工坡口1,913.182873145021,918.0273571450209,4.844483999999966
AP2-F3-1-2S,人工坡口,人工坡口1,918.0273571450209,922.8718411450209,4.844483999999966
AP2-F4-1-2P,人工坡口,人工坡口1,922.8718411450209,928.5362731450209,5.664432000000033
AP2-F4-1-2S,人工坡口,人工坡口1,928.5362731450209,934.200705145021,5.664432000000033
A03S-1284切割后的大件,天车吊运（坡口区到成品区）,天车,934.200705145021,939.200705145021,5.0
AP2-F0-1-1P,自由边打磨,人工打磨N51,832.8917742146688,832.9474356505663,0.055661435897491174
A03S-1290,天车空驶（胎架到原料区）,天车,816.4581254865408,824.4581254865408,8.0
A03S-1290,天车吊运（原料区到胎架）,天车,824.4581254865408,827.4581254865408,3.0
AP2-F0-1-1S,自由边打磨,人工打磨N51,832.9474356505663,833.4543138556945,0.5068782051282597
AP2-F1-2-1P,自由边打磨,人工打磨N51,833.4543138556945,834.147895342874,0.6935814871794719
AP2-F1-2-1S,自由边打磨,人工打磨N51,834.147895342874,834.573655291592,0.42575994871799594
A03S-1289切割后的大件,天车吊运（胎架到成品区）,天车,834.573655291592,839.573655291592,5.0
AP2-F3-1-1P,自由边打磨,人工打磨N21,1010.3538090140855,1010.6507530653676,0.2969440512820256
A03S-1291,天车空驶（胎架到原料区）,天车,839.573655291592,847.573655291592,8.0
A03S-1291,天车吊运（原料区到胎架）,天车,847.573655291592,850.573655291592,3.0
AP2-F3-1-1S,自由边打磨,人工打磨N21,1010.6507530653676,1010.9497992192137,0.29904615384612043
AP2-F4-1-1P,自由边打磨,人工打磨N21,1010.9497992192137,1011.4932556294701,0.5434564102564536
AP2-F4-1-1S,自由边打磨,人工打磨N21,1011.4932556294701,1012.1707523474189,0.6774967179487703
A03S-1290切割后的大件,天车吊运（胎架到成品区）,天车,1012.1707523474189,1017.1707523474189,5.0
AP2-F2-1-1P,自由边打磨,人工打磨N51,951.5464911477354,952.7928196092739,1.2463284615384964
A03S-1302,天车空驶（胎架到原料区）,天车,913.182873145021,921.182873145021,8.0
A03S-1302,天车吊运（原料区到胎架）,天车,921.182873145021,924.182873145021,3.0
AP2-F2-1-1S,自由边打磨,人工打磨N51,952.7928196092739,953.422883660556,0.6300640512820337
AP2-FA-1-1P,自由边打磨,人工打磨N51,953.422883660556,954.1142776092739,0.6913939487179732
AP2-FA-1-1S,自由边打磨,人工打磨N51,954.1142776092739,954.7872254041457,0.6729477948717886
TA10-T10-1B4S-1S,分拣,自动分拣N51,951.5464911477354,953.1264911477355,1.580000000000041
TA10-T10-1B4S-1S,自动打磨,自动打磨N51,953.1264911477355,954.4845951159895,1.3581039682539995
TA10-T10-1B4S-1S,桁架码垛,自动分拣N51,954.4845951159895,955.6545951159894,1.169999999999959
A03S-1291切割后的大件,天车吊运（胎架到成品区）,天车,954.7872254041457,959.7872254041457,5.0
A03S-1251,天车空驶（胎架到原料区）,天车,870.3904087052383,878.3904087052383,8.0
A03S-1251,天车吊运（原料区到胎架）,天车,878.3904087052383,881.3904087052383,3.0
AP2-G2-3-1S,自由边打磨,人工打磨N21,1146.0987472149673,1146.7181227021467,0.6193754871794681
AP2-G4-3-1S,自由边打磨,人工打磨N21,1146.7181227021467,1147.3766048559928,0.6584821538460801
AP2-G5-1-1P,自由边打磨,人工打磨N21,1147.3766048559928,1148.0273913175313,0.6507864615384733
AP2-G5-1-1S,自由边打磨,人工打磨N21,1148.0273913175313,1148.6467668047108,0.6193754871794681
AP2-G5-2-1P,自由边打磨,人工打磨N21,1148.6467668047108,1150.1632668559928,1.516500051282037
AP2-G5-2-1S,自由边打磨,人工打磨N21,1150.1632668559928,1151.679767112403,1.5165002564101542
A03S-1302切割后的大件,天车吊运（胎架到成品区）,天车,1151.679767112403,1156.679767112403,5.0
AP2-JMG-650P,自由边打磨,人工打磨N51,1004.5207052563526,1004.8859477178911,0.36524246153851436
T63S-4089,天车空驶（胎架到原料区）,天车,959.7872254041457,967.7872254041457,8.0
T63S-4089,天车吊运（原料区到胎架）,天车,967.7872254041457,970.7872254041457,3.0
AP2-JMG-650S,自由边打磨,人工打磨N51,1004.8859477178911,1005.4285684358398,0.5426207179486937
A03S-1251切割后的大件,天车吊运（胎架到坡口区）,天车,1005.4285684358398,1008.4285684358398,3.0
AP2-JMG-650P,人工坡口,人工坡口1,1008.4285684358398,1043.9413364358397,35.51276799999994
AP2-JMG-650S,人工坡口,人工坡口1,1043.9413364358397,1079.4541044358398,35.51276800000005
A03S-1251切割后的大件,天车吊运（坡口区到成品区）,天车,1079.4541044358398,1084.4541044358398,5.0
STA238FC-F240-1SP-4SP,分拣,自动分拣N51,1023.8588618324617,1025.4388618324617,1.580000000000041
STA238FC-F240-1SP-4SP,自动打磨,自动打磨N51,1025.4388618324617,1026.4388618324617,1.0
STA238FC-F240-1SP-4SP,桁架码垛,自动分拣N51,1026.4388618324617,1027.6088618324618,1.1700000000000728
STA238FC-F240-1SP-6SP,分拣,自动分拣N51,1027.6088618324618,1029.1888618324617,1.5799999999999272
STA238FC-F240-1SP-6SP,自动打磨,自动打磨N51,1029.1888618324617,1030.1888618324617,1.0
STA238FC-F240-1SP-6SP,桁架码垛,自动分拣N51,1030.1888618324617,1031.3588618324618,1.1700000000000728
STA238FC-F240-3-1P,分拣,自动分拣N51,1031.3588618324618,1032.9388618324617,1.5799999999999272
STA238FC-F240-3-1P,自动打磨,自动打磨N51,1032.9388618324617,1033.9388618324617,1.0
STA238FC-F240-3-1P,桁架码垛,自动分拣N51,1033.9388618324617,1035.1088618324618,1.1700000000000728
STA238FC-F240-3-1S,分拣,自动分拣N51,1035.1088618324618,1036.6888618324617,1.5799999999999272
STA238FC-F240-3-1S,自动打磨,自动打磨N51,1036.6888618324617,1037.6888618324617,1.0
STA238FC-F240-3-1S,桁架码垛,自动分拣N51,1037.6888618324617,1038.8588618324618,1.1700000000000728
STA238FC-F240-4P-1P,分拣,自动分拣N51,1038.8588618324618,1040.4388618324617,1.5799999999999272
STA238FC-F240-4P-1P,自动打磨,自动打磨N51,1040.4388618324617,1041.4388618324617,1.0
STA238FC-F240-4P-1P,桁架码垛,自动分拣N51,1041.4388618324617,1042.6088618324618,1.1700000000000728
T63S-4097,天车空驶（胎架到原料区）,天车,1017.1707523474189,1025.1707523474188,7.999999999999886
T63S-4097,天车吊运（原料区到胎架）,天车,1025.1707523474188,1028.1707523474188,3.0
STA238FC-P1-1B1-1P,分拣,自动分拣N51,1051.5744894706543,1053.1544894706542,1.5799999999999272
STA238FC-P1-1B1-1P,自动打磨,自动打磨N51,1053.1544894706542,1055.5603889944637,2.4058995238094667
STA238FC-P1-1B1-1P,桁架码垛,自动分拣N51,1055.5603889944637,1056.7303889944637,1.1700000000000728
STA238FC-P1-1B1-1S,分拣,自动分拣N51,1056.7303889944637,1058.3103889944637,1.5799999999999272
STA238FC-P1-1B1-1S,自动打磨,自动打磨N51,1058.3103889944637,1060.7162885182731,2.4058995238094667
STA238FC-P1-1B1-1S,桁架码垛,自动分拣N51,1060.7162885182731,1061.8862885182732,1.1700000000000728
STA238FC-P1-1B2-1P,分拣,自动分拣N51,1061.8862885182732,1063.4662885182731,1.5799999999999272
STA238FC-P1-1B2-1P,自动打磨,自动打磨N51,1063.4662885182731,1065.3048185976381,1.8385300793650003
STA238FC-P1-1B2-1P,桁架码垛,自动分拣N51,1065.3048185976381,1066.4748185976382,1.1700000000000728
STA238FC-P1-1B2-1S,分拣,自动分拣N51,1066.4748185976382,1068.0548185976381,1.5799999999999272
STA238FC-P1-1B2-1S,自动打磨,自动打磨N51,1068.0548185976381,1069.8933485976381,1.8385299999999916
STA238FC-P1-1B2-1S,桁架码垛,自动分拣N51,1069.8933485976381,1071.0633485976382,1.1700000000000728
STA238FC-P1-1-1P,分拣,自动分拣N51,1071.0633485976382,1072.6433485976381,1.5799999999999272
STA238FC-P1-1-1P,自动打磨,自动打磨N51,1072.6433485976381,1074.8618078833524,2.218459285714289
STA238FC-P1-1-1P,桁架码垛,自动分拣N51,1074.8618078833524,1076.0318078833525,1.1700000000000728
STA238FC-P1-1-1S,分拣,自动分拣N51,1076.0318078833525,1077.6118078833524,1.5799999999999272
STA238FC-P1-1-1S,自动打磨,自动打磨N51,1077.6118078833524,1079.8302671690667,2.218459285714289
STA238FC-P1-1-1S,桁架码垛,自动分拣N51,1079.8302671690667,1081.0002671690668,1.1700000000000728
STA238FC-P1-1F1-2P,分拣,自动分拣N51,1081.0002671690668,1082.5802671690667,1.5799999999999272
STA238FC-P1-1F1-2P,自动打磨,自动打磨N51,1082.5802671690667,1087.1340617722412,4.553794603174538
STA238FC-P1-1F1-2P,桁架码垛,自动分拣N51,1087.1340617722412,1088.3040617722413,1.1700000000000728
STA238FC-P1-1F1-2S,分拣,自动分拣N51,1088.3040617722413,1089.8840617722412,1.5799999999999272
STA238FC-P1-1F1-2S,自动打磨,自动打磨N51,1089.8840617722412,1094.4378563754158,4.553794603174538
STA238FC-P1-1F1-2S,桁架码垛,自动分拣N51,1094.4378563754158,1095.6078563754158,1.1700000000000728
T63S-4101,天车空驶（胎架到原料区）,天车,1036.6088618324618,1039.6088618324618,3.0
T63S-4101,天车吊运（原料区到胎架）,天车,1039.6088618324618,1042.6088618324618,3.0
STA238FC-F238-1SP-1BSP,分拣,自动分拣N51,1095.6078563754158,1097.1878563754158,1.5799999999999272
STA238FC-F238-1SP-1BSP,自动打磨,自动打磨N51,1097.1878563754158,1099.7385224071618,2.5506660317460046
STA238FC-F238-1SP-1BSP,桁架码垛,自动分拣N51,1099.7385224071618,1100.9085224071619,1.1700000000000728
STA238FC-F238-1SP-2BSP,分拣,自动分拣N51,1100.9085224071619,1102.4885224071618,1.5799999999999272
STA238FC-F238-1SP-2BSP,自动打磨,自动打磨N51,1102.4885224071618,1105.0391885182728,2.5506661111110134
STA238FC-F238-1SP-2BSP,桁架码垛,自动分拣N51,1105.0391885182728,1106.2091885182729,1.1700000000000728
STA238FC-F238-1SP-3BSP,分拣,自动分拣N51,1106.2091885182729,1107.7891885182728,1.5799999999999272
STA238FC-F238-1SP-3BSP,自动打磨,自动打磨N51,1107.7891885182728,1110.3398546293838,2.5506661111110134
STA238FC-F238-1SP-3BSP,桁架码垛,自动分拣N51,1110.3398546293838,1111.5098546293839,1.1700000000000728
STA238FC-F238-1SP-4BSP,分拣,自动分拣N51,1111.5098546293839,1113.0898546293838,1.5799999999999272
STA238FC-F238-1SP-4BSP,自动打磨,自动打磨N51,1113.0898546293838,1115.6405207404948,2.5506661111110134
STA238FC-F238-1SP-4BSP,桁架码垛,自动分拣N51,1115.6405207404948,1116.810520740495,1.1700000000000728
STA238FC-F240-1SP-1BSP,分拣,自动分拣N51,1116.810520740495,1118.3905207404948,1.5799999999999272
STA238FC-F240-1SP-1BSP,自动打磨,自动打磨N51,1118.3905207404948,1120.9411867722408,2.5506660317460046
STA238FC-F240-1SP-1BSP,桁架码垛,自动分拣N51,1120.9411867722408,1122.111186772241,1.1700000000000728
STA238FC-F240-1SP-2BSP,分拣,自动分拣N51,1122.111186772241,1123.6911867722408,1.5799999999999272
STA238FC-F240-1SP-2BSP,自动打磨,自动打磨N51,1123.6911867722408,1126.2418528833518,2.5506661111110134
STA238FC-F240-1SP-2BSP,桁架码垛,自动分拣N51,1126.2418528833518,1127.411852883352,1.1700000000000728
STA238FC-F240-1SP-3BSP,分拣,自动分拣N51,1127.411852883352,1128.9918528833518,1.5799999999999272
STA238FC-F240-1SP-3BSP,自动打磨,自动打磨N51,1128.9918528833518,1131.5425189150978,2.5506660317460046
STA238FC-F240-1SP-3BSP,桁架码垛,自动分拣N51,1131.5425189150978,1132.712518915098,1.1700000000000728
STA238FC-F240-1SP-4BSP,分拣,自动分拣N51,1132.712518915098,1134.2925189150978,1.5799999999999272
STA238FC-F240-1SP-4BSP,自动打磨,自动打磨N51,1134.2925189150978,1136.8431850262089,2.5506661111110134
STA238FC-F240-1SP-4BSP,桁架码垛,自动分拣N51,1136.8431850262089,1138.013185026209,1.1700000000000728
STA238FC-F240-1SP-5BSP,分拣,自动分拣N51,1138.013185026209,1139.5931850262089,1.5799999999999272
STA238FC-F240-1SP-5BSP,自动打磨,自动打磨N51,1139.5931850262089,1142.1240573277962,2.530872301587351
STA238FC-F240-1SP-5BSP,桁架码垛,自动分拣N51,1142.1240573277962,1143.2940573277963,1.1700000000000728
STA238FC-F240-1SP-6BSP,分拣,自动分拣N51,1143.2940573277963,1144.8740573277962,1.5799999999999272
STA238FC-F240-1SP-6BSP,自动打磨,自动打磨N51,1144.8740573277962,1147.4049297881136,2.5308724603173687
STA238FC-F240-1SP-6BSP,桁架码垛,自动分拣N51,1147.4049297881136,1148.5749297881136,1.1700000000000728
STA238FC-F240-1SP-7BSP,分拣,自动分拣N51,1148.5749297881136,1150.1549297881136,1.5799999999999272
STA238FC-F240-1SP-7BSP,自动打磨,自动打磨N51,1150.1549297881136,1152.685802089701,2.530872301587351
STA238FC-F240-1SP-7BSP,桁架码垛,自动分拣N51,1152.685802089701,1153.855802089701,1.1700000000000728
STA238FC-F240-1SP-8BSP,分拣,自动分拣N51,1153.855802089701,1155.435802089701,1.5799999999999272
STA238FC-F240-1SP-8BSP,自动打磨,自动打磨N51,1155.435802089701,1157.9666744706533,2.53087238095236
STA238FC-F240-1SP-8BSP,桁架码垛,自动分拣N51,1157.9666744706533,1159.1366744706534,1.1700000000000728
STA238FC-AG-1-1P,分拣,自动分拣N51,1159.1366744706534,1160.7166744706533,1.5799999999999272
STA238FC-AG-1-1P,自动打磨,自动打磨N51,1160.7166744706533,1163.2451109785898,2.528436507936476
STA238FC-AG-1-1P,桁架码垛,自动分拣N51,1163.2451109785898,1164.4151109785898,1.1700000000000728
STA238FC-AG-1-1S,分拣,自动分拣N51,1164.4151109785898,1165.9951109785898,1.5799999999999272
STA238FC-AG-1-1S,自动打磨,自动打磨N51,1165.9951109785898,1168.5235474865262,2.528436507936476
STA238FC-AG-1-1S,桁架码垛,自动分拣N51,1168.5235474865262,1169.6935474865263,1.1700000000000728
STA238FC-CG-1-1P,分拣,自动分拣N51,1169.6935474865263,1171.2735474865262,1.5799999999999272
STA238FC-CG-1-1P,自动打磨,自动打磨N51,1171.2735474865262,1173.8019839944627,2.528436507936476
STA238FC-CG-1-1P,桁架码垛,自动分拣N51,1173.8019839944627,1174.9719839944628,1.1700000000000728
STA238FC-CG-1-1S,分拣,自动分拣N51,1174.9719839944628,1176.5519839944627,1.5799999999999272
STA238FC-CG-1-1S,自动打磨,自动打磨N51,1176.5519839944627,1179.0804205023992,2.528436507936476
STA238FC-CG-1-1S,桁架码垛,自动分拣N51,1179.0804205023992,1180.2504205023993,1.1700000000000728
T63S-4102,天车空驶（胎架到原料区）,天车,1028.1707523474188,1031.1707523474188,3.0
T63S-4102,天车吊运（原料区到胎架）,天车,1031.1707523474188,1034.1707523474188,3.0
STA238FC-ADD-1SP-1SP,自由边打磨,人工打磨N21,1182.111902437161,1187.6732811038275,5.561378666666542
T63S-4099,天车空驶（胎架到原料区）,天车,1089.6078563754158,1092.6078563754158,3.0
T63S-4099,天车吊运（原料区到胎架）,天车,1092.6078563754158,1095.6078563754158,3.0
T63S-4102切割后的大件,天车吊运（胎架到成品区）,天车,1187.6732811038275,1192.6732811038275,5.0
STA238FC-F240-1SP-1SP,自由边打磨,人工打磨N51,1132.0535059315278,1133.0802814187073,1.0267754871795205
T63S-4099切割后的大件,天车空驶（成品区到胎架）,天车,1128.0802814187073,1133.0802814187073,5.0
T63S-4099切割后的大件,天车吊运（胎架到成品区）,天车,1133.0802814187073,1138.0802814187073,5.0
T63S-4098,天车空驶（胎架到原料区）,天车,1156.679767112403,1164.679767112403,8.0
T63S-4098,天车吊运（原料区到胎架）,天车,1164.679767112403,1167.679767112403,3.0
STA238FC-F238-1SP-1SP,自由边打磨,人工打磨N21,1218.5655194235096,1219.5922949106891,1.0267754871795205
T63S-4094,天车空驶（胎架到原料区）,天车,1138.0802814187073,1141.0802814187073,3.0
T63S-4094,天车吊运（原料区到胎架）,天车,1141.0802814187073,1144.0802814187073,3.0
T63S-4098切割后的大件,天车吊运（胎架到成品区）,天车,1219.5922949106891,1224.5922949106891,5.0
STA238FC-F240-1SP-2SP,分拣,自动分拣N51,1188.3834124984683,1189.9634124984682,1.5799999999999272
STA238FC-F240-1SP-2SP,自动打磨,自动打磨N51,1189.9634124984682,1191.277211307992,1.3137988095238597
STA238FC-F240-1SP-2SP,桁架码垛,自动分拣N51,1191.277211307992,1192.4472113079921,1.1700000000000728
STA238FC-F240-1SP-3SP,自由边打磨,人工打磨N51,1188.3834124984683,1194.6060090112887,6.222596512820473
STA238FC-F240-1SP-5SP,分拣,自动分拣N51,1192.4472113079921,1194.027211307992,1.5799999999999272
STA238FC-F240-1SP-5SP,自动打磨,自动打磨N51,1194.027211307992,1195.027211307992,1.0
STA238FC-F240-1SP-5SP,桁架码垛,自动分拣N51,1195.027211307992,1196.1972113079921,1.1700000000000728
T63S-4094切割后的大件,天车空驶（成品区到胎架）,天车,1192.6732811038275,1197.6732811038275,5.0
T63S-4094切割后的大件,天车吊运（胎架到成品区）,天车,1197.6732811038275,1202.6732811038275,5.0
T63S-4093,天车空驶（胎架到原料区）,天车,1202.6732811038275,1210.6732811038275,8.0
T63S-4093,天车吊运（原料区到胎架）,天车,1210.6732811038275,1213.6732811038275,3.0
STA238FC-F238-1SP-2SP,自由边打磨,人工打磨N21,1265.8521202161774,1271.6829165238696,5.830796307692253
T63S-4100,天车空驶（胎架到原料区）,天车,1174.2504205023993,1177.2504205023993,3.0
T63S-4100,天车吊运（原料区到胎架）,天车,1177.2504205023993,1180.2504205023993,3.0
T63S-4093切割后的大件,天车吊运（胎架到成品区）,天车,1271.6829165238696,1276.6829165238696,5.0
STA238FC-F238-CG1-1P,分拣,自动分拣N51,1237.3986382144446,1238.9786382144446,1.5799999999999272
STA238FC-F238-CG1-1P,自动打磨,自动打磨N51,1238.9786382144446,1240.2216351192064,1.242996904761867
STA238FC-F238-CG1-1P,桁架码垛,自动分拣N51,1240.2216351192064,1241.3916351192065,1.1700000000000728
STA238FC-F238-CG1-1S,分拣,自动分拣N51,1241.3916351192065,1242.9716351192064,1.5799999999999272
STA238FC-F238-CG1-1S,自动打磨,自动打磨N51,1242.9716351192064,1244.2146319446033,1.2429968253968582
STA238FC-F238-CG1-1S,桁架码垛,自动分拣N51,1244.2146319446033,1245.3846319446034,1.1700000000000728
STA238FC-F238-CG1D1-1P,分拣,自动分拣N51,1245.3846319446034,1246.9646319446033,1.5799999999999272
STA238FC-F238-CG1D1-1P,自动打磨,自动打磨N51,1246.9646319446033,1249.1745744842858,2.2099425396825154
STA238FC-F238-CG1D1-1P,桁架码垛,自动分拣N51,1249.1745744842858,1250.3445744842859,1.1700000000000728
STA238FC-F238-CG1D1-1S,分拣,自动分拣N51,1250.3445744842859,1251.9245744842858,1.5799999999999272
STA238FC-F238-CG1D1-1S,自动打磨,自动打磨N51,1251.9245744842858,1254.1345170239683,2.2099425396825154
STA238FC-F238-CG1D1-1S,桁架码垛,自动分拣N51,1254.1345170239683,1255.3045170239684,1.1700000000000728
STA238FC-F238-CG2-1P,分拣,自动分拣N51,1255.3045170239684,1256.8845170239683,1.5799999999999272
STA238FC-F238-CG2-1P,自动打磨,自动打磨N51,1256.8845170239683,1258.1275138493652,1.2429968253968582
STA238FC-F238-CG2-1P,桁架码垛,自动分拣N51,1258.1275138493652,1259.2975138493653,1.1700000000000728
STA238FC-F238-CG2-1S,分拣,自动分拣N51,1259.2975138493653,1260.8775138493652,1.5799999999999272
STA238FC-F238-CG2-1S,自动打磨,自动打磨N51,1260.8775138493652,1262.120510754127,1.242996904761867
STA238FC-F238-CG2-1S,桁架码垛,自动分拣N51,1262.120510754127,1263.2905107541271,1.1700000000000728
STA238FC-F238-CG2D1-1P,分拣,自动分拣N51,1263.2905107541271,1264.870510754127,1.5799999999999272
STA238FC-F238-CG2D1-1P,自动打磨,自动打磨N51,1264.870510754127,1267.0804532144446,2.2099424603175066
STA238FC-F238-CG2D1-1P,桁架码垛,自动分拣N51,1267.0804532144446,1268.2504532144446,1.1700000000000728
STA238FC-F238-CG2D1-1S,分拣,自动分拣N51,1268.2504532144446,1269.8304532144446,1.5799999999999272
STA238FC-F238-CG2D1-1S,自动打磨,自动打磨N51,1269.8304532144446,1272.040395754127,2.2099425396825154
STA238FC-F238-CG2D1-1S,桁架码垛,自动分拣N51,1272.040395754127,1273.2103957541271,1.1700000000000728
STA238FC-F238-CG3-1P,分拣,自动分拣N51,1273.2103957541271,1274.790395754127,1.5799999999999272
STA238FC-F238-CG3-1P,自动打磨,自动打磨N51,1274.790395754127,1276.033392579524,1.2429968253968582
STA238FC-F238-CG3-1P,桁架码垛,自动分拣N51,1276.033392579524,1277.203392579524,1.1700000000000728
STA238FC-F238-CG3-1S,分拣,自动分拣N51,1277.203392579524,1278.783392579524,1.5799999999999272
STA238FC-F238-CG3-1S,自动打磨,自动打磨N51,1278.783392579524,1280.0263894842858,1.242996904761867
STA238FC-F238-CG3-1S,桁架码垛,自动分拣N51,1280.0263894842858,1281.1963894842859,1.1700000000000728
STA238FC-F238-CG3D1-1P,分拣,自动分拣N51,1281.1963894842859,1282.7763894842858,1.5799999999999272
STA238FC-F238-CG3D1-1P,自动打磨,自动打磨N51,1282.7763894842858,1284.9863320239683,2.2099425396825154
STA238FC-F238-CG3D1-1P,桁架码垛,自动分拣N51,1284.9863320239683,1286.1563320239684,1.1700000000000728
STA238FC-F238-CG3D1-1S,分拣,自动分拣N51,1286.1563320239684,1287.7363320239683,1.5799999999999272
STA238FC-F238-CG3D1-1S,自动打磨,自动打磨N51,1287.7363320239683,1289.9462744842858,2.2099424603175066
STA238FC-F238-CG3D1-1S,桁架码垛,自动分拣N51,1289.9462744842858,1291.116274484286,1.1700000000000728
STA238FC-F238-CG4D1SP-1S,分拣,自动分拣N51,1291.116274484286,1292.6962744842858,1.5799999999999272
STA238FC-F238-CG4D1SP-1S,自动打磨,自动打磨N51,1292.6962744842858,1294.9062170239683,2.2099425396825154
STA238FC-F238-CG4D1SP-1S,桁架码垛,自动分拣N51,1294.9062170239683,1296.0762170239684,1.1700000000000728
STA238FC-F238-CG4SP-1SP,分拣,自动分拣N51,1296.0762170239684,1297.6562170239683,1.5799999999999272
STA238FC-F238-CG4SP-1SP,自动打磨,自动打磨N51,1297.6562170239683,1298.8992139287302,1.242996904761867
STA238FC-F238-CG4SP-1SP,桁架码垛,自动分拣N51,1298.8992139287302,1300.0692139287303,1.1700000000000728
STA238FC-F240-CG1-1P,分拣,自动分拣N51,1300.0692139287303,1301.6492139287302,1.5799999999999272
STA238FC-F240-CG1-1P,自动打磨,自动打磨N51,1301.6492139287302,1302.892210754127,1.2429968253968582
STA238FC-F240-CG1-1P,桁架码垛,自动分拣N51,1302.892210754127,1304.0622107541271,1.1700000000000728
STA238FC-F240-CG1-1S,分拣,自动分拣N51,1304.0622107541271,1305.642210754127,1.5799999999999272
STA238FC-F240-CG1-1S,自动打磨,自动打磨N51,1305.642210754127,1306.885207658889,1.242996904761867
STA238FC-F240-CG1-1S,桁架码垛,自动分拣N51,1306.885207658889,1308.055207658889,1.1700000000000728
STA238FC-F240-CG1D1-1P,分拣,自动分拣N51,1308.055207658889,1309.635207658889,1.5799999999999272
STA238FC-F240-CG1D1-1P,自动打磨,自动打磨N51,1309.635207658889,1311.8451501192064,2.2099424603175066
STA238FC-F240-CG1D1-1P,桁架码垛,自动分拣N51,1311.8451501192064,1313.0151501192065,1.1700000000000728
STA238FC-F240-CG1D1-1S,分拣,自动分拣N51,1313.0151501192065,1314.5951501192064,1.5799999999999272
STA238FC-F240-CG1D1-1S,自动打磨,自动打磨N51,1314.5951501192064,1316.805092658889,2.2099425396825154
STA238FC-F240-CG1D1-1S,桁架码垛,自动分拣N51,1316.805092658889,1317.975092658889,1.1700000000000728
STA238FC-F240-CG2-1P,分拣,自动分拣N51,1317.975092658889,1319.555092658889,1.5799999999999272
STA238FC-F240-CG2-1P,自动打磨,自动打磨N51,1319.555092658889,1320.7980894842858,1.2429968253968582
STA238FC-F240-CG2-1P,桁架码垛,自动分拣N51,1320.7980894842858,1321.9680894842859,1.1700000000000728
STA238FC-F240-CG2-1S,分拣,自动分拣N51,1321.9680894842859,1323.5480894842858,1.5799999999999272
STA238FC-F240-CG2-1S,自动打磨,自动打磨N51,1323.5480894842858,1324.7910863890477,1.242996904761867
STA238FC-F240-CG2-1S,桁架码垛,自动分拣N51,1324.7910863890477,1325.9610863890478,1.1700000000000728
STA238FC-F240-CG2D1-1P,分拣,自动分拣N51,1325.9610863890478,1327.5410863890477,1.5799999999999272
STA238FC-F240-CG2D1-1P,自动打磨,自动打磨N51,1327.5410863890477,1329.7510289287302,2.2099425396825154
STA238FC-F240-CG2D1-1P,桁架码垛,自动分拣N51,1329.7510289287302,1330.9210289287303,1.1700000000000728
STA238FC-F240-CG2D1-1S,分拣,自动分拣N51,1330.9210289287303,1332.5010289287302,1.5799999999999272
STA238FC-F240-CG2D1-1S,自动打磨,自动打磨N51,1332.5010289287302,1334.7109714684127,2.2099425396825154
STA238FC-F240-CG2D1-1S,桁架码垛,自动分拣N51,1334.7109714684127,1335.8809714684128,1.1700000000000728
STA238FC-F240-CG3-1P,分拣,自动分拣N51,1335.8809714684128,1337.4609714684127,1.5799999999999272
STA238FC-F240-CG3-1P,自动打磨,自动打磨N51,1337.4609714684127,1338.7039683731746,1.242996904761867
STA238FC-F240-CG3-1P,桁架码垛,自动分拣N51,1338.7039683731746,1339.8739683731746,1.1700000000000728
STA238FC-F240-CG3-1S,分拣,自动分拣N51,1339.8739683731746,1341.4539683731746,1.5799999999999272
STA238FC-F240-CG3-1S,自动打磨,自动打磨N51,1341.4539683731746,1342.6969651985714,1.2429968253968582
STA238FC-F240-CG3-1S,桁架码垛,自动分拣N51,1342.6969651985714,1343.8669651985715,1.1700000000000728
STA238FC-F240-CG3D1-1P,分拣,自动分拣N51,1343.8669651985715,1345.4469651985714,1.5799999999999272
STA238FC-F240-CG3D1-1P,自动打磨,自动打磨N51,1345.4469651985714,1347.656907738254,2.2099425396825154
STA238FC-F240-CG3D1-1P,桁架码垛,自动分拣N51,1347.656907738254,1348.826907738254,1.1700000000000728
STA238FC-F240-CG3D1-1S,分拣,自动分拣N51,1348.826907738254,1350.406907738254,1.5799999999999272
STA238FC-F240-CG3D1-1S,自动打磨,自动打磨N51,1350.406907738254,1352.6168501985715,2.2099424603175066
STA238FC-F240-CG3D1-1S,桁架码垛,自动分拣N51,1352.6168501985715,1353.7868501985715,1.1700000000000728
STA238FC-F240-CG4D1SP-1S,分拣,自动分拣N51,1353.7868501985715,1355.3668501985715,1.5799999999999272
STA238FC-F240-CG4D1SP-1S,自动打磨,自动打磨N51,1355.3668501985715,1357.576792738254,2.2099425396825154
STA238FC-F240-CG4D1SP-1S,桁架码垛,自动分拣N51,1357.576792738254,1358.746792738254,1.1700000000000728
STA238FC-F240-CG4SP-1SP,分拣,自动分拣N51,1358.746792738254,1360.326792738254,1.5799999999999272
STA238FC-F240-CG4SP-1SP,自动打磨,自动打磨N51,1360.326792738254,1361.5697896430158,1.242996904761867
STA238FC-F240-CG4SP-1SP,桁架码垛,自动分拣N51,1361.5697896430158,1362.739789643016,1.1700000000000728
STA238FC-F238A-2P-1P,分拣,自动分拣N51,1362.739789643016,1364.3197896430158,1.5799999999999272
STA238FC-F238A-2P-1P,自动打磨,自动打磨N51,1364.3197896430158,1367.6685655160318,3.3487758730159385
STA238FC-F238A-2P-1P,桁架码垛,自动分拣N51,1367.6685655160318,1368.8385655160318,1.1700000000000728
STA238FC-F238A-3SP-1SP,分拣,自动分拣N51,1368.8385655160318,1370.4185655160318,1.5799999999999272
STA238FC-F238A-3SP-1SP,自动打磨,自动打磨N51,1370.4185655160318,1372.8212538493651,2.4026883333333444
STA238FC-F238A-3SP-1SP,桁架码垛,自动分拣N51,1372.8212538493651,1373.9912538493652,1.1700000000000728
STA238FC-F238A-4S-1S,分拣,自动分拣N51,1373.9912538493652,1375.5712538493651,1.5799999999999272
STA238FC-F238A-4S-1S,自动打磨,自动打磨N51,1375.5712538493651,1378.9250158334921,3.3537619841270043
STA238FC-F238A-4S-1S,桁架码垛,自动分拣N51,1378.9250158334921,1380.0950158334922,1.1700000000000728
STA238FC-F240A-1SP-1SP,分拣,自动分拣N51,1380.0950158334922,1381.6750158334921,1.5799999999999272
STA238FC-F240A-1SP-1SP,自动打磨,自动打磨N51,1381.6750158334921,1384.483356547778,2.808340714285805
STA238FC-F240A-1SP-1SP,桁架码垛,自动分拣N51,1384.483356547778,1385.653356547778,1.1700000000000728
STA238FC-F240A-2P-1P,分拣,自动分拣N51,1385.653356547778,1387.233356547778,1.5799999999999272
STA238FC-F240A-2P-1P,自动打磨,自动打磨N51,1387.233356547778,1390.5821325795239,3.348776031745956
STA238FC-F240A-2P-1P,桁架码垛,自动分拣N51,1390.5821325795239,1391.752132579524,1.1700000000000728
STA238FC-F240A-4S-1S,分拣,自动分拣N51,1391.752132579524,1393.3321325795239,1.5799999999999272
STA238FC-F240A-4S-1S,自动打磨,自动打磨N51,1393.3321325795239,1396.6858944842859,3.3537619047619955
STA238FC-F240A-4S-1S,桁架码垛,自动分拣N51,1396.6858944842859,1397.855894484286,1.1700000000000728
STA238FC-R3-1B1P-1P,分拣,自动分拣N51,1397.855894484286,1399.4358944842859,1.5799999999999272
STA238FC-R3-1B1P-1P,自动打磨,自动打磨N51,1399.4358944842859,1401.614655516032,2.178761031746035
STA238FC-R3-1B1P-1P,桁架码垛,自动分拣N51,1401.614655516032,1402.784655516032,1.1700000000000728
T63S-4103,天车空驶（胎架到原料区）,天车,1224.5922949106891,1232.5922949106891,8.0
T63S-4103,天车吊运（原料区到胎架）,天车,1232.5922949106891,1235.5922949106891,3.0
STA238FC-BG-1-1P,自由边打磨,人工打磨N21,1317.1440477785109,1320.8466208041518,3.702573025640959
T63S-4088,天车空驶（胎架到原料区）,天车,1235.5922949106891,1238.5922949106891,3.0
T63S-4088,天车吊运（原料区到胎架）,天车,1238.5922949106891,1241.5922949106891,3.0
STA238FC-BG-1-1S,自由边打磨,人工打磨N21,1320.8466208041518,1324.4041972144082,3.557576410256388
STA238FC-MG-1SP-1SP,自由边打磨,人工打磨N21,1324.4041972144082,1327.850359983639,3.4461627692307957
STA238FC-BG-2WP-2P,分拣,自动分拣N21,1317.1440477785109,1318.7240477785108,1.5799999999999272
STA238FC-BG-2WP-2P,自动打磨,自动打磨N21,1318.7240477785108,1321.5375046039076,2.81345682539677
STA238FC-BG-2WP-2P,桁架码垛,自动分拣N21,1321.5375046039076,1322.7075046039076,1.1700000000000728
STA238FC-BG-3WS-2S,分拣,自动分拣N21,1322.7075046039076,1324.2875046039076,1.5799999999999272
STA238FC-BG-3WS-2S,自动打磨,自动打磨N21,1324.2875046039076,1327.1009614293043,2.81345682539677
STA238FC-BG-3WS-2S,桁架码垛,自动分拣N21,1327.1009614293043,1328.2709614293044,1.1700000000000728
STA238FC-MG-2WSP-2SP,分拣,自动分拣N21,1328.2709614293044,1329.8509614293043,1.5799999999999272
STA238FC-MG-2WSP-2SP,自动打磨,自动打磨N21,1329.8509614293043,1332.664418254701,2.81345682539677
STA238FC-MG-2WSP-2SP,桁架码垛,自动分拣N21,1332.664418254701,1333.8344182547012,1.1700000000000728
T63S-4103切割后的大件,天车吊运（胎架到成品区）,天车,1327.850359983639,1332.850359983639,5.0
STA238FC-F238A-3SP-2SP,分拣,自动分拣N51,1402.784655516032,1404.364655516032,1.5799999999999272
STA238FC-F238A-3SP-2SP,自动打磨,自动打磨N51,1404.364655516032,1406.3524211509525,1.9877656349206063
STA238FC-F238A-3SP-2SP,桁架码垛,自动分拣N51,1406.3524211509525,1407.5224211509526,1.1700000000000728
STA238FC-F240-5S-1S,分拣,自动分拣N51,1407.5224211509526,1409.1024211509525,1.5799999999999272
STA238FC-F240-5S-1S,自动打磨,自动打磨N51,1409.1024211509525,1410.1024211509525,1.0
STA238FC-F240-5S-1S,桁架码垛,自动分拣N51,1410.1024211509525,1411.2724211509526,1.1700000000000728
STA238FC-F238A-1P-1P,分拣,自动分拣N51,1411.2724211509526,1412.8524211509525,1.5799999999999272
STA238FC-F238A-1P-1P,自动打磨,自动打磨N51,1412.8524211509525,1415.2929912303175,2.4405700793649885
STA238FC-F238A-1P-1P,桁架码垛,自动分拣N51,1415.2929912303175,1416.4629912303176,1.1700000000000728
T63S-4091,天车空驶（胎架到原料区）,天车,1391.784655516032,1399.784655516032,8.0
T63S-4091,天车吊运（原料区到胎架）,天车,1399.784655516032,1402.784655516032,3.0
STA238FC-P1-1F1-1P,分拣,自动分拣N51,1424.4611266203165,1426.0411266203164,1.5799999999999272
STA238FC-P1-1F1-1P,自动打磨,自动打磨N51,1426.0411266203164,1429.97439527111,3.933268650793707
STA238FC-P1-1F1-1P,桁架码垛,自动分拣N51,1429.97439527111,1431.1443952711102,1.1700000000000728
STA238FC-P1-1F1-1S,分拣,自动分拣N51,1431.1443952711102,1432.72439527111,1.5799999999999272
STA238FC-P1-1F1-1S,自动打磨,自动打磨N51,1432.72439527111,1436.6576640012688,3.9332687301587157
STA238FC-P1-1F1-1S,桁架码垛,自动分拣N51,1436.6576640012688,1437.8276640012689,1.1700000000000728
STA238FC-P1-1F1-3P,分拣,自动分拣N51,1437.8276640012689,1439.4076640012688,1.5799999999999272
STA238FC-P1-1F1-3P,自动打磨,自动打磨N51,1439.4076640012688,1441.682267175872,2.2746031746032713
STA238FC-P1-1F1-3P,桁架码垛,自动分拣N51,1441.682267175872,1442.8522671758722,1.1700000000000728
STA238FC-P1-1F1-3S,分拣,自动分拣N51,1442.8522671758722,1444.432267175872,1.5799999999999272
STA238FC-P1-1F1-3S,自动打磨,自动打磨N51,1444.432267175872,1446.7068703504754,2.2746031746032713
STA238FC-P1-1F1-3S,桁架码垛,自动分拣N51,1446.7068703504754,1447.8768703504754,1.1700000000000728
T63S-4096,天车空驶（胎架到原料区）,天车,1276.6829165238696,1279.6829165238696,3.0
T63S-4096,天车吊运（原料区到胎架）,天车,1279.6829165238696,1282.6829165238696,3.0
STA238FC-AG-2P-1P,分拣,自动分拣N21,1354.3652146662926,1355.9452146662925,1.5799999999999272
STA238FC-AG-2P-1P,自动打磨,自动打磨N21,1355.9452146662925,1358.2025672853401,2.2573526190476514
STA238FC-AG-2P-1P,桁架码垛,自动分拣N21,1358.2025672853401,1359.3725672853402,1.1700000000000728
STA238FC-AG-3S-1S,分拣,自动分拣N21,1359.3725672853402,1360.9525672853401,1.5799999999999272
STA238FC-AG-3S-1S,自动打磨,自动打磨N21,1360.9525672853401,1363.2183655393085,2.2657982539683417
STA238FC-AG-3S-1S,桁架码垛,自动分拣N21,1363.2183655393085,1364.3883655393086,1.1700000000000728
STA238FC-BG-2WP-1P,分拣,自动分拣N21,1364.3883655393086,1365.3883655393086,1.0
STA238FC-BG-3WS-1S,分拣,自动分拣N21,1365.3883655393086,1366.3883655393086,1.0
STA238FC-CG-2-1P,分拣,自动分拣N21,1366.3883655393086,1367.9683655393085,1.5799999999999272
STA238FC-CG-2-1P,自动打磨,自动打磨N21,1367.9683655393085,1370.235924110737,2.2675585714284807
STA238FC-CG-2-1P,桁架码垛,自动分拣N21,1370.235924110737,1371.405924110737,1.1700000000000728
STA238FC-CG-2-1S,分拣,自动分拣N21,1371.405924110737,1372.985924110737,1.5799999999999272
STA238FC-CG-2-1S,自动打磨,自动打磨N21,1372.985924110737,1375.2534826821654,2.2675585714284807
STA238FC-CG-2-1S,桁架码垛,自动分拣N21,1375.2534826821654,1376.4234826821655,1.1700000000000728
STA238FC-MG-2WSP-1SP,分拣,自动分拣N21,1376.4234826821655,1377.4234826821655,1.0
T63S-4092,天车空驶（胎架到原料区）,天车,1410.4629912303176,1413.4629912303176,3.0
T63S-4092,天车吊运（原料区到胎架）,天车,1413.4629912303176,1416.4629912303176,3.0
STA238FC-S1-1B1-1P,分拣,自动分拣N51,1470.5964145687665,1472.1764145687664,1.5799999999999272
STA238FC-S1-1B1-1P,自动打磨,自动打磨N51,1472.1764145687664,1473.4273346481316,1.2509200793651871
STA238FC-S1-1B1-1P,桁架码垛,自动分拣N51,1473.4273346481316,1474.5973346481317,1.1700000000000728
STA238FC-S1-1B1-1S,分拣,自动分拣N51,1474.5973346481317,1476.1773346481316,1.5799999999999272
STA238FC-S1-1B1-1S,自动打磨,自动打磨N51,1476.1773346481316,1477.4282547274968,1.2509200793651871
STA238FC-S1-1B1-1S,桁架码垛,自动分拣N51,1477.4282547274968,1478.5982547274969,1.1700000000000728
STA238FC-S1-2B1-1P,分拣,自动分拣N51,1478.5982547274969,1480.1782547274968,1.5799999999999272
STA238FC-S1-2B1-1P,自动打磨,自动打磨N51,1480.1782547274968,1481.429174806862,1.2509200793651871
STA238FC-S1-2B1-1P,桁架码垛,自动分拣N51,1481.429174806862,1482.599174806862,1.1700000000000728
STA238FC-R2-1B1P-1P,分拣,自动分拣N51,1482.599174806862,1484.179174806862,1.5799999999999272
STA238FC-R2-1B1P-1P,自动打磨,自动打磨N51,1484.179174806862,1485.6806110767031,1.5014362698411787
STA238FC-R2-1B1P-1P,桁架码垛,自动分拣N51,1485.6806110767031,1486.8506110767032,1.1700000000000728
STA238FC-R2-1B2P-1P,分拣,自动分拣N51,1486.8506110767032,1488.4306110767031,1.5799999999999272
STA238FC-R2-1B2P-1P,自动打磨,自动打磨N51,1488.4306110767031,1489.9320473465443,1.5014362698411787
STA238FC-R2-1B2P-1P,桁架码垛,自动分拣N51,1489.9320473465443,1491.1020473465444,1.1700000000000728
STA238FC-R2-2B1WS-1S,分拣,自动分拣N51,1491.1020473465444,1492.6820473465443,1.5799999999999272
STA238FC-R2-2B1WS-1S,自动打磨,自动打磨N51,1492.6820473465443,1494.1920542513062,1.5100069047618945
STA238FC-R2-2B1WS-1S,桁架码垛,自动分拣N51,1494.1920542513062,1495.3620542513063,1.1700000000000728
STA238FC-R2-2B2WS-1S,分拣,自动分拣N51,1495.3620542513063,1496.9420542513062,1.5799999999999272
STA238FC-R2-2B2WS-1S,自动打磨,自动打磨N51,1496.9420542513062,1498.4520605211476,1.5100062698413694
STA238FC-R2-2B2WS-1S,桁架码垛,自动分拣N51,1498.4520605211476,1499.6220605211477,1.1700000000000728
STA238FC-R2-3B1S-1S,分拣,自动分拣N51,1499.6220605211477,1501.2020605211476,1.5799999999999272
STA238FC-R2-3B1S-1S,自动打磨,自动打磨N51,1501.2020605211476,1502.706712981465,1.504652460317402
STA238FC-R2-3B1S-1S,桁架码垛,自动分拣N51,1502.706712981465,1503.876712981465,1.1700000000000728
STA238FC-R2-3B2S-1S,分拣,自动分拣N51,1503.876712981465,1505.456712981465,1.5799999999999272
STA238FC-R2-3B2S-1S,自动打磨,自动打磨N51,1505.456712981465,1506.9613654417824,1.504652460317402
STA238FC-R2-3B2S-1S,桁架码垛,自动分拣N51,1506.9613654417824,1508.1313654417825,1.1700000000000728
STA238FC-TOP-1SP-1SP,自由边打磨,人工打磨N51,1470.5964145687665,1471.8915524149204,1.2951378461539207
T63S-4855,天车空驶（胎架到原料区）,天车,1332.850359983639,1335.850359983639,3.0
T63S-4855,天车吊运（原料区到胎架）,天车,1335.850359983639,1338.850359983639,3.0
STA238FC-TOP-1SP-3SP,自由边打磨,人工打磨N51,1471.8915524149204,1473.1866902610743,1.2951378461539207
T63S-4092切割后的大件,天车吊运（胎架到坡口区）,天车,1473.1866902610743,1476.1866902610743,3.0
STA238FC-TOP-1SP-1SP,人工坡口,人工坡口1,1476.1866902610743,1492.3571342610744,16.17044400000009
STA238FC-TOP-1SP-3SP,人工坡口,人工坡口1,1492.3571342610744,1508.5475782610745,16.19044400000007
T63S-4092切割后的大件,天车吊运（坡口区到成品区）,天车,1508.5475782610745,1513.5475782610745,5.0
STA238FC-F238-1B1P-1P,分拣,自动分拣N21,1377.4234826821655,1379.0034826821654,1.5799999999999272
STA238FC-F238-1B1P-1P,自动打磨,自动打磨N21,1379.0034826821654,1380.3739749043878,1.3704922222223104
STA238FC-F238-1B1P-1P,桁架码垛,自动分拣N21,1380.3739749043878,1381.5439749043878,1.1700000000000728
STA238FC-F238-1B2WS-1S,分拣,自动分拣N21,1381.5439749043878,1383.1239749043878,1.5799999999999272
STA238FC-F238-1B2WS-1S,自动打磨,自动打磨N21,1383.1239749043878,1384.4961986345465,1.3722237301587938
STA238FC-F238-1B2WS-1S,桁架码垛,自动分拣N21,1384.4961986345465,1385.6661986345466,1.1700000000000728
STA238FC-F240-1B1P-1P,分拣,自动分拣N21,1385.6661986345466,1387.2461986345465,1.5799999999999272
STA238FC-F240-1B1P-1P,自动打磨,自动打磨N21,1387.2461986345465,1388.6166909361339,1.3704923015873192
STA238FC-F240-1B1P-1P,桁架码垛,自动分拣N21,1388.6166909361339,1389.786690936134,1.1700000000000728
STA238FC-F240-1B2WS-1S,分拣,自动分拣N21,1389.786690936134,1391.3666909361339,1.5799999999999272
STA238FC-F240-1B2WS-1S,自动打磨,自动打磨N21,1391.3666909361339,1392.7389146662927,1.3722237301587938
STA238FC-F240-1B2WS-1S,桁架码垛,自动分拣N21,1392.7389146662927,1393.9089146662927,1.1700000000000728
T63S-4090,天车空驶（胎架到原料区）,天车,1366.4234826821655,1374.4234826821655,8.0
T63S-4090,天车吊运（原料区到胎架）,天车,1374.4234826821655,1377.4234826821655,3.0
STA238FC-TOP-1SP-6SP,自由边打磨,人工打磨N21,1396.157045134343,1400.498464211266,4.341419076923103
T63S-4090切割后的大件,天车吊运（胎架到成品区）,天车,1402.784655516032,1407.784655516032,5.0
T63S-4084,天车空驶（胎架到原料区）,天车,1416.4629912303176,1424.4629912303176,8.0
T63S-4084,天车吊运（原料区到胎架）,天车,1424.4629912303176,1427.4629912303176,3.0
STA238FC-TOP-1SP-4SP,分拣,自动分拣N21,1446.5687259520128,1447.5687259520128,1.0
STA238FC-TOP-1SP-4SP,桁架至坡口工作站,自动分拣N21,1447.5687259520128,1448.7354259520127,1.1666999999999916
STA238FC-TOP-1SP-5SP,分拣,自动分拣N21,1448.7354259520127,1450.3154259520127,1.5799999999999272
STA238FC-TOP-1SP-5SP,自动打磨,自动打磨N21,1450.3154259520127,1451.6958555551873,1.3804296031746617
STA238FC-TOP-1SP-5SP,桁架至坡口工作站,自动分拣N21,1451.6958555551873,1452.8625555551873,1.1666999999999916
T63S-4087,天车空驶（胎架到原料区）,天车,1441.8768703504754,1444.8768703504754,3.0
T63S-4087,天车吊运（原料区到胎架）,天车,1444.8768703504754,1447.8768703504754,3.0
STA238FC-TOP-1SP-7SP,自由边打磨,人工打磨N51,1494.3424373951907,1498.7014735490368,4.359036153846091
T63S-4086,天车空驶（胎架到原料区）,天车,1427.4629912303176,1430.4629912303176,3.0
T63S-4086,天车吊运（原料区到胎架）,天车,1430.4629912303176,1433.4629912303176,3.0
T63S-4087切割后的大件,天车吊运（胎架到成品区）,天车,1498.7014735490368,1503.7014735490368,5.0
STA238FC-TOP-1SP-2SP,自由边打磨,人工打磨N21,1480.4969293596303,1487.836683205784,7.339753846153826
T63S-4086切割后的大件,天车空驶（成品区到胎架）,天车,1482.836683205784,1487.836683205784,5.0
T63S-4086切割后的大件,天车吊运（胎架到成品区）,天车,1487.836683205784,1492.836683205784,5.0
T63S-4095,天车空驶（胎架到原料区）,天车,1513.5475782610745,1521.5475782610745,8.0
T63S-4095,天车吊运（原料区到胎架）,天车,1521.5475782610745,1524.5475782610745,3.0
STA238FC-R1-1B1-1P,分拣,自动分拣N51,1564.806546119064,1566.386546119064,1.5799999999999272
STA238FC-R1-1B1-1P,自动打磨,自动打磨N51,1566.386546119064,1567.897008023826,1.5104619047619963
STA238FC-R1-1B1-1P,桁架码垛,自动分拣N51,1567.897008023826,1569.067008023826,1.1700000000000728
STA238FC-R1-1B1-1S,分拣,自动分拣N51,1569.067008023826,1570.647008023826,1.5799999999999272
STA238FC-R1-1B1-1S,自动打磨,自动打磨N51,1570.647008023826,1572.1574707222387,1.5104626984127663
STA238FC-R1-1B1-1S,桁架码垛,自动分拣N51,1572.1574707222387,1573.3274707222388,1.1700000000000728
STA238FC-R1-1B2-1P,分拣,自动分拣N51,1573.3274707222388,1574.9074707222387,1.5799999999999272
STA238FC-R1-1B2-1P,自动打磨,自动打磨N51,1574.9074707222387,1576.4179332619212,1.5104625396825213
STA238FC-R1-1B2-1P,桁架码垛,自动分拣N51,1576.4179332619212,1577.5879332619213,1.1700000000000728
STA238FC-R1-1B2-1S,分拣,自动分拣N51,1577.5879332619213,1579.1679332619212,1.5799999999999272
STA238FC-R1-1B2-1S,自动打磨,自动打磨N51,1579.1679332619212,1580.678395960334,1.5104626984127663
STA238FC-R1-1B2-1S,桁架码垛,自动分拣N51,1580.678395960334,1581.848395960334,1.1700000000000728
STA238FC-R1-2B1P-1P,分拣,自动分拣N51,1581.848395960334,1583.428395960334,1.5799999999999272
STA238FC-R1-2B1P-1P,自动打磨,自动打磨N51,1583.428395960334,1584.9298321508102,1.50143619047617
STA238FC-R1-2B1P-1P,桁架码垛,自动分拣N51,1584.9298321508102,1586.0998321508102,1.1700000000000728
STA238FC-R1-2B2P-1P,分拣,自动分拣N51,1586.0998321508102,1587.6798321508102,1.5799999999999272
STA238FC-R1-2B2P-1P,自动打磨,自动打磨N51,1587.6798321508102,1589.1812684206513,1.5014362698411787
STA238FC-R1-2B2P-1P,桁架码垛,自动分拣N51,1589.1812684206513,1590.3512684206514,1.1700000000000728
STA238FC-R1-3B1P-1P,分拣,自动分拣N51,1590.3512684206514,1591.9312684206513,1.5799999999999272
STA238FC-R1-3B1P-1P,自动打磨,自动打磨N51,1591.9312684206513,1593.4327046904925,1.5014362698411787
STA238FC-R1-3B1P-1P,桁架码垛,自动分拣N51,1593.4327046904925,1594.6027046904926,1.1700000000000728
STA238FC-R1-3B2P-1P,分拣,自动分拣N51,1594.6027046904926,1596.1827046904925,1.5799999999999272
STA238FC-R1-3B2P-1P,自动打磨,自动打磨N51,1596.1827046904925,1597.6841409603337,1.5014362698411787
STA238FC-R1-3B2P-1P,桁架码垛,自动分拣N51,1597.6841409603337,1598.8541409603338,1.1700000000000728
STA238FC-R1-4B1P-1P,分拣,自动分拣N51,1598.8541409603338,1600.4341409603337,1.5799999999999272
STA238FC-R1-4B1P-1P,自动打磨,自动打磨N51,1600.4341409603337,1601.9355771508099,1.50143619047617
STA238FC-R1-4B1P-1P,桁架码垛,自动分拣N51,1601.9355771508099,1603.10557715081,1.1700000000000728
STA238FC-R1-4B2P-1P,分拣,自动分拣N51,1603.10557715081,1604.6855771508099,1.5799999999999272
STA238FC-R1-4B2P-1P,自动打磨,自动打磨N51,1604.6855771508099,1606.187013420651,1.5014362698411787
STA238FC-R1-4B2P-1P,桁架码垛,自动分拣N51,1606.187013420651,1607.3570134206511,1.1700000000000728
STA238FC-R1-5B1-1P,分拣,自动分拣N51,1607.3570134206511,1608.937013420651,1.5799999999999272
STA238FC-R1-5B1-1P,自动打磨,自动打磨N51,1608.937013420651,1610.446182388905,1.5091689682540164
STA238FC-R1-5B1-1P,桁架码垛,自动分拣N51,1610.446182388905,1611.6161823889051,1.1700000000000728
STA238FC-R1-5B1-1S,分拣,自动分拣N51,1611.6161823889051,1613.196182388905,1.5799999999999272
STA238FC-R1-5B1-1S,自动打磨,自动打磨N51,1613.196182388905,1614.705351357159,1.5091689682540164
STA238FC-R1-5B1-1S,桁架码垛,自动分拣N51,1614.705351357159,1615.8753513571592,1.1700000000000728
STA238FC-R1-5B2-1P,分拣,自动分拣N51,1615.8753513571592,1617.455351357159,1.5799999999999272
STA238FC-R1-5B2-1P,自动打磨,自动打磨N51,1617.455351357159,1618.964520325413,1.5091689682540164
STA238FC-R1-5B2-1P,桁架码垛,自动分拣N51,1618.964520325413,1620.1345203254132,1.1700000000000728
STA238FC-R1-5B2-1S,分拣,自动分拣N51,1620.1345203254132,1621.714520325413,1.5799999999999272
STA238FC-R1-5B2-1S,自动打磨,自动打磨N51,1621.714520325413,1623.2236892936671,1.5091689682540164
STA238FC-R1-5B2-1S,桁架码垛,自动分拣N51,1623.2236892936671,1624.3936892936672,1.1700000000000728
STA238FC-R1-6B1-1P,分拣,自动分拣N51,1624.3936892936672,1625.9736892936671,1.5799999999999272
STA238FC-R1-6B1-1P,自动打磨,自动打磨N51,1625.9736892936671,1627.482858182556,1.5091688888887802
STA238FC-R1-6B1-1P,桁架码垛,自动分拣N51,1627.482858182556,1628.652858182556,1.1700000000000728
STA238FC-R1-6B1-1S,分拣,自动分拣N51,1628.652858182556,1630.232858182556,1.5799999999999272
STA238FC-R1-6B1-1S,自动打磨,自动打磨N51,1630.232858182556,1631.742027230175,1.5091690476190252
STA238FC-R1-6B1-1S,桁架码垛,自动分拣N51,1631.742027230175,1632.912027230175,1.1700000000000728
STA238FC-R1-6B2-1P,分拣,自动分拣N51,1632.912027230175,1634.492027230175,1.5799999999999272
STA238FC-R1-6B2-1P,自动打磨,自动打磨N51,1634.492027230175,1636.001196198429,1.5091689682540164
STA238FC-R1-6B2-1P,桁架码垛,自动分拣N51,1636.001196198429,1637.171196198429,1.1700000000000728
STA238FC-R1-6B2-1S,分拣,自动分拣N51,1637.171196198429,1638.751196198429,1.5799999999999272
STA238FC-R1-6B2-1S,自动打磨,自动打磨N51,1638.751196198429,1640.260365246048,1.5091690476190252
STA238FC-R1-6B2-1S,桁架码垛,自动分拣N51,1640.260365246048,1641.430365246048,1.1700000000000728
STA238FC-R1-7B1S-1S,分拣,自动分拣N51,1641.430365246048,1643.010365246048,1.5799999999999272
STA238FC-R1-7B1S-1S,自动打磨,自动打磨N51,1643.010365246048,1644.519534214302,1.5091689682540164
STA238FC-R1-7B1S-1S,桁架码垛,自动分拣N51,1644.519534214302,1645.689534214302,1.1700000000000728
STA238FC-R1-7B2S-1S,分拣,自动分拣N51,1645.689534214302,1647.269534214302,1.5799999999999272
STA238FC-R1-7B2S-1S,自动打磨,自动打磨N51,1647.269534214302,1648.778703261921,1.5091690476190252
STA238FC-R1-7B2S-1S,桁架码垛,自动分拣N51,1648.778703261921,1649.948703261921,1.1700000000000728
STA238FC-R1-8B1S-1S,分拣,自动分拣N51,1649.948703261921,1651.528703261921,1.5799999999999272
STA238FC-R1-8B1S-1S,自动打磨,自动打磨N51,1651.528703261921,1653.0333558016036,1.5046525396826382
STA238FC-R1-8B1S-1S,桁架码垛,自动分拣N51,1653.0333558016036,1654.2033558016037,1.1700000000000728
STA238FC-R1-8B2S-1S,分拣,自动分拣N51,1654.2033558016037,1655.7833558016036,1.5799999999999272
STA238FC-R1-8B2S-1S,自动打磨,自动打磨N51,1655.7833558016036,1657.288008261921,1.504652460317402
STA238FC-R1-8B2S-1S,桁架码垛,自动分拣N51,1657.288008261921,1658.4580082619211,1.1700000000000728
STA238FC-R1-9B1S-1S,分拣,自动分拣N51,1658.4580082619211,1660.038008261921,1.5799999999999272
STA238FC-R1-9B1S-1S,自动打磨,自动打磨N51,1660.038008261921,1661.5426608016037,1.5046525396826382
STA238FC-R1-9B1S-1S,桁架码垛,自动分拣N51,1661.5426608016037,1662.7126608016038,1.1700000000000728
STA238FC-R1-9B2S-1S,分拣,自动分拣N51,1662.7126608016038,1664.2926608016037,1.5799999999999272
STA238FC-R1-9B2S-1S,自动打磨,自动打磨N51,1664.2926608016037,1665.797313261921,1.504652460317402
STA238FC-R1-9B2S-1S,桁架码垛,自动分拣N51,1665.797313261921,1666.9673132619212,1.1700000000000728
U02S-1347,天车空驶（胎架到原料区）,天车,1447.8768703504754,1450.8768703504754,3.0
U02S-1347,天车吊运（原料区到胎架）,天车,1450.8768703504754,1453.8768703504754,3.0
DC12-F69-1B1SP-1SP,分拣,自动分拣N21,1494.2488554963893,1495.8288554963892,1.5799999999999272
DC12-F69-1B1SP-1SP,自动打磨,自动打磨N21,1495.8288554963892,1497.252387242421,1.4235317460318129
DC12-F69-1B1SP-1SP,桁架码垛,自动分拣N21,1497.252387242421,1498.422387242421,1.1700000000000728
DC12-F69-1B2P-1P,分拣,自动分拣N21,1498.422387242421,1500.002387242421,1.5799999999999272
DC12-F69-1B2P-1P,自动打磨,自动打磨N21,1500.002387242421,1501.4259189884528,1.4235317460318129
DC12-F69-1B2P-1P,桁架码垛,自动分拣N21,1501.4259189884528,1502.595918988453,1.1700000000000728
DC12-F69-1B3S-1S,分拣,自动分拣N21,1502.595918988453,1504.1759189884528,1.5799999999999272
DC12-F69-1B3S-1S,自动打磨,自动打磨N21,1504.1759189884528,1506.0229822821036,1.8470632936507627
DC12-F69-1B3S-1S,桁架码垛,自动分拣N21,1506.0229822821036,1507.1929822821037,1.1700000000000728
DC12-F69-1B5-1P,分拣,自动分拣N21,1507.1929822821037,1508.7729822821036,1.5799999999999272
DC12-F69-1B5-1P,自动打磨,自动打磨N21,1508.7729822821036,1510.1965140281354,1.4235317460318129
DC12-F69-1B5-1P,桁架码垛,自动分拣N21,1510.1965140281354,1511.3665140281355,1.1700000000000728
DC12-F69-1B5-1S,分拣,自动分拣N21,1511.3665140281355,1512.9465140281354,1.5799999999999272
DC12-F69-1B5-1S,自动打磨,自动打磨N21,1512.9465140281354,1514.3700457741672,1.4235317460318129
DC12-F69-1B5-1S,桁架码垛,自动分拣N21,1514.3700457741672,1515.5400457741673,1.1700000000000728
DC12-F69-1B6-1P,分拣,自动分拣N21,1515.5400457741673,1517.1200457741672,1.5799999999999272
DC12-F69-1B6-1P,自动打磨,自动打磨N21,1517.1200457741672,1518.543577520199,1.4235317460318129
DC12-F69-1B6-1P,桁架码垛,自动分拣N21,1518.543577520199,1519.7135775201991,1.1700000000000728
DC12-F69-1B7-1P,分拣,自动分拣N21,1519.7135775201991,1521.293577520199,1.5799999999999272
DC12-F69-1B7-1P,自动打磨,自动打磨N21,1521.293577520199,1522.7171092662309,1.4235317460318129
DC12-F69-1B7-1P,桁架码垛,自动分拣N21,1522.7171092662309,1523.887109266231,1.1700000000000728
DC12-F69-1B7-1S,分拣,自动分拣N21,1523.887109266231,1525.4671092662309,1.5799999999999272
DC12-F69-1B7-1S,自动打磨,自动打磨N21,1525.4671092662309,1526.8906410122627,1.4235317460318129
DC12-F69-1B7-1S,桁架码垛,自动分拣N21,1526.8906410122627,1528.0606410122627,1.1700000000000728
DC12-F69-1B8S-1S,分拣,自动分拣N21,1528.0606410122627,1529.6406410122627,1.5799999999999272
DC12-F69-1B8S-1S,自动打磨,自动打磨N21,1529.6406410122627,1531.0641727582945,1.4235317460318129
DC12-F69-1B8S-1S,桁架码垛,自动分拣N21,1531.0641727582945,1532.2341727582946,1.1700000000000728
U02S-1340,天车空驶（胎架到原料区）,天车,1524.5475782610745,1527.5475782610745,3.0
U02S-1340,天车吊运（原料区到胎架）,天车,1527.5475782610745,1530.5475782610745,3.0
DC12-AG-1-1P,自由边打磨,人工打磨N51,1666.55104512831,1669.3074844103614,2.7564392820513604
U02S-1348,天车空驶（胎架到原料区）,天车,1530.5475782610745,1533.5475782610745,3.0
U02S-1348,天车吊运（原料区到胎架）,天车,1533.5475782610745,1536.5475782610745,3.0
DC12-AG-1-1S,自由边打磨,人工打磨N51,1669.3074844103614,1672.0639236924128,2.7564392820513604
DC12-AG-2-1P,自由边打磨,人工打磨N51,1672.0639236924128,1675.3362225642077,3.2722988717948738
DC12-AG-2-1S,自由边打磨,人工打磨N51,1675.3362225642077,1678.6085223077973,3.272299743589656
DC12-F64-1B1-1P,分拣,自动分拣N51,1666.9673132619212,1668.547313261921,1.5799999999999272
DC12-F64-1B1-1P,自动打磨,自动打磨N51,1668.547313261921,1670.8302105635084,2.2828973015873544
DC12-F64-1B1-1P,桁架码垛,自动分拣N51,1670.8302105635084,1672.0002105635085,1.1700000000000728
DC12-F64-1B1-1S,分拣,自动分拣N51,1672.0002105635085,1673.5802105635084,1.5799999999999272
DC12-F64-1B1-1S,自动打磨,自动打磨N51,1673.5802105635084,1675.8631075476355,2.282896984127092
DC12-F64-1B1-1S,桁架码垛,自动分拣N51,1675.8631075476355,1677.0331075476356,1.1700000000000728
DC12-F64-1B2-1P,分拣,自动分拣N51,1677.0331075476356,1678.6131075476355,1.5799999999999272
DC12-F64-1B2-1P,自动打磨,自动打磨N51,1678.6131075476355,1681.0731163571593,2.4600088095237425
DC12-F64-1B2-1P,桁架码垛,自动分拣N51,1681.0731163571593,1682.2431163571594,1.1700000000000728
DC12-F64-1B2-1S,分拣,自动分拣N51,1682.2431163571594,1683.8231163571593,1.5799999999999272
DC12-F64-1B2-1S,自动打磨,自动打磨N51,1683.8231163571593,1686.2831252460483,2.4600088888889786
DC12-F64-1B2-1S,桁架码垛,自动分拣N51,1686.2831252460483,1687.4531252460483,1.1700000000000728
DC12-F64-1B3-1P,分拣,自动分拣N51,1687.4531252460483,1689.0331252460483,1.5799999999999272
DC12-F64-1B3-1P,自动打磨,自动打磨N51,1689.0331252460483,1691.7284065952547,2.695281349206425
DC12-F64-1B3-1P,桁架码垛,自动分拣N51,1691.7284065952547,1692.8984065952548,1.1700000000000728
DC12-F64-1B3-1S,分拣,自动分拣N51,1692.8984065952548,1694.4784065952547,1.5799999999999272
DC12-F64-1B3-1S,自动打磨,自动打磨N51,1694.4784065952547,1697.173687944461,2.695281349206425
DC12-F64-1B3-1S,桁架码垛,自动分拣N51,1697.173687944461,1698.3436879444612,1.1700000000000728
DC12-F76-1B1-1S,分拣,自动分拣N51,1698.3436879444612,1699.923687944461,1.5799999999999272
DC12-F76-1B1-1S,自动打磨,自动打磨N51,1699.923687944461,1702.1975651666833,2.273877222222154
DC12-F76-1B1-1S,桁架码垛,自动分拣N51,1702.1975651666833,1703.3675651666833,1.1700000000000728
DC12-F76-1B2-1P,分拣,自动分拣N51,1703.3675651666833,1704.9475651666833,1.5799999999999272
DC12-F76-1B2-1P,自动打磨,自动打磨N51,1704.9475651666833,1707.3976826270007,2.450117460317415
DC12-F76-1B2-1P,桁架码垛,自动分拣N51,1707.3976826270007,1708.5676826270007,1.1700000000000728
DC12-F76-1B2-1S,分拣,自动分拣N51,1708.5676826270007,1710.1476826270007,1.5799999999999272
DC12-F76-1B2-1S,自动打磨,自动打磨N51,1710.1476826270007,1712.5978003254133,2.4501176984126687
DC12-F76-1B2-1S,桁架码垛,自动分拣N51,1712.5978003254133,1713.7678003254134,1.1700000000000728
DC12-F76-1B3-1P,分拣,自动分拣N51,1713.7678003254134,1715.3478003254133,1.5799999999999272
DC12-F76-1B3-1P,自动打磨,自动打磨N51,1715.3478003254133,1718.0308764365245,2.683076111111177
DC12-F76-1B3-1P,桁架码垛,自动分拣N51,1718.0308764365245,1719.2008764365246,1.1700000000000728
DC12-F76-1B3-1S,分拣,自动分拣N51,1719.2008764365246,1720.7808764365245,1.5799999999999272
DC12-F76-1B3-1S,自动打磨,自动打磨N51,1720.7808764365245,1723.4639524682705,2.683076031745941
DC12-F76-1B3-1S,桁架码垛,自动分拣N51,1723.4639524682705,1724.6339524682705,1.1700000000000728
U02S-1340切割后的大件,天车吊运（胎架到坡口区）,天车,1678.6085223077973,1681.6085223077973,3.0
DC12-AG-1-1P,人工坡口,人工坡口1,1681.6085223077973,1683.2694343077974,1.660912000000053
DC12-AG-1-1S,人工坡口,人工坡口1,1683.2694343077974,1684.9303463077974,1.660912000000053
DC12-AG-2-1P,人工坡口,人工坡口1,1684.9303463077974,1688.4242663077973,3.493919999999889
DC12-AG-2-1S,人工坡口,人工坡口1,1688.4242663077973,1691.9181863077972,3.493919999999889
U02S-1340切割后的大件,天车吊运（坡口区到成品区）,天车,1691.9181863077972,1696.9181863077972,5.0
DC12-UD-1KSP-14BSP,分拣,自动分拣N21,1556.5750301829344,1558.1550301829343,1.5799999999999272
DC12-UD-1KSP-14BSP,自动打磨,自动打磨N21,1558.1550301829343,1560.281681770236,2.1266515873016942
DC12-UD-1KSP-14BSP,桁架码垛,自动分拣N21,1560.281681770236,1561.451681770236,1.1700000000000728
DC12-UD-1KSP-15BSP,分拣,自动分拣N21,1561.451681770236,1563.031681770236,1.5799999999999272
DC12-UD-1KSP-15BSP,自动打磨,自动打磨N21,1563.031681770236,1565.1583333575377,2.1266515873016942
DC12-UD-1KSP-15BSP,桁架码垛,自动分拣N21,1565.1583333575377,1566.3283333575378,1.1700000000000728
DC12-UD-1KSP-16BSP,分拣,自动分拣N21,1566.3283333575378,1567.9083333575377,1.5799999999999272
DC12-UD-1KSP-16BSP,自动打磨,自动打磨N21,1567.9083333575377,1570.0349849448394,2.1266515873016942
DC12-UD-1KSP-16BSP,桁架码垛,自动分拣N21,1570.0349849448394,1571.2049849448395,1.1700000000000728
DC12-UD-1KSP-3BSP,分拣,自动分拣N21,1571.2049849448395,1572.7849849448394,1.5799999999999272
DC12-UD-1KSP-3BSP,自动打磨,自动打磨N21,1572.7849849448394,1574.911636532141,2.1266515873016942
DC12-UD-1KSP-3BSP,桁架码垛,自动分拣N21,1574.911636532141,1576.0816365321411,1.1700000000000728
DC12-UD-1KSP-4BSP,分拣,自动分拣N21,1576.0816365321411,1577.661636532141,1.5799999999999272
DC12-UD-1KSP-4BSP,自动打磨,自动打磨N21,1577.661636532141,1579.7882881194428,2.1266515873016942
DC12-UD-1KSP-4BSP,桁架码垛,自动分拣N21,1579.7882881194428,1580.9582881194428,1.1700000000000728
DC12-UD-1KSP-5BSP,分拣,自动分拣N21,1580.9582881194428,1582.5382881194428,1.5799999999999272
DC12-UD-1KSP-5BSP,自动打磨,自动打磨N21,1582.5382881194428,1584.6649397067445,2.1266515873016942
DC12-UD-1KSP-5BSP,桁架码垛,自动分拣N21,1584.6649397067445,1585.8349397067445,1.1700000000000728
U02S-1338,天车空驶（胎架到原料区）,天车,1536.5475782610745,1544.5475782610745,8.0
U02S-1338,天车吊运（原料区到胎架）,天车,1544.5475782610745,1547.5475782610745,3.0
DC12-F70-1SP-1SP,自由边打磨,人工打磨N21,1599.2508228273812,1600.554657494048,1.3038346666667167
U02S-1344,天车空驶（胎架到原料区）,天车,1579.8349397067445,1582.8349397067445,3.0
U02S-1344,天车吊运（原料区到胎架）,天车,1582.8349397067445,1585.8349397067445,3.0
U02S-1338切割后的大件,天车吊运（胎架到坡口区）,天车,1600.554657494048,1603.554657494048,3.0
DC12-F70-1SP-1SP,人工坡口,人工坡口1,1691.9181863077972,1712.5614663077972,20.643280000000004
U02S-1338切割后的大件,天车吊运（坡口区到成品区）,天车,1712.5614663077972,1717.5614663077972,5.0
DC12-AG-3P-1P,自由边打磨,人工打磨N21,1666.35182383679,1667.6807595803796,1.3289357435896818
U02S-1343,天车空驶（胎架到原料区）,天车,1655.9673132619212,1663.9673132619212,8.0
U02S-1343,天车吊运（原料区到胎架）,天车,1663.9673132619212,1666.9673132619212,3.0
DC12-CG-3-1P,自由边打磨,人工打磨N21,1667.6807595803796,1669.0701945547385,1.3894349743588918
DC12-CG-3-1S,自由边打磨,人工打磨N21,1669.0701945547385,1670.4596295290974,1.3894349743588918
DC12-DG-3-1P,自由边打磨,人工打磨N21,1670.4596295290974,1671.8490645034562,1.3894349743588918
DC12-DG-3-1S,自由边打磨,人工打磨N21,1671.8490645034562,1673.2384994778151,1.3894349743588918
DC12-DG-1-1BP,分拣,自动分拣N21,1666.35182383679,1667.9318238367898,1.5799999999999272
DC12-DG-1-1BP,自动打磨,自动打磨N21,1667.9318238367898,1669.464997170123,1.5331733333332522
DC12-DG-1-1BP,桁架码垛,自动分拣N21,1669.464997170123,1670.6349971701231,1.1700000000000728
DC12-DG-1-1BS,分拣,自动分拣N21,1670.6349971701231,1672.214997170123,1.5799999999999272
DC12-DG-1-1BS,自动打磨,自动打磨N21,1672.214997170123,1673.7481707415516,1.533173571428506
DC12-DG-1-1BS,桁架码垛,自动分拣N21,1673.7481707415516,1674.9181707415516,1.1700000000000728
DC12-DG-1-2BP,分拣,自动分拣N21,1674.9181707415516,1676.4981707415516,1.5799999999999272
DC12-DG-1-2BP,自动打磨,自动打磨N21,1676.4981707415516,1678.0652227256785,1.5670519841269197
DC12-DG-1-2BP,桁架码垛,自动分拣N21,1678.0652227256785,1679.2352227256786,1.1700000000000728
DC12-DG-1-2BS,分拣,自动分拣N21,1679.2352227256786,1680.8152227256785,1.5799999999999272
DC12-DG-1-2BS,自动打磨,自动打磨N21,1680.8152227256785,1682.3822746304404,1.567051904761911
DC12-DG-1-2BS,桁架码垛,自动分拣N21,1682.3822746304404,1683.5522746304405,1.1700000000000728
DC12-DG-2-1BP,分拣,自动分拣N21,1683.5522746304405,1685.1322746304404,1.5799999999999272
DC12-DG-2-1BP,自动打磨,自动打磨N21,1685.1322746304404,1686.7084524082181,1.5761777777777297
DC12-DG-2-1BP,桁架码垛,自动分拣N21,1686.7084524082181,1687.8784524082182,1.1700000000000728
DC12-DG-2-1BS,分拣,自动分拣N21,1687.8784524082182,1689.4584524082181,1.5799999999999272
DC12-DG-2-1BS,自动打磨,自动打磨N21,1689.4584524082181,1691.0346301859959,1.5761777777777297
DC12-DG-2-1BS,桁架码垛,自动分拣N21,1691.0346301859959,1692.204630185996,1.1700000000000728
DC12-DG-2-2BP,分拣,自动分拣N21,1692.204630185996,1693.7846301859959,1.5799999999999272
DC12-DG-2-2BP,自动打磨,自动打磨N21,1693.7846301859959,1695.3178036780594,1.5331734920634972
DC12-DG-2-2BP,桁架码垛,自动分拣N21,1695.3178036780594,1696.4878036780594,1.1700000000000728
DC12-DG-2-2BS,分拣,自动分拣N21,1696.4878036780594,1698.0678036780594,1.5799999999999272
DC12-DG-2-2BS,自动打磨,自动打磨N21,1698.0678036780594,1699.6009770113926,1.5331733333332522
DC12-DG-2-2BS,桁架码垛,自动分拣N21,1699.6009770113926,1700.7709770113927,1.1700000000000728
DC12-DG-2-3BP,分拣,自动分拣N21,1700.7709770113927,1702.3509770113926,1.5799999999999272
DC12-DG-2-3BP,自动打磨,自动打磨N21,1702.3509770113926,1703.884150424091,1.5331734126984884
DC12-DG-2-3BP,桁架码垛,自动分拣N21,1703.884150424091,1705.0541504240912,1.1700000000000728
DC12-DG-2-3BS,分拣,自动分拣N21,1705.0541504240912,1706.634150424091,1.5799999999999272
DC12-DG-2-3BS,自动打磨,自动打磨N21,1706.634150424091,1708.1673239955196,1.533173571428506
DC12-DG-2-3BS,桁架码垛,自动分拣N21,1708.1673239955196,1709.3373239955197,1.1700000000000728
DC12-F64-1B6-1P,分拣,自动分拣N21,1709.3373239955197,1710.9173239955196,1.5799999999999272
DC12-F64-1B6-1P,自动打磨,自动打磨N21,1710.9173239955196,1712.8158337574243,1.8985097619047338
DC12-F64-1B6-1P,桁架码垛,自动分拣N21,1712.8158337574243,1713.9858337574244,1.1700000000000728
DC12-F64-1B6-1S,分拣,自动分拣N21,1713.9858337574244,1715.5658337574243,1.5799999999999272
DC12-F64-1B6-1S,自动打磨,自动打磨N21,1715.5658337574243,1717.464343598694,1.8985098412697425
DC12-F64-1B6-1S,桁架码垛,自动分拣N21,1717.464343598694,1718.6343435986942,1.1700000000000728
DC12-F76-1B6-1P,分拣,自动分拣N21,1718.6343435986942,1720.214343598694,1.5799999999999272
DC12-F76-1B6-1P,自动打磨,自动打磨N21,1720.214343598694,1721.2892733605988,1.074929761904741
DC12-F76-1B6-1P,桁架码垛,自动分拣N21,1721.2892733605988,1722.459273360599,1.1700000000000728
DC12-F76-1B6-1S,分拣,自动分拣N21,1722.459273360599,1724.0392733605988,1.5799999999999272
DC12-F76-1B6-1S,自动打磨,自动打磨N21,1724.0392733605988,1725.1142032018686,1.0749298412697499
DC12-F76-1B6-1S,桁架码垛,自动分拣N21,1725.1142032018686,1726.2842032018686,1.1700000000000728
U02S-1344切割后的大件,天车吊运（胎架到成品区）,天车,1673.2384994778151,1678.2384994778151,5.0
DC12-AG-4S-1BS,分拣,自动分拣N51,1848.7017946855522,1850.281794685552,1.5799999999999272
DC12-AG-4S-1BS,自动打磨,自动打磨N51,1850.281794685552,1852.6789734157107,2.3971787301586573
DC12-AG-4S-1BS,桁架码垛,自动分拣N51,1852.6789734157107,1853.8489734157108,1.1700000000000728
DC12-DG-3-1BP,分拣,自动分拣N51,1853.8489734157108,1855.4289734157107,1.5799999999999272
DC12-DG-3-1BP,自动打磨,自动打磨N51,1855.4289734157107,1858.0273451617425,2.5983717460317166
DC12-DG-3-1BP,桁架码垛,自动分拣N51,1858.0273451617425,1859.1973451617425,1.1700000000000728
DC12-DG-3-1BS,分拣,自动分拣N51,1859.1973451617425,1860.7773451617425,1.5799999999999272
DC12-DG-3-1BS,自动打磨,自动打磨N51,1860.7773451617425,1863.3757168284092,2.598371666666708
DC12-DG-3-1BS,桁架码垛,自动分拣N51,1863.3757168284092,1864.5457168284092,1.1700000000000728
DC12-DG-3-2BP,分拣,自动分拣N51,1864.5457168284092,1866.1257168284092,1.5799999999999272
DC12-DG-3-2BP,自动打磨,自动打磨N51,1866.1257168284092,1868.2185329395202,2.0928161111110057
DC12-DG-3-2BP,桁架码垛,自动分拣N51,1868.2185329395202,1869.3885329395202,1.1700000000000728
DC12-DG-3-2BS,分拣,自动分拣N51,1869.3885329395202,1870.9685329395202,1.5799999999999272
DC12-DG-3-2BS,自动打磨,自动打磨N51,1870.9685329395202,1872.4447234157105,1.476190476190368
DC12-DG-3-2BS,桁架码垛,自动分拣N51,1872.4447234157105,1873.6147234157106,1.1700000000000728
DC12-UD-1KSP-12BSP,分拣,自动分拣N51,1873.6147234157106,1875.1947234157105,1.5799999999999272
DC12-UD-1KSP-12BSP,自动打磨,自动打磨N51,1875.1947234157105,1877.3212265903137,2.126503174603158
DC12-UD-1KSP-12BSP,桁架码垛,自动分拣N51,1877.3212265903137,1878.4912265903138,1.1700000000000728
DC12-UD-1KSP-13BSP,分拣,自动分拣N51,1878.4912265903138,1880.0712265903137,1.5799999999999272
DC12-UD-1KSP-13BSP,自动打磨,自动打磨N51,1880.0712265903137,1882.197506907774,2.126280317460214
DC12-UD-1KSP-13BSP,桁架码垛,自动分拣N51,1882.197506907774,1883.367506907774,1.1700000000000728
DC12-UD-1KSP-1BSP,分拣,自动分拣N51,1883.367506907774,1884.947506907774,1.5799999999999272
DC12-UD-1KSP-1BSP,自动打磨,自动打磨N51,1884.947506907774,1887.0740099236468,2.1265030158729132
DC12-UD-1KSP-1BSP,桁架码垛,自动分拣N51,1887.0740099236468,1888.244009923647,1.1700000000000728
DC12-UD-1KSP-2BSP,分拣,自动分拣N51,1888.244009923647,1889.8240099236468,1.5799999999999272
DC12-UD-1KSP-2BSP,自动打磨,自动打磨N51,1889.8240099236468,1891.9505129395197,2.1265030158729132
DC12-UD-1KSP-2BSP,桁架码垛,自动分拣N51,1891.9505129395197,1893.1205129395198,1.1700000000000728
DC12-UD-1KSP-6BSP,分拣,自动分拣N51,1893.1205129395198,1894.7005129395197,1.5799999999999272
DC12-UD-1KSP-6BSP,自动打磨,自动打磨N51,1894.7005129395197,1896.247428177615,1.5469152380951527
DC12-UD-1KSP-6BSP,桁架码垛,自动分拣N51,1896.247428177615,1897.417428177615,1.1700000000000728
DC12-CG-1-1P,自由边打磨,人工打磨N51,1848.7017946855522,1851.5539682752958,2.852173589743643
U02S-1346,天车空驶（胎架到原料区）,天车,1603.554657494048,1611.554657494048,8.0
U02S-1346,天车吊运（原料区到胎架）,天车,1611.554657494048,1614.554657494048,3.0
DC12-CG-1-1S,自由边打磨,人工打磨N51,1851.5539682752958,1854.4061418650394,2.852173589743643
DC12-CG-2-1P,自由边打磨,人工打磨N51,1854.4061418650394,1857.7152790445266,3.309137179487152
DC12-CG-2-1S,自由边打磨,人工打磨N51,1857.7152790445266,1861.0244162752958,3.309137230769238
DC12-DG-1-1P,自由边打磨,人工打磨N51,1861.0244162752958,1863.9826782240139,2.958261948718018
DC12-DG-1-1S,自由边打磨,人工打磨N51,1863.9826782240139,1866.9409401214498,2.958261897435932
DC12-DG-1-3BP,分拣,自动分拣N51,1897.417428177615,1898.997428177615,1.5799999999999272
DC12-DG-1-3BP,自动打磨,自动打磨N51,1898.997428177615,1900.5306016696784,1.5331734920634972
DC12-DG-1-3BP,桁架码垛,自动分拣N51,1900.5306016696784,1901.7006016696785,1.1700000000000728
DC12-DG-1-4BS,分拣,自动分拣N51,1901.7006016696785,1903.2806016696784,1.5799999999999272
DC12-DG-1-4BS,自动打磨,自动打磨N51,1903.2806016696784,1904.813775161742,1.5331734920634972
DC12-DG-1-4BS,桁架码垛,自动分拣N51,1904.813775161742,1905.983775161742,1.1700000000000728
DC12-DG-2-1P,自由边打磨,人工打磨N51,1866.9409401214498,1870.3394879163216,3.3985477948717744
DC12-DG-2-1S,自由边打磨,人工打磨N51,1870.3394879163216,1873.7380358650396,3.398547948718033
DC12-DG-2-4BP,分拣,自动分拣N51,1905.983775161742,1907.563775161742,1.5799999999999272
DC12-DG-2-4BP,自动打磨,自动打磨N51,1907.563775161742,1909.0969485744404,1.5331734126984884
DC12-DG-2-4BP,桁架码垛,自动分拣N51,1909.0969485744404,1910.2669485744404,1.1700000000000728
DC12-DG-2-5BS,分拣,自动分拣N51,1910.2669485744404,1911.8469485744404,1.5799999999999272
DC12-DG-2-5BS,自动打磨,自动打磨N51,1911.8469485744404,1913.3801219871389,1.5331734126984884
DC12-DG-2-5BS,桁架码垛,自动分拣N51,1913.3801219871389,1914.550121987139,1.1700000000000728
DC12-F64-1B10-1P,分拣,自动分拣N51,1914.550121987139,1916.1301219871389,1.5799999999999272
DC12-F64-1B10-1P,自动打磨,自动打磨N51,1916.1301219871389,1918.5308292887262,2.4007073015873175
DC12-F64-1B10-1P,桁架码垛,自动分拣N51,1918.5308292887262,1919.7008292887263,1.1700000000000728
DC12-F64-1B10-1S,分拣,自动分拣N51,1919.7008292887263,1921.2808292887262,1.5799999999999272
DC12-F64-1B10-1S,自动打磨,自动打磨N51,1921.2808292887262,1923.6815366696785,2.4007073809523263
DC12-F64-1B10-1S,桁架码垛,自动分拣N51,1923.6815366696785,1924.8515366696786,1.1700000000000728
DC12-F64-1B11-1P,分拣,自动分拣N51,1924.8515366696786,1926.4315366696785,1.5799999999999272
DC12-F64-1B11-1P,自动打磨,自动打磨N51,1926.4315366696785,1928.3987696061865,1.9672329365080259
DC12-F64-1B11-1P,桁架码垛,自动分拣N51,1928.3987696061865,1929.5687696061866,1.1700000000000728
DC12-F64-1B11-1S,分拣,自动分拣N51,1929.5687696061866,1931.1487696061865,1.5799999999999272
DC12-F64-1B11-1S,自动打磨,自动打磨N51,1931.1487696061865,1933.1160027807898,1.9672331746032796
DC12-F64-1B11-1S,桁架码垛,自动分拣N51,1933.1160027807898,1934.2860027807899,1.1700000000000728
DC12-F64-1B8-1P,分拣,自动分拣N51,1934.2860027807899,1935.8660027807898,1.5799999999999272
DC12-F64-1B8-1P,自动打磨,自动打磨N51,1935.8660027807898,1938.3094262728532,2.4434234920634026
DC12-F64-1B8-1P,桁架码垛,自动分拣N51,1938.3094262728532,1939.4794262728533,1.1700000000000728
DC12-F64-1B9-1P,分拣,自动分拣N51,1939.4794262728533,1941.0594262728532,1.5799999999999272
DC12-F64-1B9-1P,自动打磨,自动打磨N51,1941.0594262728532,1943.4907656379326,2.4313393650793387
DC12-F64-1B9-1P,桁架码垛,自动分拣N51,1943.4907656379326,1944.6607656379326,1.1700000000000728
DC12-F64-1B9-1S,分拣,自动分拣N51,1944.6607656379326,1946.2407656379326,1.5799999999999272
DC12-F64-1B9-1S,自动打磨,自动打磨N51,1946.2407656379326,1948.672105082377,2.4313394444443475
DC12-F64-1B9-1S,桁架码垛,自动分拣N51,1948.672105082377,1949.842105082377,1.1700000000000728
DC12-F76-1B1-1P,分拣,自动分拣N51,1949.842105082377,1951.422105082377,1.5799999999999272
DC12-F76-1B1-1P,自动打磨,自动打磨N51,1951.422105082377,1953.695982304599,2.273877222222154
DC12-F76-1B1-1P,桁架码垛,自动分拣N51,1953.695982304599,1954.8659823045991,1.1700000000000728
DC12-F76-1B10-1P,分拣,自动分拣N51,1954.8659823045991,1956.445982304599,1.5799999999999272
DC12-F76-1B10-1P,自动打磨,自动打磨N51,1956.445982304599,1958.8371561141228,2.391173809523707
DC12-F76-1B10-1P,桁架码垛,自动分拣N51,1958.8371561141228,1960.0071561141228,1.1700000000000728
DC12-F76-1B10-1S,分拣,自动分拣N51,1960.0071561141228,1961.5871561141228,1.5799999999999272
DC12-F76-1B10-1S,自动打磨,自动打磨N51,1961.5871561141228,1963.9783300823767,2.391173968253952
DC12-F76-1B10-1S,桁架码垛,自动分拣N51,1963.9783300823767,1965.1483300823768,1.1700000000000728
DC12-F76-1B11-1P,分拣,自动分拣N51,1965.1483300823768,1966.7283300823767,1.5799999999999272
DC12-F76-1B11-1P,自动打磨,自动打磨N51,1966.7283300823767,1968.6843859553926,1.9560558730158846
DC12-F76-1B11-1P,桁架码垛,自动分拣N51,1968.6843859553926,1969.8543859553927,1.1700000000000728
DC12-F76-1B11-1S,分拣,自动分拣N51,1969.8543859553927,1971.4343859553926,1.5799999999999272
DC12-F76-1B11-1S,自动打磨,自动打磨N51,1971.4343859553926,1973.3904418284085,1.9560558730158846
DC12-F76-1B11-1S,桁架码垛,自动分拣N51,1973.3904418284085,1974.5604418284086,1.1700000000000728
DC12-F76-1B8-1P,分拣,自动分拣N51,1974.5604418284086,1976.1404418284085,1.5799999999999272
DC12-F76-1B8-1P,自动打磨,自动打磨N51,1976.1404418284085,1978.5743318284085,2.4338900000000194
DC12-F76-1B8-1P,桁架码垛,自动分拣N51,1978.5743318284085,1979.7443318284086,1.1700000000000728
DC12-F76-1B9-1P,分拣,自动分拣N51,1979.7443318284086,1981.3243318284085,1.5799999999999272
DC12-F76-1B9-1P,自动打磨,自动打磨N51,1981.3243318284085,1983.7461377807895,2.4218059523809643
DC12-F76-1B9-1P,桁架码垛,自动分拣N51,1983.7461377807895,1984.9161377807895,1.1700000000000728
DC12-F76-1B9-1S,分拣,自动分拣N51,1984.9161377807895,1986.4961377807895,1.5799999999999272
DC12-F76-1B9-1S,自动打磨,自动打磨N51,1986.4961377807895,1988.9179437331704,2.4218059523809643
DC12-F76-1B9-1S,桁架码垛,自动分拣N51,1988.9179437331704,1990.0879437331705,1.1700000000000728
U02S-1343切割后的大件,天车吊运（胎架到成品区）,天车,1873.7380358650396,1878.7380358650396,5.0
DC12-AG-1-2BP,分拣,自动分拣N21,1726.2842032018686,1727.8642032018686,1.5799999999999272
DC12-AG-1-2BP,自动打磨,自动打磨N21,1727.8642032018686,1730.059000662186,2.1947974603174316
DC12-AG-1-2BP,桁架至坡口工作站,自动分拣N21,1730.059000662186,1731.225700662186,1.1666999999999916
DC12-AG-1-2BS,分拣,自动分拣N21,1731.225700662186,1732.805700662186,1.5799999999999272
DC12-AG-1-2BS,自动打磨,自动打磨N21,1732.805700662186,1735.0004981225034,2.1947974603174316
DC12-AG-1-2BS,桁架至坡口工作站,自动分拣N21,1735.0004981225034,1736.1671981225034,1.1666999999999916
DC12-AG-2-2BP,分拣,自动分拣N21,1736.1671981225034,1737.7471981225033,1.5799999999999272
DC12-AG-2-2BP,自动打磨,自动打磨N21,1737.7471981225033,1739.856597805043,2.109399682539788
DC12-AG-2-2BP,桁架至坡口工作站,自动分拣N21,1739.856597805043,1741.023297805043,1.1666999999999916
DC12-AG-2-2BS,分拣,自动分拣N21,1741.023297805043,1742.603297805043,1.5799999999999272
DC12-AG-2-2BS,自动打磨,自动打磨N21,1742.603297805043,1744.7126973288525,2.109399523809543
DC12-AG-2-2BS,桁架至坡口工作站,自动分拣N21,1744.7126973288525,1745.8793973288525,1.1666999999999916
DC12-CG-2-3BP,分拣,自动分拣N21,1745.8793973288525,1747.4593973288524,1.5799999999999272
DC12-CG-2-3BP,自动打磨,自动打磨N21,1747.4593973288524,1749.4763480431382,2.016950714285713
DC12-CG-2-3BP,桁架至坡口工作站,自动分拣N21,1749.4763480431382,1750.6430480431382,1.1666999999999916
DC12-CG-2-3BS,分拣,自动分拣N21,1750.6430480431382,1752.223048043138,1.5799999999999272
DC12-CG-2-3BS,自动打磨,自动打磨N21,1752.223048043138,1754.2399987574238,2.016950714285713
DC12-CG-2-3BS,桁架至坡口工作站,自动分拣N21,1754.2399987574238,1755.4066987574238,1.1666999999999916
DC12-F64-1B7-1P,分拣,自动分拣N21,1755.4066987574238,1756.9866987574237,1.5799999999999272
DC12-F64-1B7-1P,自动打磨,自动打磨N21,1756.9866987574237,1758.8237605034556,1.83706174603185
DC12-F64-1B7-1P,桁架码垛,自动分拣N21,1758.8237605034556,1759.9937605034556,1.1700000000000728
DC12-F64-1B7-1S,分拣,自动分拣N21,1759.9937605034556,1761.5737605034556,1.5799999999999272
DC12-F64-1B7-1S,自动打磨,自动打磨N21,1761.5737605034556,1763.4108223288524,1.8370618253968587
DC12-F64-1B7-1S,桁架码垛,自动分拣N21,1763.4108223288524,1764.5808223288525,1.1700000000000728
DC12-F76-1B7-1P,分拣,自动分拣N21,1764.5808223288525,1766.1608223288524,1.5799999999999272
DC12-F76-1B7-1P,自动打磨,自动打磨N21,1766.1608223288524,1767.9867070113921,1.8258846825397086
DC12-F76-1B7-1P,桁架码垛,自动分拣N21,1767.9867070113921,1769.1567070113922,1.1700000000000728
DC12-F76-1B7-1S,分拣,自动分拣N21,1769.1567070113922,1770.7367070113921,1.5799999999999272
DC12-F76-1B7-1S,自动打磨,自动打磨N21,1770.7367070113921,1772.5625916939318,1.8258846825397086
DC12-F76-1B7-1S,桁架码垛,自动分拣N21,1772.5625916939318,1773.732591693932,1.1700000000000728
U02S-1345,天车空驶（胎架到原料区）,天车,1717.5614663077972,1725.5614663077972,8.0
U02S-1345,天车吊运（原料区到胎架）,天车,1725.5614663077972,1728.5614663077972,3.0
DC12-AG-1-1BP,分拣,自动分拣N21,1773.732591693932,1775.3125916939318,1.5799999999999272
DC12-AG-1-1BP,自动打磨,自动打磨N21,1775.3125916939318,1776.902227805043,1.5896361111110764
DC12-AG-1-1BP,桁架码垛,自动分拣N21,1776.902227805043,1778.072227805043,1.1700000000000728
DC12-AG-1-1BS,分拣,自动分拣N21,1778.072227805043,1779.652227805043,1.5799999999999272
DC12-AG-1-1BS,自动打磨,自动打磨N21,1779.652227805043,1781.241863995519,1.5896361904760852
DC12-AG-1-1BS,桁架码垛,自动分拣N21,1781.241863995519,1782.411863995519,1.1700000000000728
DC12-AG-2-1BP,分拣,自动分拣N21,1782.411863995519,1783.991863995519,1.5799999999999272
DC12-AG-2-1BP,自动打磨,自动打磨N21,1783.991863995519,1785.581500185995,1.5896361904760852
DC12-AG-2-1BP,桁架码垛,自动分拣N21,1785.581500185995,1786.7515001859952,1.1700000000000728
DC12-AG-2-1BS,分拣,自动分拣N21,1786.7515001859952,1788.331500185995,1.5799999999999272
DC12-AG-2-1BS,自动打磨,自动打磨N21,1788.331500185995,1789.9211363764712,1.5896361904760852
DC12-AG-2-1BS,桁架码垛,自动分拣N21,1789.9211363764712,1791.0911363764712,1.1700000000000728
DC12-CG-1-1BP,分拣,自动分拣N21,1791.0911363764712,1792.6711363764712,1.5799999999999272
DC12-CG-1-1BP,自动打磨,自动打磨N21,1792.6711363764712,1794.1224307415505,1.4512943650793204
DC12-CG-1-1BP,桁架码垛,自动分拣N21,1794.1224307415505,1795.2924307415506,1.1700000000000728
DC12-CG-1-1BS,分拣,自动分拣N21,1795.2924307415506,1796.8724307415505,1.5799999999999272
DC12-CG-1-1BS,自动打磨,自动打磨N21,1796.8724307415505,1798.3237251066298,1.4512943650793204
DC12-CG-1-1BS,桁架码垛,自动分拣N21,1798.3237251066298,1799.4937251066299,1.1700000000000728
DC12-CG-1-2BP,分拣,自动分拣N21,1799.4937251066299,1801.0737251066298,1.5799999999999272
DC12-CG-1-2BP,自动打磨,自动打磨N21,1801.0737251066298,1802.597751376471,1.5240262698412153
DC12-CG-1-2BP,桁架码垛,自动分拣N21,1802.597751376471,1803.767751376471,1.1700000000000728
DC12-CG-1-2BS,分拣,自动分拣N21,1803.767751376471,1805.347751376471,1.5799999999999272
DC12-CG-1-2BS,自动打磨,自动打磨N21,1805.347751376471,1806.8717778050425,1.5240264285714602
DC12-CG-1-2BS,桁架码垛,自动分拣N21,1806.8717778050425,1808.0417778050426,1.1700000000000728
DC12-CG-2-1BP,分拣,自动分拣N21,1808.0417778050426,1809.6217778050425,1.5799999999999272
DC12-CG-2-1BP,自动打磨,自动打磨N21,1809.6217778050425,1811.0730721701218,1.4512943650793204
DC12-CG-2-1BP,桁架码垛,自动分拣N21,1811.0730721701218,1812.2430721701219,1.1700000000000728
DC12-CG-2-1BS,分拣,自动分拣N21,1812.2430721701219,1813.8230721701218,1.5799999999999272
DC12-CG-2-1BS,自动打磨,自动打磨N21,1813.8230721701218,1815.2743665352011,1.4512943650793204
DC12-CG-2-1BS,桁架码垛,自动分拣N21,1815.2743665352011,1816.4443665352012,1.1700000000000728
DC12-CG-2-2BP,分拣,自动分拣N21,1816.4443665352012,1818.0243665352011,1.5799999999999272
DC12-CG-2-2BP,自动打磨,自动打磨N21,1818.0243665352011,1819.4756609002804,1.4512943650793204
DC12-CG-2-2BP,桁架码垛,自动分拣N21,1819.4756609002804,1820.6456609002805,1.1700000000000728
DC12-CG-2-2BS,分拣,自动分拣N21,1820.6456609002805,1822.2256609002804,1.5799999999999272
DC12-CG-2-2BS,自动打磨,自动打磨N21,1822.2256609002804,1823.6769552653598,1.4512943650793204
DC12-CG-2-2BS,桁架码垛,自动分拣N21,1823.6769552653598,1824.8469552653598,1.1700000000000728
U02B-1332,天车空驶（胎架到原料区）,天车,1767.732591693932,1770.732591693932,3.0
U02B-1332,天车吊运（原料区到胎架）,天车,1770.732591693932,1773.732591693932,3.0
DC12-UD-1KSP-1SP,自由边打磨,人工打磨N21,1804.909628432315,1811.57953756052,6.669909128205063
U02B-1332切割后的大件,天车吊运（胎架到成品区）,天车,1811.57953756052,1816.57953756052,5.0
U02S-1335,天车空驶（胎架到原料区）,天车,1816.57953756052,1824.57953756052,8.0
U02S-1335,天车吊运（原料区到胎架）,天车,1824.57953756052,1827.57953756052,3.0
DC12-UD-1KSP-10BSP,分拣,自动分拣N21,1887.3597186625136,1888.9397186625135,1.5799999999999272
DC12-UD-1KSP-10BSP,自动打磨,自动打磨N21,1888.9397186625135,1891.3707684244182,2.43104976190466
DC12-UD-1KSP-10BSP,桁架码垛,自动分拣N21,1891.3707684244182,1892.5407684244183,1.1700000000000728
DC12-UD-1KSP-8BSP,分拣,自动分拣N21,1892.5407684244183,1894.1207684244182,1.5799999999999272
DC12-UD-1KSP-8BSP,自动打磨,自动打磨N21,1894.1207684244182,1895.9199396942595,1.7991712698412812
DC12-UD-1KSP-8BSP,桁架码垛,自动分拣N21,1895.9199396942595,1897.0899396942596,1.1700000000000728
DC12-CHL-1E-1P,分拣,自动分拣N21,1897.0899396942596,1898.0899396942596,1.0
DC12-CHL-1E-1P,桁架至坡口工作站,自动分拣N21,1898.0899396942596,1899.2566396942595,1.1666999999999916
DC12-CHL-1E-1S,分拣,自动分拣N21,1899.2566396942595,1900.2566396942595,1.0
DC12-CHL-1E-1S,桁架至坡口工作站,自动分拣N21,1900.2566396942595,1901.4233396942595,1.1666999999999916
DC12-CHL-2E-1P,分拣,自动分拣N21,1901.4233396942595,1902.4233396942595,1.0
DC12-CHL-2E-1P,桁架至坡口工作站,自动分拣N21,1902.4233396942595,1903.5900396942595,1.1666999999999916
DC12-CHL-2E-1S,分拣,自动分拣N21,1903.5900396942595,1904.5900396942595,1.0
DC12-CHL-2E-1S,桁架至坡口工作站,自动分拣N21,1904.5900396942595,1905.7567396942595,1.1666999999999916
DC12-CHL-4E-1P,分拣,自动分拣N21,1905.7567396942595,1907.3367396942594,1.5799999999999272
DC12-CHL-4E-1P,自动打磨,自动打磨N21,1907.3367396942594,1909.3285425514023,1.9918028571428295
DC12-CHL-4E-1P,桁架至坡口工作站,自动分拣N21,1909.3285425514023,1910.4952425514023,1.1666999999999916
DC12-CHL-4E-1S,分拣,自动分拣N21,1910.4952425514023,1912.0752425514022,1.5799999999999272
DC12-CHL-4E-1S,自动打磨,自动打磨N21,1912.0752425514022,1914.067045249815,1.9918026984128119
DC12-CHL-4E-1S,桁架至坡口工作站,自动分拣N21,1914.067045249815,1915.233745249815,1.1666999999999916
DC12-CHL-6E-1P,分拣,自动分拣N21,1915.233745249815,1916.813745249815,1.5799999999999272
DC12-CHL-6E-1P,自动打磨,自动打磨N21,1916.813745249815,1918.583023345053,1.7692780952381781
DC12-CHL-6E-1P,桁架至坡口工作站,自动分拣N21,1918.583023345053,1919.749723345053,1.1666999999999916
DC12-CHL-6E-1S,分拣,自动分拣N21,1919.749723345053,1921.329723345053,1.5799999999999272
DC12-CHL-6E-1S,自动打磨,自动打磨N21,1921.329723345053,1923.099001360926,1.769278015872942
DC12-CHL-6E-1S,桁架至坡口工作站,自动分拣N21,1923.099001360926,1924.265701360926,1.1666999999999916
U02S-1341,天车空驶（胎架到原料区）,天车,1827.57953756052,1830.57953756052,3.0
U02S-1341,天车吊运（原料区到胎架）,天车,1830.57953756052,1833.57953756052,3.0
DC12-F68-1SP-1SP,分拣,自动分拣N21,1925.1903101184794,1926.7703101184793,1.5799999999999272
DC12-F68-1SP-1SP,自动打磨,自动打磨N21,1926.7703101184793,1932.5245144835587,5.754204365079431
DC12-F68-1SP-1SP,桁架码垛,自动分拣N21,1932.5245144835587,1933.6945144835588,1.1700000000000728
DC12-F71-1SP-1SP,分拣,自动分拣N21,1933.6945144835588,1935.2745144835587,1.5799999999999272
DC12-F71-1SP-1SP,自动打磨,自动打磨N21,1935.2745144835587,1937.9133282137175,2.638813730158745
DC12-F71-1SP-1SP,桁架码垛,自动分拣N21,1937.9133282137175,1939.0833282137176,1.1700000000000728
DC12-F72-1SP-1SP,分拣,自动分拣N21,1939.0833282137176,1940.6633282137175,1.5799999999999272
DC12-F72-1SP-1SP,自动打磨,自动打磨N21,1940.6633282137175,1946.2737478168922,5.610419603174705
DC12-F72-1SP-1SP,桁架码垛,自动分拣N21,1946.2737478168922,1947.4437478168923,1.1700000000000728
DC12-UD-1KSP-7BSP,分拣,自动分拣N21,1947.4437478168923,1949.0237478168922,1.5799999999999272
DC12-UD-1KSP-7BSP,自动打磨,自动打磨N21,1949.0237478168922,1950.0986961502256,1.0749483333333956
DC12-UD-1KSP-7BSP,桁架码垛,自动分拣N21,1950.0986961502256,1951.2686961502257,1.1700000000000728
DC12-UD-1KSP-9BSP,分拣,自动分拣N21,1951.2686961502257,1952.8486961502256,1.5799999999999272
DC12-UD-1KSP-9BSP,自动打磨,自动打磨N21,1952.8486961502256,1955.267239642289,2.4185434920634634
DC12-UD-1KSP-9BSP,桁架码垛,自动分拣N21,1955.267239642289,1956.4372396422891,1.1700000000000728
DC12-F71-2-1P,分拣,自动分拣N21,1956.4372396422891,1958.017239642289,1.5799999999999272
DC12-F71-2-1P,自动打磨,自动打磨N21,1958.017239642289,1962.0250211502255,4.007781507936443
DC12-F71-2-1P,桁架码垛,自动分拣N21,1962.0250211502255,1963.1950211502256,1.1700000000000728
DC12-F71-2-1S,分拣,自动分拣N21,1963.1950211502256,1964.7750211502255,1.5799999999999272
DC12-F71-2-1S,自动打磨,自动打磨N21,1964.7750211502255,1968.782802499432,4.007781349206425
DC12-F71-2-1S,桁架码垛,自动分拣N21,1968.782802499432,1969.952802499432,1.1700000000000728
DC12-UD-1KSP-11BSP,分拣,自动分拣N21,1969.952802499432,1971.532802499432,1.5799999999999272
DC12-UD-1KSP-11BSP,自动打磨,自动打磨N21,1971.532802499432,1973.4455757534001,1.9127732539682256
DC12-UD-1KSP-11BSP,桁架码垛,自动分拣N21,1973.4455757534001,1974.6155757534002,1.1700000000000728
U02S-1339,天车空驶（胎架到原料区）,天车,1728.5614663077972,1731.5614663077972,3.0
U02S-1339,天车吊运（原料区到胎架）,天车,1731.5614663077972,1734.5614663077972,3.0
DC12-F64-1KSP-1SP,自由边打磨,人工打磨N51,1883.0666420637338,1883.5499639611696,0.4833218974358715
DC12-F64-1KSP-2SP,自由边打磨,人工打磨N51,1883.5499639611696,1884.0332858073234,0.4833218461537854
DC12-F76-1KSP-1SP,自由边打磨,人工打磨N51,1884.0332858073234,1884.5166076534772,0.4833218461537854
DC12-F76-1KSP-2SP,自由边打磨,人工打磨N51,1884.5166076534772,1884.999929499631,0.4833218461537854
U02S-1339切割后的大件,天车吊运（胎架到坡口区）,天车,1884.999929499631,1887.999929499631,3.0
DC12-F64-1KSP-1SP,人工坡口,人工坡口1,1887.999929499631,1894.799957499631,6.800028000000111
DC12-F64-1KSP-2SP,人工坡口,人工坡口1,1894.799957499631,1901.579985499631,6.780027999999902
DC12-F76-1KSP-1SP,人工坡口,人工坡口1,1901.579985499631,1908.303681499631,6.723696000000018
DC12-F76-1KSP-2SP,人工坡口,人工坡口1,1908.303681499631,1915.047377499631,6.743696
U02S-1339切割后的大件,天车吊运（坡口区到成品区）,天车,1915.047377499631,1920.047377499631,5.0
U02S-1336,天车空驶（胎架到原料区）,天车,1920.047377499631,1928.047377499631,8.0
U02S-1336,天车吊运（原料区到胎架）,天车,1928.047377499631,1931.047377499631,3.0
DC12-F64-1B4W-1P,分拣,自动分拣N21,1976.2331929875227,1977.8131929875226,1.5799999999999272
DC12-F64-1B4W-1P,自动打磨,自动打磨N21,1977.8131929875226,1980.0115384637131,2.198345476190525
DC12-F64-1B4W-1P,桁架至坡口工作站,自动分拣N21,1980.0115384637131,1981.1782384637131,1.1666999999999916
DC12-F64-1B4W-1S,分拣,自动分拣N21,1981.1782384637131,1982.758238463713,1.5799999999999272
DC12-F64-1B4W-1S,自动打磨,自动打磨N21,1982.758238463713,1984.9565839399036,2.198345476190525
DC12-F64-1B4W-1S,桁架至坡口工作站,自动分拣N21,1984.9565839399036,1986.1232839399036,1.1666999999999916
DC12-F64-1B5W-1P,分拣,自动分拣N21,1986.1232839399036,1987.7032839399035,1.5799999999999272
DC12-F64-1B5W-1P,自动打磨,自动打磨N21,1987.7032839399035,1989.9001187811734,2.196834841269947
DC12-F64-1B5W-1P,桁架至坡口工作站,自动分拣N21,1989.9001187811734,1991.0668187811734,1.1666999999999916
DC12-F64-1B5W-1S,分拣,自动分拣N21,1991.0668187811734,1992.6468187811734,1.5799999999999272
DC12-F64-1B5W-1S,自动打磨,自动打磨N21,1992.6468187811734,1994.843653622443,2.1968348412697196
DC12-F64-1B5W-1S,桁架至坡口工作站,自动分拣N21,1994.843653622443,1996.010353622443,1.1666999999999916
DC12-F76-1B4W-1P,分拣,自动分拣N21,1996.010353622443,1997.590353622443,1.5799999999999272
DC12-F76-1B4W-1P,自动打磨,自动打磨N21,1997.590353622443,1999.7811890986334,2.1908354761903865
DC12-F76-1B4W-1P,桁架至坡口工作站,自动分拣N21,1999.7811890986334,2000.9478890986334,1.1666999999999916
DC12-F76-1B4W-1S,分拣,自动分拣N21,2000.9478890986334,2002.5278890986333,1.5799999999999272
DC12-F76-1B4W-1S,自动打磨,自动打磨N21,2002.5278890986333,2004.7187244954587,2.1908353968253778
DC12-F76-1B4W-1S,桁架至坡口工作站,自动分拣N21,2004.7187244954587,2005.8854244954587,1.1666999999999916
DC12-F76-1B5W-1P,分拣,自动分拣N21,2005.8854244954587,2007.4654244954586,1.5799999999999272
DC12-F76-1B5W-1P,自动打磨,自动打磨N21,2007.4654244954586,2009.6547312414903,2.1893067460316615
DC12-F76-1B5W-1P,桁架至坡口工作站,自动分拣N21,2009.6547312414903,2010.8214312414902,1.1666999999999916
DC12-F76-1B5W-1S,分拣,自动分拣N21,2010.8214312414902,2012.4014312414902,1.5799999999999272
DC12-F76-1B5W-1S,自动打磨,自动打磨N21,2012.4014312414902,2014.590738066887,2.1893068253968977
DC12-F76-1B5W-1S,桁架至坡口工作站,自动分拣N21,2014.590738066887,2015.757438066887,1.1666999999999916
U02S-1342,天车空驶（胎架到原料区）,天车,1887.999929499631,1890.999929499631,3.0
U02S-1342,天车吊运（原料区到胎架）,天车,1890.999929499631,1893.999929499631,3.0
U02S-1342切割后的大件,天车吊运（胎架到成品区）,天车,1954.6564237231967,1959.6564237231967,5.0
U02B-1334,天车空驶（胎架到原料区）,天车,1963.6155757534002,1971.6155757534002,8.0
U02B-1334,天车吊运（原料区到胎架）,天车,1971.6155757534002,1974.6155757534002,3.0
U02B-1333,天车空驶（胎架到原料区）,天车,1974.6155757534002,1977.6155757534002,3.0
U02B-1333,天车吊运（原料区到胎架）,天车,1977.6155757534002,1980.6155757534002,3.0
U02B-1334切割后的大件,天车吊运（胎架到成品区）,天车,2005.0874568833265,2010.0874568833265,5.0
DC12-UD-1KSP-2SP,自由边打磨,人工打磨N51,2017.0646600208256,2020.1007387900563,3.0360787692306985
U02B-1333切割后的大件,天车空驶（成品区到胎架）,天车,2015.1007387900563,2020.1007387900563,5.0
U02B-1333切割后的大件,天车吊运（胎架到成品区）,天车,2020.1007387900563,2025.1007387900563,5.0
U02S-1337,天车空驶（胎架到原料区）,天车,2025.1007387900563,2033.1007387900563,8.0
U02S-1337,天车吊运（原料区到胎架）,天车,2033.1007387900563,2036.1007387900563,3.0
DC12-F69-1SP-1SP,自由边打磨,人工打磨N21,2079.266643934503,2080.5704786011697,1.3038346666667167
U02A-1330,天车空驶（胎架到原料区）,天车,1984.0879437331705,1987.0879437331705,3.0
U02A-1330,天车吊运（原料区到胎架）,天车,1987.0879437331705,1990.0879437331705,3.0
U02S-1337切割后的大件,天车吊运（胎架到坡口区）,天车,2080.5704786011697,2083.5704786011697,3.0
DC12-F69-1SP-1SP,人工坡口,人工坡口1,2083.5704786011697,2104.1937586011695,20.623279999999795
U02S-1337切割后的大件,天车吊运（坡口区到成品区）,天车,2104.1937586011695,2109.1937586011695,5.0
U02A-1331,天车空驶（胎架到原料区）,天车,2036.1007387900563,2044.1007387900563,8.0
U02A-1331,天车吊运（原料区到胎架）,天车,2044.1007387900563,2047.1007387900563,3.0
U02A-1330切割后的大件,天车吊运（胎架到成品区）,天车,2073.934444185609,2078.934444185609,5.0
E01S-1211,天车空驶（胎架到原料区）,天车,2047.1007387900563,2055.1007387900563,8.0
E01S-1211,天车吊运（原料区到胎架）,天车,2055.1007387900563,2058.1007387900563,3.0
U02A-1331切割后的大件,天车吊运（胎架到成品区）,天车,2135.9408698684124,2140.9408698684124,5.0
E01S-1246,天车空驶（胎架到原料区）,天车,2083.5704786011697,2091.5704786011697,8.0
E01S-1246,天车吊运（原料区到胎架）,天车,2091.5704786011697,2094.5704786011697,3.0
E01S-1211切割后的大件,天车吊运（胎架到坡口区）,天车,2097.521354488007,2100.521354488007,3.0
N1-CG-2KS-2S,人工坡口,人工坡口1,2104.1937586011695,2124.3693386011696,20.175580000000082
N1-F29-7S-1S,人工坡口,人工坡口1,2124.3693386011696,2140.6894506011695,16.32011199999988
N1-F31-8S-1S,人工坡口,人工坡口1,2140.6894506011695,2168.0336946011694,27.34424399999989
E01S-1211切割后的大件,天车吊运（坡口区到成品区）,天车,2168.0336946011694,2173.0336946011694,5.0
N1-F19-2-1BS,分拣,自动分拣N21,2188.375824936735,2189.955824936735,1.5799999999999272
N1-F19-2-1BS,自动打磨,自动打磨N21,2189.955824936735,2191.3665589049892,1.410733968254135
N1-F19-2-1BS,桁架码垛,自动分拣N21,2191.3665589049892,2192.5365589049893,1.1700000000000728
N1-F33-1B1K-1P,分拣,自动分拣N21,2192.5365589049893,2194.1165589049892,1.5799999999999272
N1-F33-1B1K-1P,自动打磨,自动打磨N21,2194.1165589049892,2196.9177039843544,2.801145079365142
N1-F33-1B1K-1P,桁架码垛,自动分拣N21,2196.9177039843544,2198.0877039843544,1.1700000000000728
N1-F32-2B1-1P,分拣,自动分拣N21,2198.0877039843544,2199.6677039843544,1.5799999999999272
N1-F32-2B1-1P,自动打磨,自动打磨N21,2199.6677039843544,2201.497055254196,1.8293512698414816
N1-F32-2B1-1P,桁架码垛,自动分拣N21,2201.497055254196,2202.667055254196,1.1700000000000728
N1-F26-3B1S-1S,分拣,自动分拣N21,2202.667055254196,2204.247055254196,1.5799999999999272
N1-F26-3B1S-1S,自动打磨,自动打磨N21,2204.247055254196,2207.6603904922913,3.413335238095442
N1-F26-3B1S-1S,桁架码垛,自动分拣N21,2207.6603904922913,2208.8303904922914,1.1700000000000728
N1-F28-4B1S-1S,分拣,自动分拣N21,2208.8303904922914,2210.4103904922913,1.5799999999999272
N1-F28-4B1S-1S,自动打磨,自动打磨N21,2210.4103904922913,2212.033221285942,1.6228307936507917
N1-F28-4B1S-1S,桁架码垛,自动分拣N21,2212.033221285942,2213.203221285942,1.1700000000000728
N1-AG-3-1P,分拣,自动分拣N21,2213.203221285942,2214.783221285942,1.5799999999999272
N1-AG-3-1P,自动打磨,自动打磨N21,2214.783221285942,2216.82313390499,2.0399126190477546
N1-AG-3-1P,桁架码垛,自动分拣N21,2216.82313390499,2217.99313390499,1.1700000000000728
N1-F17-1B1-1P,分拣,自动分拣N21,2217.99313390499,2219.57313390499,1.5799999999999272
N1-F17-1B1-1P,自动打磨,自动打磨N21,2219.57313390499,2221.8528387462597,2.279704841269904
N1-F17-1B1-1P,桁架至坡口工作站,自动分拣N21,2221.8528387462597,2223.01953874626,1.166700000000219
N1-F17-1B1-1S,分拣,自动分拣N21,2223.01953874626,2224.59953874626,1.5799999999999272
N1-F17-1B1-1S,自动打磨,自动打磨N21,2224.59953874626,2226.87924358753,2.279704841269904
N1-F17-1B1-1S,桁架至坡口工作站,自动分拣N21,2226.87924358753,2228.04594358753,1.166700000000219
N1-F29-4B1P-1P,分拣,自动分拣N21,2228.04594358753,2229.62594358753,1.5799999999999272
N1-F29-4B1P-1P,自动打磨,自动打磨N21,2229.62594358753,2232.929207873244,3.303264285714249
N1-F29-4B1P-1P,桁架码垛,自动分拣N21,2232.929207873244,2234.0992078732443,1.1700000000000728
N1-F30-2B1P-1P,分拣,自动分拣N21,2234.0992078732443,2235.679207873244,1.5799999999999272
N1-F30-2B1P-1P,自动打磨,自动打磨N21,2235.679207873244,2237.175706047847,1.496498174602948
N1-F30-2B1P-1P,桁架码垛,自动分拣N21,2237.175706047847,2238.345706047847,1.1700000000000728
N1-F30-4B1P-1P,分拣,自动分拣N21,2238.345706047847,2239.925706047847,1.5799999999999272
N1-F30-4B1P-1P,自动打磨,自动打磨N21,2239.925706047847,2241.744217714514,1.8185116666668364
N1-F30-4B1P-1P,桁架码垛,自动分拣N21,2241.744217714514,2242.914217714514,1.1700000000000728
N1-F32-2B1-1S,分拣,自动分拣N21,2242.914217714514,2244.494217714514,1.5799999999999272
N1-F32-2B1-1S,自动打磨,自动打磨N21,2244.494217714514,2246.3235690637202,1.829351349206263
N1-F32-2B1-1S,桁架码垛,自动分拣N21,2246.3235690637202,2247.4935690637203,1.1700000000000728
N1-AG-3-1S,分拣,自动分拣N21,2247.4935690637203,2249.0735690637202,1.5799999999999272
N1-AG-3-1S,自动打磨,自动打磨N21,2249.0735690637202,2251.113481682768,2.0399126190477546
N1-AG-3-1S,桁架码垛,自动分拣N21,2251.113481682768,2252.283481682768,1.1700000000000728
N1-F27-4B1S-1S,分拣,自动分拣N21,2252.283481682768,2253.863481682768,1.5799999999999272
N1-F27-4B1S-1S,自动打磨,自动打磨N21,2253.863481682768,2255.6834225557836,1.8199408730156392
N1-F27-4B1S-1S,桁架码垛,自动分拣N21,2255.6834225557836,2256.8534225557837,1.1700000000000728
N1-F33-1B1K-1S,分拣,自动分拣N21,2256.8534225557837,2258.4334225557836,1.5799999999999272
N1-F33-1B1K-1S,自动打磨,自动打磨N21,2258.4334225557836,2261.234567873244,2.8011453174603957
N1-F33-1B1K-1S,桁架码垛,自动分拣N21,2261.234567873244,2262.404567873244,1.1700000000000728
N1-F21-1B1P-1P,分拣,自动分拣N21,2262.404567873244,2263.984567873244,1.5799999999999272
N1-F21-1B1P-1P,自动打磨,自动打磨N21,2263.984567873244,2265.5454712859423,1.5609034126982806
N1-F21-1B1P-1P,桁架码垛,自动分拣N21,2265.5454712859423,2266.7154712859424,1.1700000000000728
N1-F30-1B1P-1P,分拣,自动分拣N21,2266.7154712859424,2268.2954712859423,1.5799999999999272
N1-F30-1B1P-1P,自动打磨,自动打磨N21,2268.2954712859423,2269.700471920863,1.4050006349207251
N1-F30-1B1P-1P,桁架码垛,自动分拣N21,2269.700471920863,2270.870471920863,1.1700000000000728
N1-F31-1B1P-1P,分拣,自动分拣N21,2270.870471920863,2272.450471920863,1.5799999999999272
N1-F31-1B1P-1P,自动打磨,自动打磨N21,2272.450471920863,2274.0675214446724,1.617049523809328
N1-F31-1B1P-1P,桁架码垛,自动分拣N21,2274.0675214446724,2275.2375214446724,1.1700000000000728
N1-F34-2B1-1S,分拣,自动分拣N21,2275.2375214446724,2276.8175214446724,1.5799999999999272
N1-F34-2B1-1S,自动打磨,自动打磨N21,2276.8175214446724,2278.61324406372,1.7957226190474103
N1-F34-2B1-1S,桁架码垛,自动分拣N21,2278.61324406372,2279.78324406372,1.1700000000000728
N1-F35-1B1-1P,分拣,自动分拣N21,2279.78324406372,2281.36324406372,1.5799999999999272
N1-F35-1B1-1P,自动打磨,自动打磨N21,2281.36324406372,2283.16728422245,1.804040158730004
N1-F35-1B1-1P,桁架码垛,自动分拣N21,2283.16728422245,2284.33728422245,1.1700000000000728
E01S-1223,天车空驶（胎架到原料区）,天车,2109.1937586011695,2117.1937586011695,8.0
E01S-1223,天车吊运（原料区到胎架）,天车,2117.1937586011695,2120.1937586011695,3.0
N1-F31-4P-1P,分拣,自动分拣N51,2153.924445981333,2155.504445981333,1.5799999999999272
N1-F31-4P-1P,自动打磨,自动打磨N51,2155.504445981333,2157.7143885210157,2.209942539682743
N1-F31-4P-1P,桁架码垛,自动分拣N51,2157.7143885210157,2158.884388521016,1.1700000000000728
N1-F31-5S-1S,分拣,自动分拣N51,2158.884388521016,2160.4643885210157,1.5799999999999272
N1-F31-5S-1S,自动打磨,自动打磨N51,2160.4643885210157,2161.707385425778,1.2429969047620943
N1-F31-5S-1S,桁架码垛,自动分拣N51,2161.707385425778,2162.877385425778,1.1700000000000728
N1-F32-6P-1P,分拣,自动分拣N51,2162.877385425778,2164.457385425778,1.5799999999999272
N1-F32-6P-1P,自动打磨,自动打磨N51,2164.457385425778,2165.7003822511747,1.2429968253968582
N1-F32-6P-1P,桁架码垛,自动分拣N51,2165.7003822511747,2166.8703822511748,1.1700000000000728
N1-F32-7S-1S,分拣,自动分拣N51,2166.8703822511748,2168.4503822511747,1.5799999999999272
N1-F32-7S-1S,自动打磨,自动打磨N51,2168.4503822511747,2170.6603247908574,2.209942539682743
N1-F32-7S-1S,桁架码垛,自动分拣N51,2170.6603247908574,2171.8303247908575,1.1700000000000728
E01S-1244,天车空驶（胎架到原料区）,天车,2120.1937586011695,2123.1937586011695,3.0
E01S-1244,天车吊运（原料区到胎架）,天车,2123.1937586011695,2126.1937586011695,3.0
N1-F19-2-1BP,分拣,自动分拣N51,2207.300954781163,2208.880954781163,1.5799999999999272
N1-F19-2-1BP,自动打磨,自动打磨N51,2208.880954781163,2210.291688828782,1.4107340476189165
N1-F19-2-1BP,桁架码垛,自动分拣N51,2210.291688828782,2211.461688828782,1.1700000000000728
N1-F30-1SP-2BSP,分拣,自动分拣N51,2211.461688828782,2213.041688828782,1.5799999999999272
N1-F30-1SP-2BSP,自动打磨,自动打磨N51,2213.041688828782,2214.452422797036,1.410733968254135
N1-F30-1SP-2BSP,桁架码垛,自动分拣N51,2214.452422797036,2215.622422797036,1.1700000000000728
N1-F30-1SP-3BSP,分拣,自动分拣N51,2215.622422797036,2217.202422797036,1.5799999999999272
N1-F30-1SP-3BSP,自动打磨,自动打磨N51,2217.202422797036,2218.61315676529,1.410733968254135
N1-F30-1SP-3BSP,桁架码垛,自动分拣N51,2218.61315676529,2219.78315676529,1.1700000000000728
N1-F26-4B1P-1P,分拣,自动分拣N51,2219.78315676529,2221.36315676529,1.5799999999999272
N1-F26-4B1P-1P,自动打磨,自动打磨N51,2221.36315676529,2223.4418673208456,2.078710555555517
N1-F26-4B1P-1P,桁架码垛,自动分拣N51,2223.4418673208456,2224.6118673208457,1.1700000000000728
N1-F28-1B1P-1P,分拣,自动分拣N51,2224.6118673208457,2226.1918673208456,1.5799999999999272
N1-F28-1B1P-1P,自动打磨,自动打磨N51,2226.1918673208456,2228.3334452573536,2.141577936507929
N1-F28-1B1P-1P,桁架码垛,自动分拣N51,2228.3334452573536,2229.5034452573536,1.1700000000000728
N1-F28-2B1P-1P,分拣,自动分拣N51,2229.5034452573536,2231.0834452573536,1.5799999999999272
N1-F28-2B1P-1P,自动打磨,自动打磨N51,2231.0834452573536,2233.278904066877,2.195458809523643
N1-F28-2B1P-1P,桁架码垛,自动分拣N51,2233.278904066877,2234.4489040668773,1.1700000000000728
N1-F33-3B1-1P,分拣,自动分拣N51,2234.4489040668773,2236.028904066877,1.5799999999999272
N1-F33-3B1-1P,自动打磨,自动打磨N51,2236.028904066877,2238.3664791462425,2.3375750793652514
N1-F33-3B1-1P,桁架码垛,自动分拣N51,2238.3664791462425,2239.5364791462425,1.1700000000000728
N1-F28-3B1S-1S,分拣,自动分拣N51,2239.5364791462425,2241.1164791462425,1.5799999999999272
N1-F28-3B1S-1S,自动打磨,自动打磨N51,2241.1164791462425,2243.290492558941,2.174013412698514
N1-F28-3B1S-1S,桁架码垛,自动分拣N51,2243.290492558941,2244.460492558941,1.1700000000000728
N1-F33-3B1-1S,分拣,自动分拣N51,2244.460492558941,2246.040492558941,1.5799999999999272
N1-F33-3B1-1S,自动打磨,自动打磨N51,2246.040492558941,2248.3780677970362,2.337575238095269
N1-F33-3B1-1S,桁架码垛,自动分拣N51,2248.3780677970362,2249.5480677970363,1.1700000000000728
N1-F22-1B1-1P,分拣,自动分拣N51,2249.5480677970363,2251.1280677970362,1.5799999999999272
N1-F22-1B1-1P,自动打磨,自动打磨N51,2251.1280677970362,2253.6874971621155,2.559429365079268
N1-F22-1B1-1P,桁架码垛,自动分拣N51,2253.6874971621155,2254.8574971621156,1.1700000000000728
N1-F20-3B1S-1S,分拣,自动分拣N51,2254.8574971621156,2256.4374971621155,1.5799999999999272
N1-F20-3B1S-1S,自动打磨,自动打磨N51,2256.4374971621155,2258.730288749417,2.292791587301508
N1-F20-3B1S-1S,桁架码垛,自动分拣N51,2258.730288749417,2259.900288749417,1.1700000000000728
N1-F21-2B1S-1S,分拣,自动分拣N51,2259.900288749417,2261.480288749417,1.5799999999999272
N1-F21-2B1S-1S,自动打磨,自动打磨N51,2261.480288749417,2263.634297717671,2.1540089682539474
N1-F21-2B1S-1S,桁架码垛,自动分拣N51,2263.634297717671,2264.804297717671,1.1700000000000728
N1-F22-1B1-1S,分拣,自动分拣N51,2264.804297717671,2266.384297717671,1.5799999999999272
N1-F22-1B1-1S,自动打磨,自动打磨N51,2266.384297717671,2268.9437270033854,2.5594292857144865
N1-F22-1B1-1S,桁架码垛,自动分拣N51,2268.9437270033854,2270.1137270033855,1.1700000000000728
N1-F27-2B1S-1S,分拣,自动分拣N51,2270.1137270033855,2271.6937270033854,1.5799999999999272
N1-F27-2B1S-1S,自动打磨,自动打磨N51,2271.6937270033854,2273.5215121621154,1.8277851587299665
N1-F27-2B1S-1S,桁架码垛,自动分拣N51,2273.5215121621154,2274.6915121621155,1.1700000000000728
N1-LG32-1B1-1P,分拣,自动分拣N51,2274.6915121621155,2276.2715121621154,1.5799999999999272
N1-LG32-1B1-1P,自动打磨,自动打磨N51,2276.2715121621154,2278.7831400986233,2.511627936507921
N1-LG32-1B1-1P,桁架码垛,自动分拣N51,2278.7831400986233,2279.9531400986234,1.1700000000000728
N1-LG32-1B1-1S,分拣,自动分拣N51,2279.9531400986234,2281.5331400986233,1.5799999999999272
N1-LG32-1B1-1S,自动打磨,自动打磨N51,2281.5331400986233,2284.0447680351313,2.511627936507921
N1-LG32-1B1-1S,桁架码垛,自动分拣N51,2284.0447680351313,2285.2147680351313,1.1700000000000728
N1-F34-1B1-1P,分拣,自动分拣N51,2285.2147680351313,2286.7947680351313,1.5799999999999272
N1-F34-1B1-1P,自动打磨,自动打磨N51,2286.7947680351313,2288.6055739875123,1.810805952381088
N1-F34-1B1-1P,桁架码垛,自动分拣N51,2288.6055739875123,2289.7755739875124,1.1700000000000728
N1-F34-1B1-1S,分拣,自动分拣N51,2289.7755739875124,2291.3555739875123,1.5799999999999272
N1-F34-1B1-1S,自动打磨,自动打磨N51,2291.3555739875123,2293.1664880351314,1.8109140476190078
N1-F34-1B1-1S,桁架码垛,自动分拣N51,2293.1664880351314,2294.3364880351314,1.1700000000000728
N1-F34-2B1-1P,分拣,自动分拣N51,2294.3364880351314,2295.9164880351314,1.5799999999999272
N1-F34-2B1-1P,自动打磨,自动打磨N51,2295.9164880351314,2297.7122108129092,1.7957227777778826
N1-F34-2B1-1P,桁架码垛,自动分拣N51,2297.7122108129092,2298.8822108129093,1.1700000000000728
N1-F35-1B1-1S,分拣,自动分拣N51,2298.8822108129093,2300.4622108129092,1.5799999999999272
N1-F35-1B1-1S,自动打磨,自动打磨N51,2300.4622108129092,2302.2662510510045,1.80404023809524
N1-F35-1B1-1S,桁架码垛,自动分拣N51,2302.2662510510045,2303.4362510510045,1.1700000000000728
E01S-1209,天车空驶（胎架到原料区）,天车,2140.9408698684124,2143.9408698684124,3.0
E01S-1209,天车吊运（原料区到胎架）,天车,2143.9408698684124,2146.9408698684124,3.0
N1-F19-2-1P,分拣,自动分拣N21,2284.33728422245,2285.91728422245,1.5799999999999272
N1-F19-2-1P,自动打磨,自动打磨N21,2285.91728422245,2288.71842953991,2.8011453174603957
N1-F19-2-1P,桁架至坡口工作站,自动分拣N21,2288.71842953991,2289.8851295399104,1.166700000000219
N1-F19-2-1S,分拣,自动分拣N21,2289.8851295399104,2290.8851295399104,1.0
N1-F19-2-1S,桁架至坡口工作站,自动分拣N21,2290.8851295399104,2292.0518295399106,1.166700000000219
N1-F20-5-1P,分拣,自动分拣N21,2292.0518295399106,2293.6318295399105,1.5799999999999272
N1-F20-5-1P,自动打磨,自动打磨N21,2293.6318295399105,2295.012259143085,1.3804296031744343
N1-F20-5-1P,桁架至坡口工作站,自动分拣N21,2295.012259143085,2296.178959143085,1.166700000000219
N1-F20-5-1S,分拣,自动分拣N21,2296.178959143085,2297.758959143085,1.5799999999999272
N1-F20-5-1S,自动打磨,自动打磨N21,2297.758959143085,2299.746724778006,1.9877656349208337
N1-F20-5-1S,桁架至坡口工作站,自动分拣N21,2299.746724778006,2300.913424778006,1.166700000000219
E01S-1229,天车空驶（胎架到原料区）,天车,2278.33728422245,2281.33728422245,3.0
E01S-1229,天车吊运（原料区到胎架）,天车,2281.33728422245,2284.33728422245,3.0
N1-CG-2KS-1S,自由边打磨,人工打磨N21,2356.6447084895576,2357.4141714126345,0.7694629230768442
E01S-1204,天车空驶（胎架到原料区）,天车,2173.0336946011694,2176.0336946011694,3.0
E01S-1204,天车吊运（原料区到胎架）,天车,2176.0336946011694,2179.0336946011694,3.0
N1-CG-1KP-1P,自由边打磨,人工打磨N21,2357.4141714126345,2358.187510848532,0.7733394358974692
N1-F33-1SP-1BSP,分拣,自动分拣N21,2356.6447084895576,2358.2247084895575,1.5799999999999272
N1-F33-1SP-1BSP,自动打磨,自动打磨N21,2358.2247084895575,2360.415543886383,2.190835396825605
N1-F33-1SP-1BSP,桁架码垛,自动分拣N21,2360.415543886383,2361.585543886383,1.1700000000000728
N1-F33-1SP-2BSP,分拣,自动分拣N21,2361.585543886383,2363.165543886383,1.5799999999999272
N1-F33-1SP-2BSP,自动打磨,自动打磨N21,2363.165543886383,2365.354850632415,2.189306746031889
N1-F33-1SP-2BSP,桁架码垛,自动分拣N21,2365.354850632415,2366.524850632415,1.1700000000000728
N1-F33-1SP-3BSP,分拣,自动分拣N21,2366.524850632415,2368.104850632415,1.5799999999999272
N1-F33-1SP-3BSP,自动打磨,自动打磨N21,2368.104850632415,2370.2941574578117,2.1893068253966703
N1-F33-1SP-3BSP,桁架码垛,自动分拣N21,2370.2941574578117,2371.464157457812,1.1700000000000728
N1-F33-1SP-4BSP,分拣,自动分拣N21,2371.464157457812,2373.0441574578117,1.5799999999999272
N1-F33-1SP-4BSP,自动打磨,自动打磨N21,2373.0441574578117,2375.327054759399,2.282897301587127
N1-F33-1SP-4BSP,桁架码垛,自动分拣N21,2375.327054759399,2376.497054759399,1.1700000000000728
N1-F33-1SP-5BSP,分拣,自动分拣N21,2376.497054759399,2378.077054759399,1.5799999999999272
N1-F33-1SP-5BSP,自动打磨,自动打磨N21,2378.077054759399,2380.359951743526,2.282896984127092
N1-F33-1SP-5BSP,桁架码垛,自动分拣N21,2380.359951743526,2381.529951743526,1.1700000000000728
N1-F33-1SP-6BSP,分拣,自动分拣N21,2381.529951743526,2383.109951743526,1.5799999999999272
N1-F33-1SP-6BSP,自动打磨,自动打磨N21,2383.109951743526,2385.56996055305,2.46000880952397
N1-F33-1SP-6BSP,桁架码垛,自动分拣N21,2385.56996055305,2386.73996055305,1.1700000000000728
N1-F36-1P-1BP,分拣,自动分拣N21,2386.73996055305,2388.31996055305,1.5799999999999272
N1-F36-1P-1BP,自动打磨,自动打磨N21,2388.31996055305,2390.7700780133673,2.450117460317415
N1-F36-1P-1BP,桁架码垛,自动分拣N21,2390.7700780133673,2391.9400780133674,1.1700000000000728
N1-F36-1P-3BP,分拣,自动分拣N21,2391.9400780133674,2393.5200780133673,1.5799999999999272
N1-F36-1P-3BP,自动打磨,自动打磨N21,2393.5200780133673,2395.97019571178,2.4501176984126687
N1-F36-1P-3BP,桁架码垛,自动分拣N21,2395.97019571178,2397.14019571178,1.1700000000000728
N1-F36-1P-6BP,分拣,自动分拣N21,2397.14019571178,2398.72019571178,1.5799999999999272
N1-F36-1P-6BP,自动打磨,自动打磨N21,2398.72019571178,2401.1802046006687,2.4600088888887512
N1-F36-1P-6BP,桁架码垛,自动分拣N21,2401.1802046006687,2402.350204600669,1.1700000000000728
N1-F36-2S-5BS,分拣,自动分拣N21,2402.350204600669,2403.9302046006687,1.5799999999999272
N1-F36-2S-5BS,自动打磨,自动打磨N21,2403.9302046006687,2406.625485949875,2.6952813492061978
N1-F36-2S-5BS,桁架码垛,自动分拣N21,2406.625485949875,2407.795485949875,1.1700000000000728
N1-F36-1P/C1P,分拣,自动分拣N21,2407.795485949875,2409.375485949875,1.5799999999999272
N1-F36-1P/C1P,自动打磨,自动打磨N21,2409.375485949875,2412.070767299081,2.6952813492061978
N1-F36-1P/C1P,桁架码垛,自动分拣N21,2412.070767299081,2413.240767299081,1.1700000000000728
N1-F36-1P/C2P,分拣,自动分拣N21,2413.240767299081,2414.820767299081,1.5799999999999272
N1-F36-1P/C2P,自动打磨,自动打磨N21,2414.820767299081,2417.0946445213035,2.2738772222223815
N1-F36-1P/C2P,桁架码垛,自动分拣N21,2417.0946445213035,2418.2646445213036,1.1700000000000728
E01S-1229切割后的大件,天车吊运（胎架到成品区）,天车,2358.187510848532,2363.187510848532,5.0
N1-LG3-1-1P,自由边打磨,人工打磨N51,2286.1013630057296,2286.3667603390627,0.26539733333311233
N1-LG3-1-1S,自由边打磨,人工打磨N51,2286.3667603390627,2286.632157672396,0.26539733333311233
E01S-1204切割后的大件,天车空驶（成品区到胎架）,天车,2284.33728422245,2289.33728422245,5.0
E01S-1204切割后的大件,天车吊运（胎架到坡口区）,天车,2289.33728422245,2292.33728422245,3.0
N1-LG3-1-1P,人工坡口,人工坡口1,2292.33728422245,2330.16365622245,37.82637199999999
N1-LG3-1-1S,人工坡口,人工坡口1,2330.16365622245,2367.99002822245,37.82637199999999
E01S-1204切割后的大件,天车吊运（坡口区到成品区）,天车,2367.99002822245,2372.99002822245,5.0
E01S-1226,天车空驶（胎架到原料区）,天车,2292.33728422245,2300.33728422245,8.0
E01S-1226,天车吊运（原料区到胎架）,天车,2300.33728422245,2303.33728422245,3.0
E01S-1203,天车空驶（胎架到原料区）,天车,2303.33728422245,2306.33728422245,3.0
E01S-1203,天车吊运（原料区到胎架）,天车,2306.33728422245,2309.33728422245,3.0
N1-F19-1SP-1BSP,分拣,自动分拣N21,2454.46239976244,2455.46239976244,1.0
N1-F34-1-1P,分拣,自动分拣N21,2455.46239976244,2457.04239976244,1.5799999999999272
N1-F34-1-1P,自动打磨,自动打磨N21,2457.04239976244,2459.573272222757,2.5308724603173687
N1-F34-1-1P,桁架码垛,自动分拣N21,2459.573272222757,2460.7432722227572,1.1700000000000728
N1-F34-1-2P,分拣,自动分拣N21,2460.7432722227572,2462.323272222757,1.5799999999999272
N1-F34-1-2P,自动打磨,自动打磨N21,2462.323272222757,2464.8541446037098,2.5308723809525873
N1-F34-1-2P,桁架码垛,自动分拣N21,2464.8541446037098,2466.02414460371,1.1700000000000728
N1-F35-1-1P,分拣,自动分拣N21,2466.02414460371,2467.6041446037098,1.5799999999999272
N1-F35-1-1P,自动打磨,自动打磨N21,2467.6041446037098,2468.9763683338683,1.3722237301585665
N1-F35-1-1P,桁架码垛,自动分拣N21,2468.9763683338683,2470.1463683338684,1.1700000000000728
N1-F35-1-2P,分拣,自动分拣N21,2470.1463683338684,2471.7263683338683,1.5799999999999272
N1-F35-1-2P,自动打磨,自动打磨N21,2471.7263683338683,2473.0968606354554,1.3704923015870918
N1-F35-1-2P,桁架码垛,自动分拣N21,2473.0968606354554,2474.2668606354555,1.1700000000000728
N1-F34-1-1S,分拣,自动分拣N21,2474.2668606354555,2475.8468606354554,1.5799999999999272
N1-F34-1-1S,自动打磨,自动打磨N21,2475.8468606354554,2478.3777329370428,2.530872301587351
N1-F34-1-1S,桁架码垛,自动分拣N21,2478.3777329370428,2479.547732937043,1.1700000000000728
N1-F34-1-2S,分拣,自动分拣N21,2479.547732937043,2481.1277329370428,1.5799999999999272
N1-F34-1-2S,自动打磨,自动打磨N21,2481.1277329370428,2482.498225159265,1.3704922222223104
N1-F34-1-2S,桁架码垛,自动分拣N21,2482.498225159265,2483.668225159265,1.1700000000000728
N1-F35-1-1S,分拣,自动分拣N21,2483.668225159265,2485.248225159265,1.5799999999999272
N1-F35-1-1S,自动打磨,自动打磨N21,2485.248225159265,2486.6204488894236,1.3722237301585665
N1-F35-1-1S,桁架码垛,自动分拣N21,2486.6204488894236,2487.7904488894237,1.1700000000000728
N1-F35-1-2S,分拣,自动分拣N21,2487.7904488894237,2488.7904488894237,1.0
N1-F30-1SP-1BSP,分拣,自动分拣N21,2488.7904488894237,2490.3704488894236,1.5799999999999272
N1-F30-1SP-1BSP,自动打磨,自动打磨N21,2490.3704488894236,2492.1397269846616,1.7692780952379508
N1-F30-1SP-1BSP,桁架码垛,自动分拣N21,2492.1397269846616,2493.3097269846617,1.1700000000000728
E01S-1226切割后的大件,天车吊运（胎架到成品区）,天车,2454.46239976244,2459.46239976244,5.0
N1-LG1-2-10BP,分拣,自动分拣N51,2409.0035566193305,2410.5835566193305,1.5799999999999272
N1-LG1-2-10BP,自动打磨,自动打磨N51,2410.5835566193305,2412.75547098441,2.171914365079374
N1-LG1-2-10BP,桁架码垛,自动分拣N51,2412.75547098441,2413.92547098441,1.1700000000000728
N1-LG1-2-10BS,分拣,自动分拣N51,2413.92547098441,2415.50547098441,1.5799999999999272
N1-LG1-2-10BS,自动打磨,自动打磨N51,2415.50547098441,2417.042699238378,1.537228253968351
N1-LG1-2-10BS,桁架码垛,自动分拣N51,2417.042699238378,2418.2126992383783,1.1700000000000728
N1-LG1-2-1BP,分拣,自动分拣N51,2418.2126992383783,2419.792699238378,1.5799999999999272
N1-LG1-2-1BP,自动打磨,自动打磨N51,2419.792699238378,2421.31601630187,1.5233170634919588
N1-LG1-2-1BP,桁架码垛,自动分拣N51,2421.31601630187,2422.48601630187,1.1700000000000728
N1-LG1-2-1BS,分拣,自动分拣N51,2422.48601630187,2424.06601630187,1.5799999999999272
N1-LG1-2-1BS,自动打磨,自动打磨N51,2424.06601630187,2425.06601630187,1.0
N1-LG1-2-1BS,桁架码垛,自动分拣N51,2425.06601630187,2426.23601630187,1.1700000000000728
N1-LG1-2-2BP,分拣,自动分拣N51,2426.23601630187,2427.81601630187,1.5799999999999272
N1-LG1-2-2BP,自动打磨,自动打磨N51,2427.81601630187,2428.81601630187,1.0
N1-LG1-2-2BP,桁架码垛,自动分拣N51,2428.81601630187,2429.98601630187,1.1700000000000728
N1-LG1-2-2BS,分拣,自动分拣N51,2429.98601630187,2431.56601630187,1.5799999999999272
N1-LG1-2-2BS,自动打磨,自动打磨N51,2431.56601630187,2432.56601630187,1.0
N1-LG1-2-2BS,桁架码垛,自动分拣N51,2432.56601630187,2433.73601630187,1.1700000000000728
N1-LG1-2-3BP,分拣,自动分拣N51,2433.73601630187,2435.31601630187,1.5799999999999272
N1-LG1-2-3BP,自动打磨,自动打磨N51,2435.31601630187,2436.8393324923463,1.52331619047618
N1-LG1-2-3BP,桁架码垛,自动分拣N51,2436.8393324923463,2438.0093324923464,1.1700000000000728
N1-LG1-2-3BS,分拣,自动分拣N51,2438.0093324923464,2439.5893324923463,1.5799999999999272
N1-LG1-2-3BS,自动打磨,自动打磨N51,2439.5893324923463,2441.1239924129814,1.534659920635022
N1-LG1-2-3BS,桁架码垛,自动分拣N51,2441.1239924129814,2442.2939924129814,1.1700000000000728
N1-LG1-2-4BP,分拣,自动分拣N51,2442.2939924129814,2443.8739924129814,1.5799999999999272
N1-LG1-2-4BP,自动打磨,自动打磨N51,2443.8739924129814,2445.901050349489,2.0270579365078447
N1-LG1-2-4BP,桁架码垛,自动分拣N51,2445.901050349489,2447.0710503494893,1.1700000000000728
N1-LG1-2-4BS,分拣,自动分拣N51,2447.0710503494893,2448.651050349489,1.5799999999999272
N1-LG1-2-4BS,自动打磨,自动打磨N51,2448.651050349489,2450.6894506669496,2.0384003174604004
N1-LG1-2-4BS,桁架码垛,自动分拣N51,2450.6894506669496,2451.8594506669497,1.1700000000000728
N1-LG1-2-5BP,分拣,自动分拣N51,2451.8594506669497,2453.4394506669496,1.5799999999999272
N1-LG1-2-5BP,自动打磨,自动打磨N51,2453.4394506669496,2455.4665086034574,2.0270579365078447
N1-LG1-2-5BP,桁架码垛,自动分拣N51,2455.4665086034574,2456.6365086034575,1.1700000000000728
N1-LG1-2-5BS,分拣,自动分拣N51,2456.6365086034575,2458.2165086034574,1.5799999999999272
N1-LG1-2-5BS,自动打磨,自动打磨N51,2458.2165086034574,2460.254909079648,2.038400476190418
N1-LG1-2-5BS,桁架码垛,自动分拣N51,2460.254909079648,2461.424909079648,1.1700000000000728
N1-LG1-2-6BP,分拣,自动分拣N51,2461.424909079648,2463.004909079648,1.5799999999999272
N1-LG1-2-6BP,自动打磨,自动打磨N51,2463.004909079648,2466.611249317743,3.606340238095072
N1-LG1-2-6BP,桁架码垛,自动分拣N51,2466.611249317743,2467.781249317743,1.1700000000000728
N1-LG1-2-6BS,分拣,自动分拣N51,2467.781249317743,2469.361249317743,1.5799999999999272
N1-LG1-2-6BS,自动打磨,自动打磨N51,2469.361249317743,2470.571765190759,1.2105158730159928
N1-LG1-2-6BS,桁架码垛,自动分拣N51,2470.571765190759,2471.741765190759,1.1700000000000728
N1-LG1-2-7BP,分拣,自动分拣N51,2471.741765190759,2473.321765190759,1.5799999999999272
N1-LG1-2-7BP,自动打磨,自动打磨N51,2473.321765190759,2476.016437254251,2.6946720634919075
N1-LG1-2-7BP,桁架码垛,自动分拣N51,2476.016437254251,2477.186437254251,1.1700000000000728
N1-LG1-2-7BS,分拣,自动分拣N51,2477.186437254251,2478.766437254251,1.5799999999999272
N1-LG1-2-7BS,自动打磨,自动打磨N51,2478.766437254251,2480.7934951907587,2.0270579365078447
N1-LG1-2-7BS,桁架码垛,自动分拣N51,2480.7934951907587,2481.9634951907587,1.1700000000000728
N1-LG1-2-8BP,分拣,自动分拣N51,2481.9634951907587,2483.5434951907587,1.5799999999999272
N1-LG1-2-8BP,自动打磨,自动打磨N51,2483.5434951907587,2485.5705531272665,2.0270579365078447
N1-LG1-2-8BP,桁架码垛,自动分拣N51,2485.5705531272665,2486.7405531272666,1.1700000000000728
N1-LG1-2-8BS,分拣,自动分拣N51,2486.7405531272666,2488.3205531272665,1.5799999999999272
N1-LG1-2-8BS,自动打磨,自动打磨N51,2488.3205531272665,2490.254482730441,1.9339296031744198
N1-LG1-2-8BS,桁架码垛,自动分拣N51,2490.254482730441,2491.424482730441,1.1700000000000728
N1-LG1-2-9BP,分拣,自动分拣N51,2491.424482730441,2493.004482730441,1.5799999999999272
N1-LG1-2-9BP,自动打磨,自动打磨N51,2493.004482730441,2494.9384122542506,1.9339295238096383
N1-LG1-2-9BP,桁架码垛,自动分拣N51,2494.9384122542506,2496.1084122542507,1.1700000000000728
N1-LG1-2-9BS,分拣,自动分拣N51,2496.1084122542507,2497.6884122542506,1.5799999999999272
N1-LG1-2-9BS,自动打磨,自动打磨N51,2497.6884122542506,2499.5161974129805,1.8277851587299665
N1-LG1-2-9BS,桁架码垛,自动分拣N51,2499.5161974129805,2500.6861974129806,1.1700000000000728
N1-F21-7S-1S,自由边打磨,人工打磨N51,2409.0035566193305,2409.268954003946,0.26539738461542584
N1-DB-1SP-3SP,自由边打磨,人工打磨N51,2409.268954003946,2410.026190978305,0.7572369743588752
N1-F31-2B1S-1S,分拣,自动分拣N51,2500.6861974129806,2502.2661974129805,1.5799999999999272
N1-F31-2B1S-1S,自动打磨,自动打磨N51,2502.2661974129805,2504.8887456669486,2.6225482539680343
N1-F31-2B1S-1S,桁架码垛,自动分拣N51,2504.8887456669486,2506.0587456669487,1.1700000000000728
N1-ST-3-2S,分拣,自动分拣N51,2506.0587456669487,2507.6387456669486,1.5799999999999272
N1-ST-3-2S,自动打磨,自动打磨N51,2507.6387456669486,2509.717456222504,2.078710555555517
N1-ST-3-2S,桁架码垛,自动分拣N51,2509.717456222504,2510.887456222504,1.1700000000000728
N1-ST1-1B1S-1S,分拣,自动分拣N51,2510.887456222504,2512.467456222504,1.5799999999999272
N1-ST1-1B1S-1S,自动打磨,自动打磨N51,2512.467456222504,2515.0900043971074,2.622548174603253
N1-ST1-1B1S-1S,桁架码垛,自动分拣N51,2515.0900043971074,2516.2600043971074,1.1700000000000728
N1-ST2-1B1S-1S,分拣,自动分拣N51,2516.2600043971074,2517.8400043971074,1.5799999999999272
N1-ST2-1B1S-1S,自动打磨,自动打磨N51,2517.8400043971074,2518.8400043971074,1.0
N1-ST2-1B1S-1S,桁架码垛,自动分拣N51,2518.8400043971074,2520.0100043971074,1.1700000000000728
E01S-1203切割后的大件,天车空驶（成品区到胎架）,天车,2404.268954003946,2409.268954003946,5.0
E01S-1203切割后的大件,天车吊运（胎架到成品区）,天车,2409.268954003946,2414.268954003946,5.0
E01S-1203切割后的大件,天车空驶（成品区到胎架）,天车,2414.268954003946,2419.268954003946,5.0
E01S-1203切割后的大件,天车吊运（胎架到坡口区）,天车,2419.268954003946,2422.268954003946,3.0
N1-DB-1SP-3SP,人工坡口,人工坡口1,2422.268954003946,2508.790194003946,86.52124000000003
E01S-1203切割后的大件,天车吊运（坡口区到成品区）,天车,2508.790194003946,2513.790194003946,5.0
E01S-1206,天车空驶（胎架到原料区）,天车,2422.268954003946,2430.268954003946,8.0
E01S-1206,天车吊运（原料区到胎架）,天车,2430.268954003946,2433.268954003946,3.0
N1-LG2-2P-1P,自由边打磨,人工打磨N21,2561.4604437533076,2561.974603086641,0.5141593333332821
E01S-1242,天车空驶（胎架到原料区）,天车,2309.33728422245,2312.33728422245,3.0
E01S-1242,天车吊运（原料区到胎架）,天车,2312.33728422245,2315.33728422245,3.0
N1-LG2-4S-1S,自由边打磨,人工打磨N21,2561.974603086641,2562.4941367789484,0.5195336923075047
E01S-1206切割后的大件,天车吊运（胎架到坡口区）,天车,2562.4941367789484,2565.4941367789484,3.0
N1-LG2-2P-1P,人工坡口,人工坡口1,2565.4941367789484,2634.5903087789484,69.09617200000002
N1-LG2-4S-1S,人工坡口,人工坡口1,2634.5903087789484,2737.5090407789485,102.91873200000009
E01S-1206切割后的大件,天车吊运（坡口区到成品区）,天车,2737.5090407789485,2742.5090407789485,5.0
N1-F26-1B1P-1P,分拣,自动分拣N51,2520.0100043971074,2521.5900043971074,1.5799999999999272
N1-F26-1B1P-1P,自动打磨,自动打磨N51,2521.5900043971074,2523.013536143139,1.4235317460315855
N1-F26-1B1P-1P,桁架码垛,自动分拣N51,2523.013536143139,2524.183536143139,1.1700000000000728
N1-F26-5B1P-1P,分拣,自动分拣N51,2524.183536143139,2525.763536143139,1.5799999999999272
N1-F26-5B1P-1P,自动打磨,自动打磨N51,2525.763536143139,2527.1870678891705,1.4235317460315855
N1-F26-5B1P-1P,桁架码垛,自动分拣N51,2527.1870678891705,2528.3570678891706,1.1700000000000728
N1-F27-1B1P-1P,分拣,自动分拣N51,2528.3570678891706,2529.9370678891705,1.5799999999999272
N1-F27-1B1P-1P,自动打磨,自动打磨N51,2529.9370678891705,2532.063719476472,2.1266515873016942
N1-F27-1B1P-1P,桁架码垛,自动分拣N51,2532.063719476472,2533.2337194764723,1.1700000000000728
N1-F27-3B1P-1P,分拣,自动分拣N51,2533.2337194764723,2534.813719476472,1.5799999999999272
N1-F27-3B1P-1P,自动打磨,自动打磨N51,2534.813719476472,2536.940371063774,2.1266515873016942
N1-F27-3B1P-1P,桁架码垛,自动分拣N51,2536.940371063774,2538.110371063774,1.1700000000000728
N1-F28-5B1P-1P,分拣,自动分拣N51,2538.110371063774,2539.690371063774,1.5799999999999272
N1-F28-5B1P-1P,自动打磨,自动打磨N51,2539.690371063774,2541.8170226510756,2.1266515873016942
N1-F28-5B1P-1P,桁架码垛,自动分拣N51,2541.8170226510756,2542.9870226510757,1.1700000000000728
N1-F28-6B1-1P,分拣,自动分拣N51,2542.9870226510757,2544.5670226510756,1.5799999999999272
N1-F28-6B1-1P,自动打磨,自动打磨N51,2544.5670226510756,2546.6936742383773,2.1266515873016942
N1-F28-6B1-1P,桁架码垛,自动分拣N51,2546.6936742383773,2547.8636742383774,1.1700000000000728
N1-F30-3B1S-1S,分拣,自动分拣N51,2547.8636742383774,2549.4436742383773,1.5799999999999272
N1-F30-3B1S-1S,自动打磨,自动打磨N51,2549.4436742383773,2551.9045793177424,2.4609050793651477
N1-F30-3B1S-1S,桁架码垛,自动分拣N51,2551.9045793177424,2553.0745793177425,1.1700000000000728
N1-F30-5B1S-1S,分拣,自动分拣N51,2553.0745793177425,2554.6545793177424,1.5799999999999272
N1-F30-5B1S-1S,自动打磨,自动打磨N51,2554.6545793177424,2557.4756697145676,2.821090396825184
N1-F30-5B1S-1S,桁架码垛,自动分拣N51,2557.4756697145676,2558.6456697145677,1.1700000000000728
N1-F31-3B1-1P,分拣,自动分拣N51,2558.6456697145677,2560.2256697145676,1.5799999999999272
N1-F31-3B1-1P,自动打磨,自动打磨N51,2560.2256697145676,2562.824248365361,2.59857865079357
N1-F31-3B1-1P,桁架码垛,自动分拣N51,2562.824248365361,2563.9942483653613,1.1700000000000728
N1-F31-4B1-1P,分拣,自动分拣N51,2563.9942483653613,2565.574248365361,1.5799999999999272
N1-F31-4B1-1P,自动打磨,自动打磨N51,2565.574248365361,2568.3980724923454,2.8238241269841637
N1-F31-4B1-1P,桁架码垛,自动分拣N51,2568.3980724923454,2569.5680724923454,1.1700000000000728
N1-F32-1B1P-1P,分拣,自动分拣N51,2569.5680724923454,2571.1480724923454,1.5799999999999272
N1-F32-1B1P-1P,自动打磨,自动打磨N51,2571.1480724923454,2573.8609300320277,2.712857539682318
N1-F32-1B1P-1P,桁架码垛,自动分拣N51,2573.8609300320277,2575.0309300320278,1.1700000000000728
N1-F36-1P-2BP,分拣,自动分拣N51,2575.0309300320278,2576.6109300320277,1.5799999999999272
N1-F36-1P-2BP,自动打磨,自动打磨N51,2576.6109300320277,2578.6379879685355,2.0270579365078447
N1-F36-1P-2BP,桁架码垛,自动分拣N51,2578.6379879685355,2579.8079879685356,1.1700000000000728
N1-F36-1P-4BP,分拣,自动分拣N51,2579.8079879685356,2581.3879879685355,1.5799999999999272
N1-F36-1P-4BP,自动打磨,自动打磨N51,2581.3879879685355,2582.811519714567,1.4235317460315855
N1-F36-1P-4BP,桁架码垛,自动分拣N51,2582.811519714567,2583.981519714567,1.1700000000000728
N1-F28-6B1-1S,分拣,自动分拣N51,2583.981519714567,2585.561519714567,1.5799999999999272
N1-F28-6B1-1S,自动打磨,自动打磨N51,2585.561519714567,2587.688171301869,2.1266515873016942
N1-F28-6B1-1S,桁架码垛,自动分拣N51,2587.688171301869,2588.858171301869,1.1700000000000728
N1-F29-5B1S-1S,分拣,自动分拣N51,2588.858171301869,2590.438171301869,1.5799999999999272
N1-F29-5B1S-1S,自动打磨,自动打磨N51,2590.438171301869,2592.5648228891705,2.1266515873016942
N1-F29-5B1S-1S,桁架码垛,自动分拣N51,2592.5648228891705,2593.7348228891706,1.1700000000000728
N1-F29-6B1S-1S,分拣,自动分拣N51,2593.7348228891706,2595.3148228891705,1.5799999999999272
N1-F29-6B1S-1S,自动打磨,自动打磨N51,2595.3148228891705,2598.131303524091,2.816480634920481
N1-F29-6B1S-1S,桁架码垛,自动分拣N51,2598.131303524091,2599.301303524091,1.1700000000000728
N1-F29-8B1S-1S,分拣,自动分拣N51,2599.301303524091,2600.881303524091,1.5799999999999272
N1-F29-8B1S-1S,自动打磨,自动打磨N51,2600.881303524091,2603.3113442383765,2.4300407142854965
N1-F29-8B1S-1S,桁架码垛,自动分拣N51,2603.3113442383765,2604.4813442383766,1.1700000000000728
N1-F31-3B1-1S,分拣,自动分拣N51,2604.4813442383766,2606.0613442383765,1.5799999999999272
N1-F31-3B1-1S,自动打磨,自动打磨N51,2606.0613442383765,2608.65992288917,2.59857865079357
N1-F31-3B1-1S,桁架码垛,自动分拣N51,2608.65992288917,2609.82992288917,1.1700000000000728
N1-F31-4B1-1S,分拣,自动分拣N51,2609.82992288917,2611.40992288917,1.5799999999999272
N1-F31-4B1-1S,自动打磨,自动打磨N51,2611.40992288917,2614.233746857424,2.823823968254146
N1-F31-4B1-1S,桁架码垛,自动分拣N51,2614.233746857424,2615.4037468574243,1.1700000000000728
N1-F32-1B2S-1S,分拣,自动分拣N51,2615.4037468574243,2616.983746857424,1.5799999999999272
N1-F32-1B2S-1S,自动打磨,自动打磨N51,2616.983746857424,2619.6944441590117,2.7106973015875155
N1-F32-1B2S-1S,桁架码垛,自动分拣N51,2619.6944441590117,2620.864444159012,1.1700000000000728
N1-F36-2S-3BS,分拣,自动分拣N51,2620.864444159012,2622.4444441590117,1.5799999999999272
N1-F36-2S-3BS,自动打磨,自动打磨N51,2622.4444441590117,2623.8679759050433,1.4235317460315855
N1-F36-2S-3BS,桁架码垛,自动分拣N51,2623.8679759050433,2625.0379759050434,1.1700000000000728
N1-F36-2S-6BS,分拣,自动分拣N51,2625.0379759050434,2626.6179759050433,1.5799999999999272
N1-F36-2S-6BS,自动打磨,自动打磨N51,2626.6179759050433,2628.6563763812337,2.038400476190418
N1-F36-2S-6BS,桁架码垛,自动分拣N51,2628.6563763812337,2629.826376381234,1.1700000000000728
E01S-1240,天车空驶（胎架到原料区）,天车,2513.790194003946,2521.790194003946,8.0
E01S-1240,天车吊运（原料区到胎架）,天车,2521.790194003946,2524.790194003946,3.0
N1-F18-3-1P,分拣,自动分拣N51,2645.266309968872,2646.846309968872,1.5799999999999272
N1-F18-3-1P,自动打磨,自动打磨N51,2646.846309968872,2648.370336397443,1.5240264285712328
N1-F18-3-1P,桁架码垛,自动分拣N51,2648.370336397443,2649.5403363974433,1.1700000000000728
N1-F18-3-1S,分拣,自动分拣N51,2649.5403363974433,2651.120336397443,1.5799999999999272
N1-F18-3-1S,自动打磨,自动打磨N51,2651.120336397443,2652.5716307625225,1.4512943650793204
N1-F18-3-1S,桁架码垛,自动分拣N51,2652.5716307625225,2653.7416307625226,1.1700000000000728
N1-F32-2-1P,分拣,自动分拣N51,2653.7416307625226,2655.3216307625225,1.5799999999999272
N1-F32-2-1P,自动打磨,自动打磨N51,2655.3216307625225,2657.3385814768085,2.01695071428594
N1-F32-2-1P,桁架码垛,自动分拣N51,2657.3385814768085,2658.5085814768086,1.1700000000000728
N1-F31-7S-1S,分拣,自动分拣N51,2658.5085814768086,2660.0885814768085,1.5799999999999272
N1-F31-7S-1S,自动打磨,自动打磨N51,2660.0885814768085,2662.197981000618,2.1093995238093157
N1-F31-7S-1S,桁架码垛,自动分拣N51,2662.197981000618,2663.367981000618,1.1700000000000728
N1-F32-2-1S,分拣,自动分拣N51,2663.367981000618,2664.947981000618,1.5799999999999272
N1-F32-2-1S,自动打磨,自动打磨N51,2664.947981000618,2666.9649317149037,2.01695071428594
N1-F32-2-1S,桁架码垛,自动分拣N51,2666.9649317149037,2668.134931714904,1.1700000000000728
N1-F31-1P-2P,自由边打磨,人工打磨N51,2645.266309968872,2645.5579155586156,0.2916055897435399
E01S-1205,天车空驶（胎架到原料区）,天车,2487.3097269846617,2490.3097269846617,3.0
E01S-1205,天车吊运（原料区到胎架）,天车,2490.3097269846617,2493.3097269846617,3.0
N1-F31-2P-1P,自由边打磨,人工打磨N51,2645.5579155586156,2645.849521148359,0.2916055897435399
N1-F31-3-1P,分拣,自动分拣N51,2668.134931714904,2669.7149317149037,1.5799999999999272
N1-F31-3-1P,自动打磨,自动打磨N51,2669.7149317149037,2671.166226079983,1.4512943650793204
N1-F31-3-1P,桁架码垛,自动分拣N51,2671.166226079983,2672.336226079983,1.1700000000000728
N1-F32-5-1P,分拣,自动分拣N51,2672.336226079983,2673.916226079983,1.5799999999999272
N1-F32-5-1P,自动打磨,自动打磨N51,2673.916226079983,2675.753287826015,1.83706174603185
N1-F32-5-1P,桁架码垛,自动分拣N51,2675.753287826015,2676.923287826015,1.1700000000000728
N1-F31-3-1S,分拣,自动分拣N51,2676.923287826015,2678.503287826015,1.5799999999999272
N1-F31-3-1S,自动打磨,自动打磨N51,2678.503287826015,2680.6980852863326,2.194797460317659
N1-F31-3-1S,桁架码垛,自动分拣N51,2680.6980852863326,2681.8680852863326,1.1700000000000728
N1-F31-6S-1S,自由边打磨,人工打磨N51,2645.849521148359,2646.566364020154,0.7168428717950519
N1-F32-5-1S,分拣,自动分拣N51,2681.8680852863326,2683.4480852863326,1.5799999999999272
N1-F32-5-1S,自动打磨,自动打磨N51,2683.4480852863326,2685.285147111729,1.8370618253966313
N1-F32-5-1S,桁架码垛,自动分拣N51,2685.285147111729,2686.4551471117293,1.1700000000000728
N1-ST-1-1P,分拣,自动分拣N51,2686.4551471117293,2688.035147111729,1.5799999999999272
N1-ST-1-1P,自动打磨,自动打磨N51,2688.035147111729,2689.861031794269,1.8258846825397086
N1-ST-1-1P,桁架码垛,自动分拣N51,2689.861031794269,2691.031031794269,1.1700000000000728
N1-ST-1-1S,分拣,自动分拣N51,2691.031031794269,2692.611031794269,1.5799999999999272
N1-ST-1-1S,自动打磨,自动打磨N51,2692.611031794269,2694.4369164768086,1.8258846825397086
N1-ST-1-1S,桁架码垛,自动分拣N51,2694.4369164768086,2695.6069164768087,1.1700000000000728
N1-ST-2-1P,分拣,自动分拣N51,2695.6069164768087,2697.1869164768086,1.5799999999999272
N1-ST-2-1P,自动打磨,自动打磨N51,2697.1869164768086,2699.3817139371263,2.194797460317659
N1-ST-2-1P,桁架码垛,自动分拣N51,2699.3817139371263,2700.5517139371264,1.1700000000000728
N1-ST-2-1S,分拣,自动分拣N51,2700.5517139371264,2702.1317139371263,1.5799999999999272
N1-ST-2-1S,自动打磨,自动打磨N51,2702.1317139371263,2703.555245683158,1.4235317460315855
N1-ST-2-1S,桁架码垛,自动分拣N51,2703.555245683158,2704.725245683158,1.1700000000000728
E01S-1240切割后的大件,天车吊运（胎架到成品区）,天车,2646.566364020154,2651.566364020154,5.0
N1-LG1-2-1P,自由边打磨,人工打磨N21,2725.27730975186,2725.801215136475,0.5239053846153183
E01S-1232,天车空驶（胎架到原料区）,天车,2618.826376381234,2626.826376381234,8.0
E01S-1232,天车吊运（原料区到胎架）,天车,2626.826376381234,2629.826376381234,3.0
N1-LG1-2-1S,自由边打磨,人工打磨N21,2725.801215136475,2726.3251903672444,0.5239752307693379
E01S-1205切割后的大件,天车吊运（胎架到坡口区）,天车,2726.3251903672444,2729.3251903672444,3.0
N1-LG1-2-1P,人工坡口,人工坡口1,2737.5090407789485,2804.043856778948,66.53481599999941
N1-LG1-2-1S,人工坡口,人工坡口1,2804.043856778948,2870.5986727789477,66.55481599999985
E01S-1205切割后的大件,天车吊运（坡口区到成品区）,天车,2870.5986727789477,2875.5986727789477,5.0
N1-F18-5S-1S,自由边打磨,人工打磨N51,2718.4202067162955,2719.322999126552,0.9027924102565521
E01S-1219,天车空驶（胎架到原料区）,天车,2565.4941367789484,2573.4941367789484,8.0
E01S-1219,天车吊运（原料区到胎架）,天车,2573.4941367789484,2576.4941367789484,3.0
N1-F19-4S-1S,自由边打磨,人工打磨N51,2719.322999126552,2720.3557931265523,1.0327940000001945
N1-F20-7S-1S,自由边打磨,人工打磨N51,2720.3557931265523,2720.6634854342446,0.30769230769237765
N1-F22-7S-1S,自由边打磨,人工打磨N51,2720.6634854342446,2721.6962794855267,1.0327940512820533
N1-F23-7S-1S,自由边打磨,人工打磨N51,2721.6962794855267,2722.40240681886,0.7061273333333702
N1-F24-7S-1S,自由边打磨,人工打磨N51,2722.40240681886,2722.7469189214244,0.34451210256429476
E01S-1232切割后的大件,天车吊运（胎架到成品区）,天车,2729.3251903672444,2734.3251903672444,5.0
N1-STB-1P-1P,自由边打磨,人工打磨N21,2751.0410795693087,2751.3650845436678,0.32400497435901343
E01S-1212,天车空驶（胎架到原料区）,天车,2693.725245683158,2701.725245683158,8.0
E01S-1212,天车吊运（原料区到胎架）,天车,2701.725245683158,2704.725245683158,3.0
N1-STB-2S-1S,自由边打磨,人工打磨N21,2751.3650845436678,2751.6940860308473,0.32900148717953925
E01S-1219切割后的大件,天车吊运（胎架到成品区）,天车,2751.6940860308473,2756.6940860308473,5.0
E01S-1212切割后的大件,天车空驶（成品区到胎架）,天车,2756.6940860308473,2761.6940860308473,5.0
E01S-1212切割后的大件,天车吊运（胎架到坡口区）,天车,2761.6940860308473,2764.6940860308473,3.0
N1-AG-6-1P,人工坡口,人工坡口1,2870.5986727789477,2877.6430487789476,7.044375999999829
N1-AG-6-1S,人工坡口,人工坡口1,2877.6430487789476,2884.6874247789474,7.044375999999829
E01S-1212切割后的大件,天车吊运（坡口区到成品区）,天车,2884.6874247789474,2889.6874247789474,5.0
E01S-1210,天车空驶（胎架到原料区）,天车,2764.6940860308473,2772.6940860308473,8.0
E01S-1210,天车吊运（原料区到胎架）,天车,2772.6940860308473,2775.6940860308473,3.0
E01S-1200,天车空驶（胎架到原料区）,天车,2742.5090407789485,2745.5090407789485,3.0
E01S-1200,天车吊运（原料区到胎架）,天车,2745.5090407789485,2748.5090407789485,3.0
E01S-1210切割后的大件,天车吊运（胎架到成品区）,天车,2808.8606382882977,2813.8606382882977,5.0
N1-F30-3S-1S,分拣,自动分拣N51,2793.9091036893474,2795.4891036893473,1.5799999999999272
N1-F30-3S-1S,自动打磨,自动打磨N51,2795.4891036893473,2796.84624654649,1.3571428571426623
N1-F30-3S-1S,桁架码垛,自动分拣N51,2796.84624654649,2798.01624654649,1.1700000000000728
N1-DB-1SP-4SP,自由边打磨,人工打磨N51,2793.9091036893474,2794.392215176527,0.48311148717948527
E01S-1225,天车空驶（胎架到原料区）,天车,2775.6940860308473,2783.6940860308473,8.0
E01S-1225,天车吊运（原料区到胎架）,天车,2783.6940860308473,2786.6940860308473,3.0
N1-DB-1SP-6SP,分拣,自动分拣N51,2798.01624654649,2799.59624654649,1.5799999999999272
N1-DB-1SP-6SP,自动打磨,自动打磨N51,2799.59624654649,2801.1309063877598,1.5346598412697858
N1-DB-1SP-6SP,桁架码垛,自动分拣N51,2801.1309063877598,2802.30090638776,1.1700000000000728
N1-F30-3S-2S,分拣,自动分拣N51,2802.30090638776,2803.8809063877598,1.5799999999999272
N1-F30-3S-2S,自动打磨,自动打磨N51,2803.8809063877598,2805.6285789274425,1.7476725396827533
N1-F30-3S-2S,桁架码垛,自动分拣N51,2805.6285789274425,2806.7985789274426,1.1700000000000728
E01S-1200切割后的大件,天车吊运（胎架到坡口区）,天车,2794.392215176527,2797.392215176527,3.0
N1-DB-1SP-4SP,人工坡口,人工坡口1,2884.6874247789474,2903.4730487789475,18.785624000000098
E01S-1200切割后的大件,天车吊运（坡口区到成品区）,天车,2903.4730487789475,2908.4730487789475,5.0
N1-LG32-2-1P,分拣,自动分拣N21,2838.159834840624,2839.739834840624,1.5799999999999272
N1-LG32-2-1P,自动打磨,自动打磨N21,2839.739834840624,2842.2905009517353,2.5506661111112408
N1-LG32-2-1P,桁架码垛,自动分拣N21,2842.2905009517353,2843.4605009517354,1.1700000000000728
N1-LG32-2-1S,分拣,自动分拣N21,2843.4605009517354,2845.0405009517353,1.5799999999999272
N1-LG32-2-1S,自动打磨,自动打磨N21,2845.0405009517353,2847.5713732533227,2.530872301587351
N1-LG32-2-1S,桁架码垛,自动分拣N21,2847.5713732533227,2848.7413732533228,1.1700000000000728
N1-BW-2-1P,分拣,自动分拣N21,2848.7413732533228,2850.3213732533227,1.5799999999999272
N1-BW-2-1P,自动打磨,自动打磨N21,2850.3213732533227,2852.5313157930054,2.209942539682743
N1-BW-2-1P,桁架码垛,自动分拣N21,2852.5313157930054,2853.7013157930055,1.1700000000000728
N1-BW-2-1S,分拣,自动分拣N21,2853.7013157930055,2855.2813157930054,1.5799999999999272
N1-BW-2-1S,自动打磨,自动打磨N21,2855.2813157930054,2857.8319818247514,2.5506660317460046
N1-BW-2-1S,桁架码垛,自动分拣N21,2857.8319818247514,2859.0019818247515,1.1700000000000728
N1-BW-3-1P,分拣,自动分拣N21,2859.0019818247515,2860.5819818247514,1.5799999999999272
N1-BW-3-1P,自动打磨,自动打磨N21,2860.5819818247514,2863.1326479358627,2.5506661111112408
N1-BW-3-1P,桁架码垛,自动分拣N21,2863.1326479358627,2864.3026479358628,1.1700000000000728
N1-BW-3-1S,分拣,自动分拣N21,2864.3026479358628,2865.8826479358627,1.5799999999999272
N1-BW-3-1S,自动打磨,自动打磨N21,2865.8826479358627,2868.433314046974,2.5506661111112408
N1-BW-3-1S,桁架码垛,自动分拣N21,2868.433314046974,2869.603314046974,1.1700000000000728
N1-F35-2-1P,分拣,自动分拣N21,2869.603314046974,2871.183314046974,1.5799999999999272
N1-F35-2-1P,自动打磨,自动打磨N21,2871.183314046974,2873.733980158085,2.5506661111112408
N1-F35-2-1P,桁架码垛,自动分拣N21,2873.733980158085,2874.9039801580852,1.1700000000000728
N1-F35-2-1S,分拣,自动分拣N21,2874.9039801580852,2876.483980158085,1.5799999999999272
N1-F35-2-1S,自动打磨,自动打磨N21,2876.483980158085,2879.034646189831,2.5506660317460046
N1-F35-2-1S,桁架码垛,自动分拣N21,2879.034646189831,2880.2046461898312,1.1700000000000728
N1-F35-2-2P,分拣,自动分拣N21,2880.2046461898312,2881.784646189831,1.5799999999999272
N1-F35-2-2P,自动打磨,自动打磨N21,2881.784646189831,2884.3353123009424,2.5506661111112408
N1-F35-2-2P,桁架码垛,自动分拣N21,2884.3353123009424,2885.5053123009425,1.1700000000000728
N1-F35-2-2S,分拣,自动分拣N21,2885.5053123009425,2887.0853123009424,1.5799999999999272
N1-F35-2-2S,自动打磨,自动打磨N21,2887.0853123009424,2889.6359783326884,2.5506660317460046
N1-F35-2-2S,桁架码垛,自动分拣N21,2889.6359783326884,2890.8059783326885,1.1700000000000728
E01S-1222,天车空驶（胎架到原料区）,天车,2813.8606382882977,2821.8606382882977,8.0
E01S-1222,天车吊运（原料区到胎架）,天车,2821.8606382882977,2824.8606382882977,3.0
N1-F18-1P-1P,分拣,自动分拣N21,2890.8059783326885,2892.3859783326884,1.5799999999999272
N1-F18-1P-1P,自动打磨,自动打磨N21,2892.3859783326884,2894.595920872371,2.209942539682743
N1-F18-1P-1P,桁架码垛,自动分拣N21,2894.595920872371,2895.765920872371,1.1700000000000728
N1-F18-2S-1S,分拣,自动分拣N21,2895.765920872371,2897.345920872371,1.5799999999999272
N1-F18-2S-1S,自动打磨,自动打磨N21,2897.345920872371,2898.588917697768,1.2429968253968582
N1-F18-2S-1S,桁架码垛,自动分拣N21,2898.588917697768,2899.758917697768,1.1700000000000728
N1-ST-3-1P,分拣,自动分拣N21,2899.758917697768,2901.338917697768,1.5799999999999272
N1-ST-3-1P,自动打磨,自动打磨N21,2901.338917697768,2902.58191460253,1.2429969047620943
N1-ST-3-1P,桁架码垛,自动分拣N21,2902.58191460253,2903.75191460253,1.1700000000000728
N1-ST-3-1S,分拣,自动分拣N21,2903.75191460253,2905.33191460253,1.5799999999999272
N1-ST-3-1S,自动打磨,自动打磨N21,2905.33191460253,2907.5418570628476,2.2099424603175066
N1-ST-3-1S,桁架码垛,自动分拣N21,2907.5418570628476,2908.7118570628477,1.1700000000000728
N1-ST-3-2P,分拣,自动分拣N21,2908.7118570628477,2910.2918570628476,1.5799999999999272
N1-ST-3-2P,自动打磨,自动打磨N21,2910.2918570628476,2912.5017996025304,2.209942539682743
N1-ST-3-2P,桁架码垛,自动分拣N21,2912.5017996025304,2913.6717996025304,1.1700000000000728
N1-ST-4-1P,分拣,自动分拣N21,2913.6717996025304,2915.2517996025304,1.5799999999999272
N1-ST-4-1P,自动打磨,自动打磨N21,2915.2517996025304,2916.494796427927,1.2429968253968582
N1-ST-4-1P,桁架码垛,自动分拣N21,2916.494796427927,2917.6647964279273,1.1700000000000728
N1-ST-4-1S,分拣,自动分拣N21,2917.6647964279273,2919.244796427927,1.5799999999999272
N1-ST-4-1S,自动打磨,自动打磨N21,2919.244796427927,2920.4877933326893,1.2429969047620943
N1-ST-4-1S,桁架码垛,自动分拣N21,2920.4877933326893,2921.6577933326894,1.1700000000000728
N1-ST-4-2P,分拣,自动分拣N21,2921.6577933326894,2923.2377933326893,1.5799999999999272
N1-ST-4-2P,自动打磨,自动打磨N21,2923.2377933326893,2925.447735872372,2.209942539682743
N1-ST-4-2P,桁架码垛,自动分拣N21,2925.447735872372,2926.617735872372,1.1700000000000728
E01S-1233,天车空驶（胎架到原料区）,天车,2786.6940860308473,2789.6940860308473,3.0
E01S-1233,天车吊运（原料区到胎架）,天车,2789.6940860308473,2792.6940860308473,3.0
N1-AG-1P-1P,自由边打磨,人工打磨N51,2834.182177972278,2834.52669002356,0.34451205128198126
E01S-1221,天车空驶（胎架到原料区）,天车,2800.7985789274426,2803.7985789274426,3.0
E01S-1221,天车吊运（原料区到胎架）,天车,2803.7985789274426,2806.7985789274426,3.0
N1-AG-2S-1S,自由边打磨,人工打磨N51,2834.52669002356,2834.8712021261244,0.34451210256429476
E01S-1233切割后的大件,天车吊运（胎架到成品区）,天车,2834.8712021261244,2839.8712021261244,5.0
N1-F20-1P-1P,分拣,自动分拣N51,2952.253203290253,2953.833203290253,1.5799999999999272
N1-F20-1P-1P,自动打磨,自动打磨N51,2953.833203290253,2955.3423723378723,1.5091690476192525
N1-F20-1P-1P,桁架码垛,自动分拣N51,2955.3423723378723,2956.5123723378724,1.1700000000000728
N1-F20-2P-1P,分拣,自动分拣N51,2956.5123723378724,2958.0923723378723,1.5799999999999272
N1-F20-2P-1P,自动打磨,自动打磨N51,2958.0923723378723,2959.6015413061264,1.5091689682540164
N1-F20-2P-1P,桁架码垛,自动分拣N51,2959.6015413061264,2960.7715413061264,1.1700000000000728
N1-F20-3S-1S,分拣,自动分拣N51,2960.7715413061264,2962.3515413061264,1.5799999999999272
N1-F20-3S-1S,自动打磨,自动打磨N51,2962.3515413061264,2963.8607103537456,1.5091690476192525
N1-F20-3S-1S,桁架码垛,自动分拣N51,2963.8607103537456,2965.0307103537457,1.1700000000000728
N1-F20-4S-1S,分拣,自动分拣N51,2965.0307103537457,2966.6107103537456,1.5799999999999272
N1-F20-4S-1S,自动打磨,自动打磨N51,2966.6107103537456,2968.115362893428,1.5046525396824109
N1-F20-4S-1S,桁架码垛,自动分拣N51,2968.115362893428,2969.285362893428,1.1700000000000728
N1-F21-1P-1P,分拣,自动分拣N51,2969.285362893428,2970.865362893428,1.5799999999999272
N1-F21-1P-1P,自动打磨,自动打磨N51,2970.865362893428,2972.3700153537457,1.5046524603176294
N1-F21-1P-1P,桁架码垛,自动分拣N51,2972.3700153537457,2973.5400153537457,1.1700000000000728
N1-F21-2P-1P,分拣,自动分拣N51,2973.5400153537457,2975.1200153537457,1.5799999999999272
N1-F21-2P-1P,自动打磨,自动打磨N51,2975.1200153537457,2976.624667893428,1.5046525396824109
N1-F21-2P-1P,桁架码垛,自动分拣N51,2976.624667893428,2977.794667893428,1.1700000000000728
N1-F21-3S-1S,分拣,自动分拣N51,2977.794667893428,2979.374667893428,1.5799999999999272
N1-F21-3S-1S,自动打磨,自动打磨N51,2979.374667893428,2980.8793203537457,1.5046524603176294
N1-F21-3S-1S,桁架码垛,自动分拣N51,2980.8793203537457,2982.0493203537458,1.1700000000000728
N1-F21-4S-1S,分拣,自动分拣N51,2982.0493203537458,2983.6293203537457,1.5799999999999272
N1-F21-4S-1S,自动打磨,自动打磨N51,2983.6293203537457,2985.84777963946,2.218459285714289
N1-F21-4S-1S,桁架码垛,自动分拣N51,2985.84777963946,2987.01777963946,1.1700000000000728
N1-F22-1P-1P,分拣,自动分拣N51,2987.01777963946,2988.59777963946,1.5799999999999272
N1-F22-1P-1P,自动打磨,自动打磨N51,2988.59777963946,2990.8162389251743,2.218459285714289
N1-F22-1P-1P,桁架码垛,自动分拣N51,2990.8162389251743,2991.9862389251743,1.1700000000000728
N1-F22-2P-1P,分拣,自动分拣N51,2991.9862389251743,2993.5662389251743,1.5799999999999272
N1-F22-2P-1P,自动打磨,自动打磨N51,2993.5662389251743,2995.972138448984,2.405899523809694
N1-F22-2P-1P,桁架码垛,自动分拣N51,2995.972138448984,2997.142138448984,1.1700000000000728
N1-F22-3S-1S,分拣,自动分拣N51,2997.142138448984,2998.722138448984,1.5799999999999272
N1-F22-3S-1S,自动打磨,自动打磨N51,2998.722138448984,3001.1280379727937,2.405899523809694
N1-F22-3S-1S,桁架码垛,自动分拣N51,3001.1280379727937,3002.2980379727937,1.1700000000000728
N1-F22-4S-1S,分拣,自动分拣N51,3002.2980379727937,3003.8780379727937,1.5799999999999272
N1-F22-4S-1S,自动打磨,自动打磨N51,3003.8780379727937,3005.716568052159,1.8385300793652277
N1-F22-4S-1S,桁架码垛,自动分拣N51,3005.716568052159,3006.886568052159,1.1700000000000728
N1-F23-1P-1P,分拣,自动分拣N51,3006.886568052159,3008.466568052159,1.5799999999999272
N1-F23-1P-1P,自动打磨,自动打磨N51,3008.466568052159,3010.305098052159,1.8385299999999916
N1-F23-1P-1P,桁架码垛,自动分拣N51,3010.305098052159,3011.475098052159,1.1700000000000728
N1-F23-2P-1P,分拣,自动分拣N51,3011.475098052159,3013.055098052159,1.5799999999999272
N1-F23-2P-1P,自动打磨,自动打磨N51,3013.055098052159,3015.457786385492,2.402688333333117
N1-F23-2P-1P,桁架码垛,自动分拣N51,3015.457786385492,3016.627786385492,1.1700000000000728
N1-F23-3S-1S,分拣,自动分拣N51,3016.627786385492,3018.207786385492,1.5799999999999272
N1-F23-3S-1S,自动打磨,自动打磨N51,3018.207786385492,3020.386547417238,2.178761031746035
N1-F23-3S-1S,桁架码垛,自动分拣N51,3020.386547417238,3021.556547417238,1.1700000000000728
N1-F23-4S-1S,分拣,自动分拣N51,3021.556547417238,3023.136547417238,1.5799999999999272
N1-F23-4S-1S,自动打磨,自动打磨N51,3023.136547417238,3024.379544322,1.2429969047620943
N1-F23-4S-1S,桁架码垛,自动分拣N51,3024.379544322,3025.549544322,1.1700000000000728
N1-F24-1P-1P,分拣,自动分拣N51,3025.549544322,3027.129544322,1.5799999999999272
N1-F24-1P-1P,自动打磨,自动打磨N51,3027.129544322,3028.372541147397,1.2429968253968582
N1-F24-1P-1P,桁架码垛,自动分拣N51,3028.372541147397,3029.542541147397,1.1700000000000728
N1-F24-2P-1P,分拣,自动分拣N51,3029.542541147397,3031.122541147397,1.5799999999999272
N1-F24-2P-1P,自动打磨,自动打磨N51,3031.122541147397,3033.3324836870797,2.209942539682743
N1-F24-2P-1P,桁架码垛,自动分拣N51,3033.3324836870797,3034.50248368708,1.1700000000000728
N1-F24-3S-1S,分拣,自动分拣N51,3034.50248368708,3036.0824836870797,1.5799999999999272
N1-F24-3S-1S,自动打磨,自动打磨N51,3036.0824836870797,3038.2924262267625,2.209942539682743
N1-F24-3S-1S,桁架码垛,自动分拣N51,3038.2924262267625,3039.4624262267625,1.1700000000000728
N1-F24-4S-1S,分拣,自动分拣N51,3039.4624262267625,3041.0424262267625,1.5799999999999272
N1-F24-4S-1S,自动打磨,自动打磨N51,3041.0424262267625,3042.2854230521593,1.2429968253968582
N1-F24-4S-1S,桁架码垛,自动分拣N51,3042.2854230521593,3043.4554230521594,1.1700000000000728
N1-F25-1P-1P,分拣,自动分拣N51,3043.4554230521594,3045.0354230521593,1.5799999999999272
N1-F25-1P-1P,自动打磨,自动打磨N51,3045.0354230521593,3047.245365512477,2.2099424603175066
N1-F25-1P-1P,桁架码垛,自动分拣N51,3047.245365512477,3048.415365512477,1.1700000000000728
N1-F25-2P-1P,分拣,自动分拣N51,3048.415365512477,3049.995365512477,1.5799999999999272
N1-F25-2P-1P,自动打磨,自动打磨N51,3049.995365512477,3051.238362417239,1.2429969047620943
N1-F25-2P-1P,桁架码垛,自动分拣N51,3051.238362417239,3052.408362417239,1.1700000000000728
N1-F25-3S-1S,分拣,自动分拣N51,3052.408362417239,3053.988362417239,1.5799999999999272
N1-F25-3S-1S,自动打磨,自动打磨N51,3053.988362417239,3056.1983049569217,2.209942539682743
N1-F25-3S-1S,桁架码垛,自动分拣N51,3056.1983049569217,3057.3683049569217,1.1700000000000728
N1-F25-4S-1S,分拣,自动分拣N51,3057.3683049569217,3058.9483049569217,1.5799999999999272
N1-F25-4S-1S,自动打磨,自动打磨N51,3058.9483049569217,3060.1913017823185,1.2429968253968582
N1-F25-4S-1S,桁架码垛,自动分拣N51,3060.1913017823185,3061.3613017823186,1.1700000000000728
N1-F26-1P-1P,分拣,自动分拣N51,3061.3613017823186,3062.9413017823185,1.5799999999999272
N1-F26-1P-1P,自动打磨,自动打磨N51,3062.9413017823185,3064.1842986870806,1.2429969047620943
N1-F26-1P-1P,桁架码垛,自动分拣N51,3064.1842986870806,3065.3542986870807,1.1700000000000728
N1-F26-2P-1P,分拣,自动分拣N51,3065.3542986870807,3066.9342986870806,1.5799999999999272
N1-F26-2P-1P,自动打磨,自动打磨N51,3066.9342986870806,3069.1442412267634,2.209942539682743
N1-F26-2P-1P,桁架码垛,自动分拣N51,3069.1442412267634,3070.3142412267634,1.1700000000000728
N1-F26-3S-1S,分拣,自动分拣N51,3070.3142412267634,3071.8942412267634,1.5799999999999272
N1-F26-3S-1S,自动打磨,自动打磨N51,3071.8942412267634,3073.1372381315255,1.2429969047620943
N1-F26-3S-1S,桁架码垛,自动分拣N51,3073.1372381315255,3074.3072381315255,1.1700000000000728
N1-F26-4S-1S,分拣,自动分拣N51,3074.3072381315255,3075.8872381315255,1.5799999999999272
N1-F26-4S-1S,自动打磨,自动打磨N51,3075.8872381315255,3078.097180591843,2.2099424603175066
N1-F26-4S-1S,桁架码垛,自动分拣N51,3078.097180591843,3079.267180591843,1.1700000000000728
E01S-1231,天车空驶（胎架到原料区）,天车,2889.6874247789474,2897.6874247789474,8.0
E01S-1231,天车吊运（原料区到胎架）,天车,2897.6874247789474,2900.6874247789474,3.0
N1-F36-3-2BP,分拣,自动分拣N21,2946.2418910121287,2947.8218910121286,1.5799999999999272
N1-F36-3-2BP,自动打磨,自动打磨N21,2947.8218910121286,2950.2404345041923,2.418543492063691
N1-F36-3-2BP,桁架码垛,自动分拣N21,2950.2404345041923,2951.4104345041924,1.1700000000000728
N1-F36-3-2BS,分拣,自动分拣N21,2951.4104345041924,2952.9904345041923,1.5799999999999272
N1-F36-3-2BS,自动打磨,自动打磨N21,2952.9904345041923,2955.4217739486367,2.4313394444443475
N1-F36-3-2BS,桁架码垛,自动分拣N21,2955.4217739486367,2956.5917739486367,1.1700000000000728
N1-F36-3B1-1P,分拣,自动分拣N21,2956.5917739486367,2958.1717739486367,1.5799999999999272
N1-F36-3B1-1P,自动打磨,自动打磨N21,2958.1717739486367,2960.572481250224,2.4007073015873175
N1-F36-3B1-1P,桁架码垛,自动分拣N21,2960.572481250224,2961.742481250224,1.1700000000000728
N1-F36-3B1-1S,分拣,自动分拣N21,2961.742481250224,2963.322481250224,1.5799999999999272
N1-F36-3B1-1S,自动打磨,自动打磨N21,2963.322481250224,2965.7231886311765,2.4007073809525536
N1-F36-3B1-1S,桁架码垛,自动分拣N21,2965.7231886311765,2966.8931886311766,1.1700000000000728
N1-F36-4-1P,自由边打磨,人工打磨N21,2946.2418910121287,2946.8668722941798,0.624981282051067
E01S-1215,天车空驶（胎架到原料区）,天车,2920.617735872372,2923.617735872372,3.0
E01S-1215,天车吊运（原料区到胎架）,天车,2923.617735872372,2926.617735872372,3.0
N1-F36-4B1W-1P,分拣,自动分拣N21,2966.8931886311766,2968.4731886311765,1.5799999999999272
N1-F36-4B1W-1P,自动打磨,自动打磨N21,2968.4731886311765,2970.747065853399,2.2738772222223815
N1-F36-4B1W-1P,桁架码垛,自动分拣N21,2970.747065853399,2971.917065853399,1.1700000000000728
N1-F33-1SP-7BSP,分拣,自动分拣N21,2971.917065853399,2973.497065853399,1.5799999999999272
N1-F33-1SP-7BSP,自动打磨,自动打磨N21,2973.497065853399,2975.9404893454625,2.44342349206363
N1-F33-1SP-7BSP,桁架码垛,自动分拣N21,2975.9404893454625,2977.1104893454626,1.1700000000000728
N1-F36-2S-1BS,分拣,自动分拣N21,2977.1104893454626,2978.6904893454625,1.5799999999999272
N1-F36-2S-1BS,自动打磨,自动打磨N21,2978.6904893454625,2980.8169923613355,2.1265030158729132
N1-F36-2S-1BS,桁架码垛,自动分拣N21,2980.8169923613355,2981.9869923613355,1.1700000000000728
N1-F36-2S-4BS,分拣,自动分拣N21,2981.9869923613355,2983.5669923613355,1.5799999999999272
N1-F36-2S-4BS,自动打磨,自动打磨N21,2983.5669923613355,2985.693495535939,2.1265031746033856
N1-F36-2S-4BS,桁架码垛,自动分拣N21,2985.693495535939,2986.863495535939,1.1700000000000728
N1-F36-4-1S,自由边打磨,人工打磨N21,2946.8668722941798,2947.220263678795,0.3533913846154064
N1-F36-4B1W-1S,分拣,自动分拣N21,2986.863495535939,2988.443495535939,1.5799999999999272
N1-F36-4B1W-1S,自动打磨,自动打磨N21,2988.443495535939,2990.5697758533993,2.1262803174604414
N1-F36-4B1W-1S,桁架码垛,自动分拣N21,2990.5697758533993,2991.7397758533994,1.1700000000000728
N1-F33-1B1-1P,分拣,自动分拣N21,2991.7397758533994,2993.3197758533993,1.5799999999999272
N1-F33-1B1-1P,自动打磨,自动打磨N21,2993.3197758533993,2995.446278869272,2.1265030158729132
N1-F33-1B1-1P,桁架码垛,自动分拣N21,2995.446278869272,2996.6162788692723,1.1700000000000728
N1-F33-1B1-1S,分拣,自动分拣N21,2996.6162788692723,2998.196278869272,1.5799999999999272
N1-F33-1B1-1S,自动打磨,自动打磨N21,2998.196278869272,3000.6276182343518,2.431339365079566
N1-F33-1B1-1S,桁架码垛,自动分拣N21,3000.6276182343518,3001.797618234352,1.1700000000000728
E01S-1231切割后的大件,天车吊运（胎架到坡口区）,天车,2947.220263678795,2950.220263678795,3.0
N1-F36-4-1P,人工坡口,人工坡口1,2950.220263678795,2960.676523678795,10.45625999999993
N1-F36-4-1S,人工坡口,人工坡口1,2960.676523678795,2971.132783678795,10.45625999999993
E01S-1231切割后的大件,天车吊运（坡口区到成品区）,天车,2971.132783678795,2976.132783678795,5.0
N1-F33-2-1P,自由边打磨,人工打磨N21,3073.5245494759342,3073.8506326041393,0.3260831282050276
E01S-1218,天车空驶（胎架到原料区）,天车,2839.8712021261244,2847.8712021261244,8.0
E01S-1218,天车吊运（原料区到胎架）,天车,2847.8712021261244,2850.8712021261244,3.0
N1-F29-5P-1P,自由边打磨,人工打磨N21,3073.8506326041393,3074.1801751169596,0.3295425128203533
N1-F17-1SP-1SP,自由边打磨,人工打磨N21,3074.1801751169596,3075.0037648605494,0.8235897435897641
N1-F29-4P-1P,自由边打磨,人工打磨N21,3075.0037648605494,3075.1658978349083,0.16213297435888308
N1-F31-1P-1P,分拣,自动分拣N21,3073.5245494759342,3075.104549475934,1.5799999999999272
N1-F31-1P-1P,自动打磨,自动打磨N21,3075.104549475934,3076.6059857457753,1.5014362698411787
N1-F31-1P-1P,桁架码垛,自动分拣N21,3076.6059857457753,3077.7759857457754,1.1700000000000728
N1-F33-2-1S,自由边打磨,人工打磨N21,3075.1658978349083,3075.4919809631133,0.3260831282050276
N1-F21-6P-1P,自由边打磨,人工打磨N21,3075.4919809631133,3075.8215238861903,0.32954292307704236
N1-F26-8S-1S,自由边打磨,人工打磨N21,3075.8215238861903,3076.1455288605493,0.32400497435901343
N1-LG2-5WS-1S,自由边打磨,人工打磨N21,3076.1455288605493,3076.3076618349082,0.16213297435888308
N1-ST-4-2S,分拣,自动分拣N21,3077.7759857457754,3079.3559857457753,1.5799999999999272
N1-ST-4-2S,自动打磨,自动打磨N21,3079.3559857457753,3080.6069058251405,1.2509200793651871
N1-ST-4-2S,桁架码垛,自动分拣N21,3080.6069058251405,3081.7769058251406,1.1700000000000728
E01S-1215切割后的大件,天车吊运（胎架到成品区）,天车,3076.3076618349082,3081.3076618349082,5.0
N1-F25-7-1P,分拣,自动分拣N51,3079.267180591843,3080.847180591843,1.5799999999999272
N1-F25-7-1P,自动打磨,自动打磨N51,3080.847180591843,3082.348616861684,1.5014362698411787
N1-F25-7-1P,桁架码垛,自动分拣N51,3082.348616861684,3083.518616861684,1.1700000000000728
N1-F25-6-1P,自由边打磨,人工打磨N51,3007.4094036219335,3007.73340854501,0.3240049230766999
E01S-1220,天车空驶（胎架到原料区）,天车,2990.797618234352,2998.797618234352,8.0
E01S-1220,天车吊运（原料区到胎架）,天车,2998.797618234352,3001.797618234352,3.0
N1-F25-6-1S,自由边打磨,人工打磨N51,3007.73340854501,3008.057413519369,0.32400497435901343
N1-F25-7-1S,分拣,自动分拣N51,3083.518616861684,3085.098616861684,1.5799999999999272
N1-F25-7-1S,自动打磨,自动打磨N51,3085.098616861684,3086.6000531315253,1.5014362698411787
N1-F25-7-1S,桁架码垛,自动分拣N51,3086.6000531315253,3087.7700531315254,1.1700000000000728
N1-F29-6S-1S,自由边打磨,人工打磨N51,3008.057413519369,3008.381418442446,0.3240049230766999
E01S-1218切割后的大件,天车吊运（胎架到成品区）,天车,3008.381418442446,3013.381418442446,5.0
N1-F19-1SP-1SP,自由边打磨,人工打磨N21,3130.9118703898644,3131.240871877044,0.32900148717953925
E01S-1230,天车空驶（胎架到原料区）,天车,3081.3076618349082,3089.3076618349082,8.0
E01S-1230,天车吊运（原料区到胎架）,天车,3089.3076618349082,3092.3076618349082,3.0
N1-F27-1SP-1SP,自由边打磨,人工打磨N21,3131.240871877044,3131.5698733642234,0.32900148717953925
N1-F28-1P-1P,分拣,自动分拣N21,3130.9118703898644,3132.4918703898643,1.5799999999999272
N1-F28-1P-1P,自动打磨,自动打磨N21,3132.4918703898643,3134.0010393581183,1.5091689682540164
N1-F28-1P-1P,桁架码垛,自动分拣N21,3134.0010393581183,3135.1710393581184,1.1700000000000728
N1-F29-1P-1P,分拣,自动分拣N21,3135.1710393581184,3136.7510393581183,1.5799999999999272
N1-F29-1P-1P,自动打磨,自动打磨N21,3136.7510393581183,3138.2602084057376,1.5091690476192525
N1-F29-1P-1P,桁架码垛,自动分拣N21,3138.2602084057376,3139.4302084057376,1.1700000000000728
N1-F28-2S-1S,分拣,自动分拣N21,3139.4302084057376,3141.0102084057376,1.5799999999999272
N1-F28-2S-1S,自动打磨,自动打磨N21,3141.0102084057376,3142.5193772946263,1.5091688888887802
N1-F28-2S-1S,桁架码垛,自动分拣N21,3142.5193772946263,3143.6893772946264,1.1700000000000728
N1-F29-2S-1S,分拣,自动分拣N21,3143.6893772946264,3145.2693772946263,1.5799999999999272
N1-F29-2S-1S,自动打磨,自动打磨N21,3145.2693772946263,3146.7785462628804,1.5091689682540164
N1-F29-2S-1S,桁架码垛,自动分拣N21,3146.7785462628804,3147.9485462628804,1.1700000000000728
E01S-1220切割后的大件,天车吊运（胎架到成品区）,天车,3131.5698733642234,3136.5698733642234,5.0
N1-F36-3-1P,自由边打磨,人工打磨N51,3159.7275164607627,3160.3173084094806,0.5897919487179024
E01S-1243,天车空驶（胎架到原料区）,天车,3092.3076618349082,3100.3076618349082,8.0
E01S-1243,天车吊运（原料区到胎架）,天车,3100.3076618349082,3103.3076618349082,3.0
N1-F36-3-1S,自由边打磨,人工打磨N51,3160.3173084094806,3160.3657365633267,0.04842815384608912
N1-F36-1P-1P,自由边打磨,人工打磨N51,3160.3657365633267,3161.4532626658906,1.0875261025639702
N1-F36-2S-1S,自由边打磨,人工打磨N51,3161.4532626658906,3162.5407887171727,1.0875260512821114
E01S-1230切割后的大件,天车吊运（胎架到坡口区）,天车,3162.5407887171727,3165.5407887171727,3.0
N1-F36-1P-1P,人工坡口,人工坡口1,3165.5407887171727,3176.591200717173,11.050412000000051
N1-F36-2S-1S,人工坡口,人工坡口1,3176.591200717173,3187.713640717173,11.122440000000097
N1-F36-3-1P,人工坡口,人工坡口1,3187.713640717173,3195.873264717173,8.159623999999894
N1-F36-3-1S,人工坡口,人工坡口1,3195.873264717173,3204.0528887171727,8.179623999999876
E01S-1230切割后的大件,天车吊运（坡口区到成品区）,天车,3204.0528887171727,3209.0528887171727,5.0
N1-F36-3-1BP,分拣,自动分拣N21,3219.10562121382,3220.68562121382,1.5799999999999272
N1-F36-3-1BP,自动打磨,自动打磨N21,3220.68562121382,3222.6195508169944,1.9339296031744198
N1-F36-3-1BP,桁架码垛,自动分拣N21,3222.6195508169944,3223.7895508169945,1.1700000000000728
N1-F36-3-1BS,分拣,自动分拣N21,3223.7895508169945,3225.3695508169944,1.5799999999999272
N1-F36-3-1BS,自动打磨,自动打磨N21,3225.3695508169944,3227.303480340804,1.9339295238096383
N1-F36-3-1BS,桁架码垛,自动分拣N21,3227.303480340804,3228.473480340804,1.1700000000000728
N1-F17-2B1-1P,分拣,自动分拣N21,3228.473480340804,3230.053480340804,1.5799999999999272
N1-F17-2B1-1P,自动打磨,自动打磨N21,3230.053480340804,3231.9585085947724,1.9050282539683394
N1-F17-2B1-1P,桁架码垛,自动分拣N21,3231.9585085947724,3233.1285085947725,1.1700000000000728
N1-F17-2B1-1S,分拣,自动分拣N21,3233.1285085947725,3234.7085085947724,1.5799999999999272
N1-F17-2B1-1S,自动打磨,自动打磨N21,3234.7085085947724,3236.6135368487408,1.9050282539683394
N1-F17-2B1-1S,桁架码垛,自动分拣N21,3236.6135368487408,3237.783536848741,1.1700000000000728
N1-F31-5B1-1P,分拣,自动分拣N21,3237.783536848741,3239.3635368487408,1.5799999999999272
N1-F31-5B1-1P,自动打磨,自动打磨N21,3239.3635368487408,3242.8997589122328,3.536222063492005
N1-F31-5B1-1P,桁架码垛,自动分拣N21,3242.8997589122328,3244.069758912233,1.1700000000000728
N1-F34-2-1P,分拣,自动分拣N21,3244.069758912233,3245.6497589122328,1.5799999999999272
N1-F34-2-1P,自动打磨,自动打磨N21,3245.6497589122328,3246.8303715312804,1.180612619047679
N1-F34-2-1P,桁架码垛,自动分拣N21,3246.8303715312804,3248.0003715312805,1.1700000000000728
N1-F34-2-1S,分拣,自动分拣N21,3248.0003715312805,3249.5803715312804,1.5799999999999272
N1-F34-2-1S,自动打磨,自动打磨N21,3249.5803715312804,3250.760984150328,1.180612619047679
N1-F34-2-1S,桁架码垛,自动分拣N21,3250.760984150328,3251.930984150328,1.1700000000000728
N1-F20-1B1P-1P,分拣,自动分拣N21,3251.930984150328,3253.510984150328,1.5799999999999272
N1-F20-1B1P-1P,自动打磨,自动打磨N21,3253.510984150328,3256.4057795471535,2.8947953968254296
N1-F20-1B1P-1P,桁架码垛,自动分拣N21,3256.4057795471535,3257.5757795471536,1.1700000000000728
N1-F20-2B1P-1P,分拣,自动分拣N21,3257.5757795471536,3259.1557795471535,1.5799999999999272
N1-F20-2B1P-1P,自动打磨,自动打磨N21,3259.1557795471535,3262.7621197852486,3.606340238095072
N1-F20-2B1P-1P,桁架码垛,自动分拣N21,3262.7621197852486,3263.9321197852487,1.1700000000000728
N1-F29-1B1P-1P,分拣,自动分拣N21,3263.9321197852487,3265.5121197852486,1.5799999999999272
N1-F29-1B1P-1P,自动打磨,自动打磨N21,3265.5121197852486,3268.563790102709,3.051670317460321
N1-F29-1B1P-1P,桁架码垛,自动分拣N21,3268.563790102709,3269.733790102709,1.1700000000000728
N1-F29-2B1P-1P,分拣,自动分拣N21,3269.733790102709,3271.313790102709,1.5799999999999272
N1-F29-2B1P-1P,自动打磨,自动打磨N21,3271.313790102709,3274.365722324931,3.051932222222149
N1-F29-2B1P-1P,桁架码垛,自动分拣N21,3274.365722324931,3275.535722324931,1.1700000000000728
N1-F29-3B1P-1P,分拣,自动分拣N21,3275.535722324931,3277.115722324931,1.5799999999999272
N1-F29-3B1P-1P,自动打磨,自动打磨N21,3277.115722324931,3281.1182317693756,4.002509444444513
N1-F29-3B1P-1P,桁架码垛,自动分拣N21,3281.1182317693756,3282.2882317693757,1.1700000000000728
N1-F31-5B1-1S,分拣,自动分拣N21,3282.2882317693757,3283.8682317693756,1.5799999999999272
N1-F31-5B1-1S,自动打磨,自动打磨N21,3283.8682317693756,3287.4044537535024,3.536221984126769
N1-F31-5B1-1S,桁架码垛,自动分拣N21,3287.4044537535024,3288.5744537535024,1.1700000000000728
N1-F36-1P-5BP,分拣,自动分拣N21,3288.5744537535024,3290.1544537535024,1.5799999999999272
N1-F36-1P-5BP,自动打磨,自动打磨N21,3290.1544537535024,3292.18151169001,2.0270579365078447
N1-F36-1P-5BP,桁架码垛,自动分拣N21,3292.18151169001,3293.3515116900103,1.1700000000000728
N1-F26-1B1S-1S,分拣,自动分拣N21,3293.3515116900103,3294.93151169001,1.5799999999999272
N1-F26-1B1S-1S,自动打磨,自动打磨N21,3294.93151169001,3298.2825558169943,3.3510441269841067
N1-F26-1B1S-1S,桁架码垛,自动分拣N21,3298.2825558169943,3299.4525558169944,1.1700000000000728
N1-F26-2B1S-1S,分拣,自动分拣N21,3299.4525558169944,3301.0325558169943,1.5799999999999272
N1-F26-2B1S-1S,自动打磨,自动打磨N21,3301.0325558169943,3304.084832801121,3.05227698412682
N1-F26-2B1S-1S,桁架码垛,自动分拣N21,3304.084832801121,3305.254832801121,1.1700000000000728
N1-F36-2S-2BS,分拣,自动分拣N21,3305.254832801121,3306.834832801121,1.5799999999999272
N1-F36-2S-2BS,自动打磨,自动打磨N21,3306.834832801121,3308.861890737629,2.0270579365078447
N1-F36-2S-2BS,桁架码垛,自动分拣N21,3308.861890737629,3310.031890737629,1.1700000000000728
N1-JXP-902S-1S,分拣,自动分拣N21,3310.031890737629,3311.611890737629,1.5799999999999272
N1-JXP-902S-1S,自动打磨,自动打磨N21,3311.611890737629,3312.822406610645,1.2105158730159928
N1-JXP-902S-1S,桁架码垛,自动分拣N21,3312.822406610645,3313.992406610645,1.1700000000000728
N1-JXP-903S-1S,分拣,自动分拣N21,3313.992406610645,3315.572406610645,1.5799999999999272
N1-JXP-903S-1S,自动打磨,自动打磨N21,3315.572406610645,3318.267078674137,2.6946720634919075
N1-JXP-903S-1S,桁架码垛,自动分拣N21,3318.267078674137,3319.437078674137,1.1700000000000728
E01S-1216,天车空驶（胎架到原料区）,天车,3103.3076618349082,3111.3076618349082,8.0
E01S-1216,天车吊运（原料区到胎架）,天车,3111.3076618349082,3114.3076618349082,3.0
N1-LG1-4-1P,自由边打磨,人工打磨N51,3179.3830448592926,3179.7128817823695,0.3298369230769822
E01S-1227,天车空驶（胎架到原料区）,天车,3165.5407887171727,3168.5407887171727,3.0
E01S-1227,天车吊运（原料区到胎架）,天车,3168.5407887171727,3171.5407887171727,3.0
N1-LG1-4-1S,自由边打磨,人工打磨N51,3179.7128817823695,3180.042719218267,0.3298374358973888
E01S-1216切割后的大件,天车吊运（胎架到成品区）,天车,3180.042719218267,3185.042719218267,5.0
N1-MG-1SP-1SP,分拣,自动分拣N51,3205.886679124033,3207.466679124033,1.5799999999999272
N1-MG-1SP-1SP,自动打磨,自动打磨N51,3207.466679124033,3209.235957139906,1.7692780158731694
N1-MG-1SP-1SP,桁架码垛,自动分拣N51,3209.235957139906,3210.405957139906,1.1700000000000728
N1-MG-5SP-1SP,自由边打磨,人工打磨N51,3205.886679124033,3206.4030667137768,0.516387589743772
E01S-1235,天车空驶（胎架到原料区）,天车,3185.042719218267,3193.042719218267,8.0
E01S-1235,天车吊运（原料区到胎架）,天车,3193.042719218267,3196.042719218267,3.0
N1-MG-2SP-1SP,自由边打磨,人工打磨N51,3206.4030667137768,3207.327745021469,0.9246783076923748
E01S-1227切割后的大件,天车吊运（胎架到成品区）,天车,3209.0528887171727,3214.0528887171727,5.0
N1-BW-1-1P,自由边打磨,人工打磨N51,3263.058903754392,3263.977609139007,0.9187053846153503
E01S-1238,天车空驶（胎架到原料区）,天车,3136.9485462628804,3144.9485462628804,8.0
E01S-1238,天车吊运（原料区到胎架）,天车,3144.9485462628804,3147.9485462628804,3.0
N1-F32-1-1P,分拣,自动分拣N51,3263.058903754392,3264.638903754392,1.5799999999999272
N1-F32-1-1P,自动打磨,自动打磨N51,3264.638903754392,3267.0300777226457,2.391173968253952
N1-F32-1-1P,桁架码垛,自动分拣N51,3267.0300777226457,3268.200077722646,1.1700000000000728
N1-LG1-1-1P,分拣,自动分拣N51,3268.200077722646,3269.7800777226457,1.5799999999999272
N1-LG1-1-1P,自动打磨,自动打磨N51,3269.7800777226457,3271.7361335956616,1.9560558730158846
N1-LG1-1-1P,桁架码垛,自动分拣N51,3271.7361335956616,3272.9061335956617,1.1700000000000728
N1-LG1-1-1S,分拣,自动分拣N51,3272.9061335956617,3274.4861335956616,1.5799999999999272
N1-LG1-1-1S,自动打磨,自动打磨N51,3274.4861335956616,3275.5610634369314,1.0749298412697499
N1-LG1-1-1S,桁架码垛,自动分拣N51,3275.5610634369314,3276.7310634369314,1.1700000000000728
N1-BW-1-1S,自由边打磨,人工打磨N51,3263.977609139007,3264.8765214466994,0.8989123076921715
N1-F32-1-1S,分拣,自动分拣N51,3276.7310634369314,3278.3110634369314,1.5799999999999272
N1-F32-1-1S,自动打磨,自动打磨N51,3278.3110634369314,3280.2671193099472,1.9560558730158846
N1-F32-1-1S,桁架码垛,自动分拣N51,3280.2671193099472,3281.4371193099473,1.1700000000000728
N1-LG2-1-1P,分拣,自动分拣N51,3281.4371193099473,3283.0171193099472,1.5799999999999272
N1-LG2-1-1P,自动打磨,自动打磨N51,3283.0171193099472,3284.092049071852,1.0749297619049685
N1-LG2-1-1P,桁架码垛,自动分拣N51,3284.092049071852,3285.2620490718523,1.1700000000000728
N1-LG2-1-1S,分拣,自动分拣N51,3285.2620490718523,3286.842049071852,1.5799999999999272
N1-LG2-1-1S,自动打磨,自动打磨N51,3286.842049071852,3288.740558833757,1.8985097619047338
N1-LG2-1-1S,桁架码垛,自动分拣N51,3288.740558833757,3289.910558833757,1.1700000000000728
N1-AG-4S-1S,自由边打磨,人工打磨N51,3264.8765214466994,3265.7952268313147,0.9187053846153503
E01S-1235切割后的大件,天车吊运（胎架到成品区）,天车,3265.7952268313147,3270.7952268313147,5.0
N1-F26-7P-1P,自由边打磨,人工打磨N21,3319.451587616734,3319.79609977058,0.3445121538461535
E01S-1241,天车空驶（胎架到原料区）,天车,3214.0528887171727,3222.0528887171727,8.0
E01S-1241,天车吊运（原料区到胎架）,天车,3222.0528887171727,3225.0528887171727,3.0
N1-F27-4-1P,自由边打磨,人工打磨N21,3319.79609977058,3320.1683992577596,0.37229948717958905
N1-F28-5-1P,自由边打磨,人工打磨N21,3320.1683992577596,3320.512911360324,0.34451210256429476
N1-F32-3-1P,分拣,自动分拣N21,3319.451587616734,3321.0315876167338,1.5799999999999272
N1-F32-3-1P,自动打磨,自动打磨N21,3321.0315876167338,3322.5647610294322,1.5331734126984884
N1-F32-3-1P,桁架码垛,自动分拣N21,3322.5647610294322,3323.7347610294323,1.1700000000000728
N1-F27-4-1S,自由边打磨,人工打磨N21,3320.512911360324,3320.8852108475035,0.37229948717958905
N1-F28-5-1S,自由边打磨,人工打磨N21,3320.8852108475035,3321.2297228475036,0.3445120000001225
N1-F32-3-1S,分拣,自动分拣N21,3323.7347610294323,3325.3147610294322,1.5799999999999272
N1-F32-3-1S,自动打磨,自动打磨N21,3325.3147610294322,3326.9043971405436,1.5896361111113038
N1-F32-3-1S,桁架码垛,自动分拣N21,3326.9043971405436,3328.0743971405436,1.1700000000000728
N1-F18-4P-1P,自由边打磨,人工打磨N21,3321.2297228475036,3321.5961256680166,0.36640282051303075
N1-F32-4-1P,自由边打磨,人工打磨N21,3321.5961256680166,3321.9771213603244,0.38099569230780617
N1-F32-4-1S,自由边打磨,人工打磨N21,3321.9771213603244,3322.358117052632,0.38099569230780617
E01S-1238切割后的大件,天车吊运（胎架到成品区）,天车,3322.358117052632,3327.358117052632,5.0
N1-F36-1P-7BP,分拣,自动分拣N51,3294.049328901558,3295.629328901558,1.5799999999999272
N1-F36-1P-7BP,自动打磨,自动打磨N51,3295.629328901558,3297.0528606475896,1.4235317460315855
N1-F36-1P-7BP,桁架码垛,自动分拣N51,3297.0528606475896,3298.2228606475896,1.1700000000000728
N1-LG1-3W-1P,自由边打磨,人工打磨N51,3294.049328901558,3294.3229955682245,0.273666666666486
E01S-1236,天车空驶（胎架到原料区）,天车,3278.910558833757,3286.910558833757,8.0
E01S-1236,天车吊运（原料区到胎架）,天车,3286.910558833757,3289.910558833757,3.0
N1-F36-2S-7BS,分拣,自动分拣N51,3298.2228606475896,3299.8028606475896,1.5799999999999272
N1-F36-2S-7BS,自动打磨,自动打磨N51,3299.8028606475896,3301.6499239412406,1.84706329365099
N1-F36-2S-7BS,桁架码垛,自动分拣N51,3301.6499239412406,3302.8199239412406,1.1700000000000728
N1-LG1-3W-1S,自由边打磨,人工打磨N51,3294.3229955682245,3294.596662234891,0.273666666666486
E01S-1241切割后的大件,天车吊运（胎架到成品区）,天车,3294.596662234891,3299.596662234891,5.0
N1-F30-1SP-1SP,自由边打磨,人工打磨N51,3336.638371692592,3337.2189472823356,0.5805755897436029
E01S-1237,天车空驶（胎架到原料区）,天车,3299.596662234891,3307.596662234891,8.0
E01S-1237,天车吊运（原料区到胎架）,天车,3307.596662234891,3310.596662234891,3.0
E01S-1236切割后的大件,天车吊运（胎架到成品区）,天车,3337.2189472823356,3342.2189472823356,5.0
N1-F23-6P-1P,自由边打磨,人工打磨N51,3377.3165601076366,3377.6829628768674,0.36640276923071724
E01S-1213,天车空驶（胎架到原料区）,天车,3310.596662234891,3318.596662234891,8.0
E01S-1213,天车吊运（原料区到胎架）,天车,3318.596662234891,3321.596662234891,3.0
N1-F24-6P-1P,自由边打磨,人工打磨N51,3377.6829628768674,3378.0274748768675,0.3445120000001225
N1-F28-4-1P,自由边打磨,人工打磨N51,3378.0274748768675,3378.3719870307136,0.3445121538461535
E01S-1237切割后的大件,天车吊运（胎架到成品区）,天车,3378.3719870307136,3383.3719870307136,5.0
N1-F33-1SP-1SP,自由边打磨,人工打磨N21,3359.5881050869,3360.41169483049,0.8235897435897641
E01S-1239,天车空驶（胎架到原料区）,天车,3342.2189472823356,3350.2189472823356,8.0
E01S-1239,天车吊运（原料区到胎架）,天车,3350.2189472823356,3353.2189472823356,3.0
E01S-1213切割后的大件,天车吊运（胎架到成品区）,天车,3360.41169483049,3365.41169483049,5.0
N1-F26-6P-1P,自由边打磨,人工打磨N21,3407.377703823873,3407.758699516181,0.38099569230780617
E01S-1228,天车空驶（胎架到原料区）,天车,3365.41169483049,3373.41169483049,8.0
E01S-1228,天车吊运（原料区到胎架）,天车,3373.41169483049,3376.41169483049,3.0
N1-F27-3-1P,自由边打磨,人工打磨N21,3407.758699516181,3408.0503051059245,0.2916055897435399
N1-F27-3-1S,自由边打磨,人工打磨N21,3408.0503051059245,3408.341910695668,0.2916055897435399
N1-F28-4-1S,自由边打磨,人工打磨N21,3408.341910695668,3408.6805122854116,0.33860158974357546
E01S-1239切割后的大件,天车吊运（胎架到成品区）,天车,3408.6805122854116,3413.6805122854116,5.0
N1-F19-3P-1P,自由边打磨,人工打磨N51,3427.127149885891,3427.768007014096,0.6408571282049706
E01S-1234,天车空驶（胎架到原料区）,天车,3383.3719870307136,3391.3719870307136,8.0
E01S-1234,天车吊运（原料区到胎架）,天车,3391.3719870307136,3394.3719870307136,3.0
N1-F20-6P-1P,自由边打磨,人工打磨N51,3427.768007014096,3428.5423225525574,0.7743155384614511
N1-F22-6P-1P,自由边打磨,人工打磨N51,3428.5423225525574,3429.316638091019,0.7743155384614511
N1-F30-2P-1P,自由边打磨,人工打磨N51,3429.316638091019,3430.0899775269163,0.7733394358974692
N1-JICH-1,分拣,自动分拣N51,3427.127149885891,3428.707149885891,1.5799999999999272
N1-JICH-1,自动打磨,自动打磨N51,3428.707149885891,3430.6989527430337,1.9918028571428295
N1-JICH-1,桁架码垛,自动分拣N51,3430.6989527430337,3431.868952743034,1.1700000000000728
E01S-1228切割后的大件,天车吊运（胎架到成品区）,天车,3430.0899775269163,3435.0899775269163,5.0
N1-AG-5W-1P,自由边打磨,人工打磨N21,3461.66923292375,3462.013744975032,0.34451205128198126
E01S-1245,天车空驶（胎架到原料区）,天车,3394.3719870307136,3402.3719870307136,8.0
E01S-1245,天车吊运（原料区到胎架）,天车,3402.3719870307136,3405.3719870307136,3.0
N1-AG-5W-1S,自由边打磨,人工打磨N21,3462.013744975032,3462.6387264109294,0.6249814358975527
N1-LG2-3WP-1P,自由边打磨,人工打磨N21,3462.6387264109294,3463.565239949391,0.9265135384616769
E01S-1234切割后的大件,天车吊运（胎架到成品区）,天车,3463.565239949391,3468.565239949391,5.0
N1-950-1S-1S,分拣,自动分拣N51,3435.332144056305,3436.912144056305,1.5799999999999272
N1-950-1S-1S,自动打磨,自动打磨N51,3436.912144056305,3440.298089215035,3.38594515873001
N1-950-1S-1S,桁架码垛,自动分拣N51,3440.298089215035,3441.468089215035,1.1700000000000728
E01S-1207,天车空驶（胎架到原料区）,天车,3435.0899775269163,3443.0899775269163,8.0
E01S-1207,天车吊运（原料区到胎架）,天车,3443.0899775269163,3446.0899775269163,3.0
N1-MG-6SP-1SP,自由边打磨,人工打磨N51,3459.3169026261226,3459.988846164584,0.671943538461619
E01S-1208,天车空驶（胎架到原料区）,天车,3446.0899775269163,3449.0899775269163,3.0
E01S-1208,天车吊运（原料区到胎架）,天车,3449.0899775269163,3452.0899775269163,3.0
E01S-1207切割后的大件,天车吊运（胎架到坡口区）,天车,3459.988846164584,3462.988846164584,3.0
N1-MG-6SP-1SP,人工坡口,人工坡口1,3462.988846164584,3482.034830164584,19.045983999999862
E01S-1207切割后的大件,天车吊运（坡口区到成品区）,天车,3482.034830164584,3487.034830164584,5.0
N1-F21-5-1P,分拣,自动分拣N51,3675.4908823270807,3677.0708823270807,1.5799999999999272
N1-F21-5-1P,自动打磨,自动打磨N51,3677.0708823270807,3679.1107949461284,2.0399126190477546
N1-F21-5-1P,桁架码垛,自动分拣N51,3679.1107949461284,3680.2807949461285,1.1700000000000728
N1-F21-5-1S,分拣,自动分拣N51,3680.2807949461285,3681.8607949461284,1.5799999999999272
N1-F21-5-1S,自动打磨,自动打磨N51,3681.8607949461284,3684.1404997873983,2.279704841269904
N1-F21-5-1S,桁架码垛,自动分拣N51,3684.1404997873983,3685.3104997873984,1.1700000000000728
N1-F22-5-1P,分拣,自动分拣N51,3685.3104997873984,3686.8904997873983,1.5799999999999272
N1-F22-5-1P,自动打磨,自动打磨N51,3686.8904997873983,3689.170204628668,2.279704841269904
N1-F22-5-1P,桁架码垛,自动分拣N51,3689.170204628668,3690.3402046286683,1.1700000000000728
N1-F22-5-1S,分拣,自动分拣N51,3690.3402046286683,3691.920204628668,1.5799999999999272
N1-F22-5-1S,自动打磨,自动打磨N51,3691.920204628668,3693.7495558985097,1.8293512698414816
N1-F22-5-1S,桁架码垛,自动分拣N51,3693.7495558985097,3694.9195558985098,1.1700000000000728
N1-F23-5-1P,分拣,自动分拣N51,3694.9195558985098,3696.4995558985097,1.5799999999999272
N1-F23-5-1P,自动打磨,自动打磨N51,3696.4995558985097,3698.328907247716,1.829351349206263
N1-F23-5-1P,桁架码垛,自动分拣N51,3698.328907247716,3699.498907247716,1.1700000000000728
N1-F23-5-1S,分拣,自动分拣N51,3699.498907247716,3701.078907247716,1.5799999999999272
N1-F23-5-1S,自动打磨,自动打磨N51,3701.078907247716,3702.8746298667634,1.7957226190474103
N1-F23-5-1S,桁架码垛,自动分拣N51,3702.8746298667634,3704.0446298667634,1.1700000000000728
N1-F24-5-1P,分拣,自动分拣N51,3704.0446298667634,3705.6246298667634,1.5799999999999272
N1-F24-5-1P,自动打磨,自动打磨N51,3705.6246298667634,3707.0353638350175,1.410733968254135
N1-F24-5-1P,桁架码垛,自动分拣N51,3707.0353638350175,3708.2053638350176,1.1700000000000728
N1-F24-5-1S,分拣,自动分拣N51,3708.2053638350176,3709.7853638350175,1.5799999999999272
N1-F24-5-1S,自动打磨,自动打磨N51,3709.7853638350175,3711.5894039937475,1.804040158730004
N1-F24-5-1S,桁架码垛,自动分拣N51,3711.5894039937475,3712.7594039937476,1.1700000000000728
N1-F25-5-1P,分拣,自动分拣N51,3712.7594039937476,3714.3394039937475,1.5799999999999272
N1-F25-5-1P,自动打磨,自动打磨N51,3714.3394039937475,3715.900307406446,1.5609034126982806
N1-F25-5-1P,桁架码垛,自动分拣N51,3715.900307406446,3717.070307406446,1.1700000000000728
N1-F25-5-1S,分拣,自动分拣N51,3717.070307406446,3718.650307406446,1.5799999999999272
N1-F25-5-1S,自动打磨,自动打磨N51,3718.650307406446,3722.0636426445412,3.413335238095442
N1-F25-5-1S,桁架码垛,自动分拣N51,3722.0636426445412,3723.2336426445413,1.1700000000000728
N1-F26-5-1P,分拣,自动分拣N51,3723.2336426445413,3724.8136426445412,1.5799999999999272
N1-F26-5-1P,自动打磨,自动打磨N51,3724.8136426445412,3726.436473438192,1.6228307936507917
N1-F26-5-1P,桁架码垛,自动分拣N51,3726.436473438192,3727.606473438192,1.1700000000000728
N1-F26-5-1S,分拣,自动分拣N51,3727.606473438192,3729.186473438192,1.5799999999999272
N1-F26-5-1S,自动打磨,自动打磨N51,3729.186473438192,3732.4897377239063,3.303264285714249
N1-F26-5-1S,桁架码垛,自动分拣N51,3732.4897377239063,3733.6597377239063,1.1700000000000728
N1-F27-2-1P,分拣,自动分拣N51,3733.6597377239063,3735.2397377239063,1.5799999999999272
N1-F27-2-1P,自动打磨,自动打磨N51,3735.2397377239063,3736.644738358827,1.4050006349207251
N1-F27-2-1P,桁架码垛,自动分拣N51,3736.644738358827,3737.814738358827,1.1700000000000728
N1-F27-2-1S,分拣,自动分拣N51,3737.814738358827,3739.394738358827,1.5799999999999272
N1-F27-2-1S,自动打磨,自动打磨N51,3739.394738358827,3741.2146792318426,1.8199408730156392
N1-F27-2-1S,桁架码垛,自动分拣N51,3741.2146792318426,3742.3846792318427,1.1700000000000728
N1-F28-3-1P,分拣,自动分拣N51,3742.3846792318427,3743.9646792318426,1.5799999999999272
N1-F28-3-1P,自动打磨,自动打磨N51,3743.9646792318426,3745.4611774064456,1.496498174602948
N1-F28-3-1P,桁架码垛,自动分拣N51,3745.4611774064456,3746.6311774064457,1.1700000000000728
N1-F28-3-1S,分拣,自动分拣N51,3746.6311774064457,3748.2111774064456,1.5799999999999272
N1-F28-3-1S,自动打磨,自动打磨N51,3748.2111774064456,3749.828226930255,1.617049523809328
N1-F28-3-1S,桁架码垛,自动分拣N51,3749.828226930255,3750.998226930255,1.1700000000000728
N1-F29-3-1P,分拣,自动分拣N51,3750.998226930255,3752.578226930255,1.5799999999999272
N1-F29-3-1P,自动打磨,自动打磨N51,3752.578226930255,3754.3967385969218,1.8185116666668364
N1-F29-3-1P,桁架码垛,自动分拣N51,3754.3967385969218,3755.566738596922,1.1700000000000728
N1-F29-3-1S,分拣,自动分拣N51,3755.566738596922,3757.1467385969218,1.5799999999999272
N1-F29-3-1S,自动打磨,自动打磨N51,3757.1467385969218,3759.947883676287,2.801145079365142
N1-F29-3-1S,桁架码垛,自动分拣N51,3759.947883676287,3761.117883676287,1.1700000000000728
E01S-1224,天车空驶（胎架到原料区）,天车,3413.6805122854116,3421.6805122854116,8.0
E01S-1224,天车吊运（原料区到胎架）,天车,3421.6805122854116,3424.6805122854116,3.0
N1-LG32-1-1P,自由边打磨,人工打磨N21,3487.272326741211,3488.0541357155703,0.7818089743591372
E01S-1217,天车空驶（胎架到原料区）,天车,3468.565239949391,3471.565239949391,3.0
E01S-1217,天车吊运（原料区到胎架）,天车,3471.565239949391,3474.565239949391,3.0
N1-LG32-1-1S,自由边打磨,人工打磨N21,3488.0541357155703,3488.2111491001856,0.15701338461531122
E01S-1224切割后的大件,天车吊运（胎架到成品区）,天车,3488.2111491001856,3493.2111491001856,5.0
N1-STR-1D1P-1P,分拣,自动分拣N21,3490.290794706216,3491.8707947062157,1.5799999999999272
N1-STR-1D1P-1P,自动打磨,自动打磨N21,3491.8707947062157,3493.3812572458983,1.5104625396825213
N1-STR-1D1P-1P,桁架码垛,自动分拣N21,3493.3812572458983,3494.5512572458983,1.1700000000000728
N1-STR-1D1S-1S,分拣,自动分拣N21,3494.5512572458983,3496.1312572458983,1.5799999999999272
N1-STR-1D1S-1S,自动打磨,自动打磨N21,3496.1312572458983,3497.641719944311,1.5104626984125389
N1-STR-1D1S-1S,桁架码垛,自动分拣N21,3497.641719944311,3498.811719944311,1.1700000000000728
料框_N2_AP2_P1_坡口,自动坡口,自动坡口1,67.3964927665676,71.08612951870435,3.6896367521367495
料框_N5_AP2_P4,AGV转运(至半框),AGV1,345.8865679906376,353.6365679906376,7.75
料框_N5_AP2_P4_坡口,AGV转运(至坡口),AGV2,354.91576172079635,362.66576172079635,7.75
料框_N5_AP2_P4_坡口,AGV至坡口工作站,AGV1,362.7657617207964,365.5157617207964,2.75
料框_N5_AP2_P4_坡口,自动坡口,自动坡口1,365.5157617207964,399.6085181310528,34.09275641025641
料框_N2_AP2_P2,AGV转运(至半框),AGV2,369.14610903487613,376.89610903487613,7.75
料框_AP2_P4_合盘,AGV合盘至坡口工作站,AGV1,399.6085181310528,402.3585181310528,2.75
料框_N5_AP2_P2,AGV转运(至半框),AGV2,565.3027617726294,573.0527617726294,7.75
料框_N2_AP2_P1,AGV转运(至半框),AGV1,786.6729708301466,794.4229708301466,7.75
料框_N2_AP2_P1_坡口,自动坡口,自动坡口1,795.7793426555435,801.4156063918072,5.636263736263686
料框_N2_AP2_P1_坡口,自动坡口,自动坡口1,801.4156063918072,806.5411008973017,5.125494505494544
料框_N2_AP2_P3,AGV转运(至半框),AGV2,804.4280897984007,812.1780897984007,7.75
料框_N5_AP2_P1,AGV转运(至半框),AGV1,820.0407498163494,827.7907498163494,7.75
料框_N2_AP2_P5,AGV转运(至半框),AGV2,822.4354626555436,830.1854626555436,7.75
料框_AP2_P1_合盘,AGV合盘至坡口工作站,AGV1,830.1854626555436,832.9354626555436,2.75
料框_N5_AP2_P1_坡口,AGV转运(至坡口),AGV2,830.1854626555436,837.9354626555436,7.75
料框_N5_AP2_P1_坡口,AGV至坡口工作站,AGV1,838.0354626555436,840.7854626555436,2.75
料框_N5_AP2_P1_坡口,自动坡口,自动坡口1,840.7854626555436,883.3698549601899,42.58439230464626
料框_N5_AP2_P3,AGV转运(至半框),AGV2,852.9741764830161,860.7241764830161,7.75
料框_N5_AP2_P5,AGV转运(至半框),AGV1,950.6545951159894,958.4045951159894,7.75
料框_AP2_P1,AGV至小部材放置区,AGV2,1156.679767112403,1159.429767112403,2.75
料框_AP2_P2,AGV至小部材放置区,AGV1,1158.054767112403,1160.804767112403,2.75
料框_AP2_P3,AGV至小部材放置区,AGV2,1159.429767112403,1167.179767112403,7.75
料框_AP2_P4,AGV至小部材放置区,AGV1,1165.804767112403,1173.554767112403,7.75
料框_AP2_P5,AGV至小部材放置区,AGV2,1172.179767112403,1179.929767112403,7.75
料框_N5_STA238FC_P1_坡口,AGV转运(至坡口),AGV1,1191.1972113079921,1198.9472113079921,7.75
料框_N5_STA238FC_P1_坡口,AGV至坡口工作站,AGV2,1198.9472113079921,1206.6972113079921,7.75
料框_N5_STA238FC_P1_坡口,自动坡口,自动坡口1,1206.6972113079921,1222.4265579484643,15.729346640472158
料框_N5_STA238FC_P1,AGV转运(至半框),AGV1,1357.739789643016,1365.489789643016,7.75
料框_STA238FC_P1_合盘,AGV合盘至坡口工作站,AGV2,1365.489789643016,1368.239789643016,2.75
料框_N2_STA238FC_P2,AGV转运(至半框),AGV1,1372.4234826821655,1380.1734826821655,7.75
料框_N2_STA238FC_P3,AGV转运(至半框),AGV2,1388.9089146662927,1396.6589146662927,7.75
料框_N5_STA238FC_P2_坡口,AGV转运(至坡口),AGV1,1406.2724211509526,1414.0224211509526,7.75
料框_N5_STA238FC_P2_坡口,AGV至坡口工作站,AGV2,1414.1224211509525,1416.8724211509525,2.75
料框_N5_STA238FC_P2_坡口,自动坡口,自动坡口1,1416.8724211509525,1451.0378389346888,34.1654177837363
料框_N5_STA238FC_P3_坡口,AGV转运(至坡口),AGV1,1414.0224211509526,1421.7724211509526,7.75
料框_N5_STA238FC_P3_坡口,AGV至坡口工作站,AGV2,1421.8724211509525,1424.6224211509525,2.75
料框_N5_STA238FC_P3_坡口,自动坡口,自动坡口1,1451.0378389346888,1459.4870851658445,8.449246231155712
料框_N2_STA238FC_P3_坡口,自动坡口,自动坡口1,1459.4870851658445,1471.7489740547335,12.261888888888961
料框_STA238FC_P2_合盘,AGV合盘至坡口工作站,AGV1,1451.0378389346888,1453.7878389346888,2.75
料框_N2_STA238FC_P3_坡口,自动坡口,自动坡口1,1471.7489740547335,1484.0108629436224,12.261888888888961
料框_N5_STA238FC_P2,AGV转运(至半框),AGV2,1477.599174806862,1485.349174806862,7.75
料框_STA238FC_P3_合盘,AGV合盘至坡口工作站,AGV1,1485.349174806862,1488.099174806862,2.75
料框_STA238FC_P1,AGV至小部材放置区,AGV2,1513.5475782610745,1516.2975782610745,2.75
料框_STA238FC_P2,AGV至小部材放置区,AGV1,1514.9225782610745,1517.6725782610745,2.75
料框_STA238FC_P3,AGV至小部材放置区,AGV2,1516.2975782610745,1524.0475782610745,7.75
料框_N2_DC12_P1,AGV转运(至半框),AGV1,1580.8349397067445,1588.5849397067445,7.75
料框_N5_STA238FC_P3,AGV转运(至半框),AGV2,1661.9673132619212,1669.7173132619212,7.75
料框_N2_DC12_P2_坡口,自动坡口,自动坡口1,1731.225700662186,1734.856590714542,3.630890052356108
料框_N2_DC12_P2_坡口,自动坡口,自动坡口1,1736.1671981225034,1739.7997243005138,3.632526178010494
料框_N2_DC12_P2_坡口,自动坡口,自动坡口1,1741.023297805043,1744.6541878573992,3.630890052356108
料框_N2_DC12_P2_坡口,自动坡口,自动坡口1,1745.8793973288525,1749.5102873812086,3.630890052356108
料框_N2_DC12_P2_坡口,自动坡口,自动坡口1,1750.6430480431382,1754.2739380954943,3.630890052356108
料框_N2_DC12_P2_坡口,自动坡口,自动坡口1,1755.4066987574238,1759.0392249354343,3.632526178010494
料框_N2_DC12_P3,AGV转运(至半框),AGV1,1768.732591693932,1776.482591693932,7.75
料框_N5_DC12_P1,AGV转运(至半框),AGV2,1892.417428177615,1900.167428177615,7.75
料框_N2_DC12_P4_坡口,自动坡口,自动坡口1,1899.2566396942595,1905.6949845864808,6.4383448922212665
料框_N2_DC12_P4_坡口,自动坡口,自动坡口1,1905.6949845864808,1912.1239574074743,6.428972820993522
料框_N2_DC12_P4_坡口,自动坡口,自动坡口1,1912.1239574074743,1918.8295975199392,6.705640112464835
料框_N2_DC12_P4_坡口,自动坡口,自动坡口1,1918.8295975199392,1925.535237632404,6.705640112464835
料框_N2_DC12_P4_坡口,自动坡口,自动坡口1,1925.535237632404,1931.6861823371837,6.150944704779704
料框_N5_DC12_P2,AGV转运(至半框),AGV1,1909.550121987139,1917.300121987139,7.75
料框_N2_DC12_P4_坡口,自动坡口,自动坡口1,1931.6861823371837,1937.8371270419634,6.150944704779704
料框_N2_DC12_P4_坡口,自动坡口,自动坡口1,1937.8371270419634,1943.9853725902296,6.148245548266232
料框_N2_DC12_P4_坡口,自动坡口,自动坡口1,1943.9853725902296,1950.1242460672681,6.138873477038487
料框_N2_DC12_P2,AGV转运(至半框),AGV2,1951.4372396422891,1959.1872396422891,7.75
料框_DC12_P2_合盘,AGV合盘至坡口工作站,AGV1,1959.1872396422891,1961.9372396422891,2.75
料框_N2_DC12_P4,AGV转运(至半框),AGV2,1969.6155757534002,1977.3655757534002,7.75
料框_DC12_P4_合盘,AGV合盘至坡口工作站,AGV1,1977.3655757534002,1980.1155757534002,2.75
料框_N2_DC12_P3_坡口,自动坡口,自动坡口1,1981.1782384637131,1986.5782480606422,5.400009596929067
料框_N2_DC12_P3_坡口,自动坡口,自动坡口1,1986.5782480606422,1991.9878545865538,5.409606525911613
料框_N5_DC12_P3,AGV转运(至半框),AGV2,1985.0879437331705,1992.8379437331705,7.75
料框_N2_DC12_P3_坡口,自动坡口,自动坡口1,1991.9878545865538,1997.3886703255173,5.400815738963502
料框_DC12_P3_合盘,AGV合盘至坡口工作站,AGV1,1992.8379437331705,1995.5879437331705,2.75
料框_N2_DC12_P3_坡口,自动坡口,自动坡口1,1997.3886703255173,2002.7894860644808,5.400815738963502
料框_N2_DC12_P3_坡口,自动坡口,自动坡口1,2002.7894860644808,2008.192286448358,5.402800383877093
料框_N2_DC12_P3_坡口,自动坡口,自动坡口1,2008.192286448358,2013.5854899032524,5.393203454894547
料框_N2_DC12_P3_坡口,自动坡口,自动坡口1,2013.5854899032524,2018.9795858725422,5.394095969289765
料框_N2_DC12_P3_坡口,自动坡口,自动坡口1,2018.9795858725422,2024.373681841832,5.394095969289765
料框_DC12_P1,AGV至小部材放置区,AGV2,2140.9408698684124,2143.6908698684124,2.75
料框_DC12_P2,AGV至小部材放置区,AGV1,2142.3158698684124,2145.0658698684124,2.75
料框_DC12_P3,AGV至小部材放置区,AGV2,2143.6908698684124,2151.4408698684124,7.75
料框_DC12_P4,AGV至小部材放置区,AGV1,2150.0658698684124,2157.8158698684124,7.75
料框_N2_BN1_P1,AGV转运(至半框),AGV2,2187.5365589049893,2195.2865589049893,7.75
料框_N2_BN1_P2,AGV转运(至半框),AGV1,2193.9115589049893,2201.6615589049893,7.75
料框_N2_BN1_P6_坡口,自动坡口,自动坡口1,2223.01953874626,2226.616486390239,3.5969476439790924
料框_N2_BN1_P6_坡口,自动坡口,自动坡口1,2228.04594358753,2231.642891231509,3.5969476439790924
料框_N2_BN1_P1_坡口,自动坡口,自动坡口1,2289.8851295399104,2294.7724246218777,4.887295081967295
料框_N2_BN1_P1_坡口,自动坡口,自动坡口1,2294.7724246218777,2299.506031179255,4.733606557377243
料框_N2_BN1_P1_坡口,自动坡口,自动坡口1,2299.506031179255,2304.39537544155,4.889344262295253
料框_N2_BN1_P1_坡口,自动坡口,自动坡口1,2304.39537544155,2309.131031179255,4.735655737704747
料框_N5_BN1_P1,AGV转运(至半框),AGV2,2648.7416307625226,2656.4916307625226,7.75
料框_BN1_P1_合盘,AGV合盘至坡口工作站,AGV1,2656.4916307625226,2659.2416307625226,2.75
料框_N5_BN1_P8,AGV转运(至半框),AGV2,2699.725245683158,2707.475245683158,7.75
料框_N5_BN1_P2_坡口,AGV转运(至坡口),AGV1,2793.01624654649,2800.76624654649,7.75
料框_N5_BN1_P2_坡口,AGV至坡口工作站,AGV2,2800.86624654649,2803.61624654649,2.75
料框_N5_BN1_P2_坡口,自动坡口,自动坡口1,2803.61624654649,2813.0153255842906,9.399079037800675
料框_N5_BN1_P9_坡口,AGV转运(至坡口),AGV1,2801.7985789274426,2809.5485789274426,7.75
料框_N5_BN1_P9_坡口,AGV至坡口工作站,AGV2,2809.6485789274425,2812.3985789274425,2.75
料框_N5_BN1_P9_坡口,自动坡口,自动坡口1,2813.0153255842906,2833.450574725184,20.435249140893575
料框_BN1_P2_合盘,AGV合盘至坡口工作站,AGV1,2813.0153255842906,2815.7653255842906,2.75
料框_N2_BN1_P8,AGV转运(至半框),AGV2,2996.797618234352,3004.547618234352,7.75
料框_N5_BN1_P2,AGV转运(至半框),AGV1,3074.267180591843,3082.017180591843,7.75
料框_N5_BN1_P3,AGV转运(至半框),AGV2,3080.642180591843,3088.392180591843,7.75
料框_N2_BN1_P3,AGV转运(至半框),AGV1,3223.473480340804,3231.223480340804,7.75
料框_N5_BN1_P4,AGV转运(至半框),AGV2,3271.7310634369314,3279.4810634369314,7.75
料框_N5_BN1_P5,AGV转运(至半框),AGV1,3278.1060634369314,3285.8560634369314,7.75
料框_N2_BN1_P6,AGV转运(至半框),AGV2,3288.3515116900103,3296.1015116900103,7.75
料框_N5_BN1_P6,AGV转运(至半框),AGV1,3293.2228606475896,3300.9728606475896,7.75
料框_BN1_P6_合盘,AGV合盘至坡口工作站,AGV2,3300.9728606475896,3303.7228606475896,2.75
料框_N2_BN1_P7,AGV转运(至半框),AGV1,3305.031890737629,3312.781890737629,7.75
料框_N2_BN1_P4,AGV转运(至半框),AGV2,3318.7347610294323,3326.4847610294323,7.75
料框_N2_BN1_P5,AGV转运(至半框),AGV1,3325.1097610294323,3332.8597610294323,7.75
料框_N5_BN1_P9,AGV转运(至半框),AGV2,3426.868952743034,3434.618952743034,7.75
料框_N5_BN1_P7,AGV转运(至半框),AGV1,3436.468089215035,3444.218089215035,7.75
料框_N2_BN1_P9,AGV转运(至半框),AGV2,3493.811719944311,3501.561719944311,7.75
料框_BN1_P9_合盘,AGV合盘至坡口工作站,AGV1,3501.561719944311,3504.311719944311,2.75
料框_BN1_P1,AGV至小部材放置区,AGV2,3504.311719944311,3507.061719944311,2.75
料框_BN1_P2,AGV至小部材放置区,AGV1,3505.686719944311,3508.436719944311,2.75
料框_BN1_P3,AGV至小部材放置区,AGV2,3507.061719944311,3514.811719944311,7.75
料框_BN1_P4,AGV至小部材放置区,AGV1,3513.436719944311,3521.186719944311,7.75
料框_BN1_P5,AGV至小部材放置区,AGV2,3519.811719944311,3527.561719944311,7.75
料框_BN1_P6,AGV至小部材放置区,AGV1,3526.186719944311,3533.936719944311,7.75
料框_BN1_P7,AGV至小部材放置区,AGV2,3532.561719944311,3540.311719944311,7.75
料框_BN1_P8,AGV至小部材放置区,AGV1,3538.936719944311,3546.686719944311,7.75
料框_BN1_P9,AGV至小部材放置区,AGV2,3545.311719944311,3553.061719944311,7.75
料框_N5_BN1_P1_坡口,AGV转运(至坡口),AGV1,3756.117883676287,3763.867883676287,7.75
料框_N5_BN1_P1_坡口,AGV至坡口工作站,AGV2,3763.867883676287,3771.617883676287,7.75
料框_N5_BN1_P1_坡口,自动坡口,自动坡口1,3771.617883676287,3849.646572200877,78.02868852459005
