零件名,工序,资源,开始(min),结束(min),时长(min)
A03S-1304,天车空驶（胎架到原料区）,天车,0.0,3.0,3.0
A03S-1304,天车吊运（原料区到胎架）,天车,3.0,6.0,3.0
AP2-FC-1-1P,自由边打磨,人工打磨N21,28.298601144113015,29.95331416975404,1.6547130256410263
A03S-1289,天车空驶（胎架到原料区）,天车,6.0,9.0,3.0
A03S-1289,天车吊运（原料区到胎架）,天车,9.0,12.0,3.0
AP2-FC-1-1S,自由边打磨,人工打磨N21,29.95331416975404,31.608027144113017,1.6547129743589757
A03S-1304切割后的大件,天车吊运（胎架到成品区）,天车,31.608027144113017,36.60802714411302,5.0
AP2-F0-1-1P,自由边打磨,人工打磨N51,108.88188995387495,108.93755138977238,0.05566143589743433
A03S-1274,天车空驶（胎架到原料区）,天车,12.0,20.0,8.0
A03S-1274,天车吊运（原料区到胎架）,天车,20.0,23.0,3.0
AP2-F0-1-1S,自由边打磨,人工打磨N51,108.93755138977238,109.44442959490058,0.5068782051282028
AP2-F1-2-1P,自由边打磨,人工打磨N51,109.44442959490058,110.13801108208007,0.6935814871794861
AP2-F1-2-1S,自由边打磨,人工打磨N51,110.13801108208007,110.56377103079802,0.4257599487179533
A03S-1289切割后的大件,天车吊运（胎架到成品区）,天车,110.56377103079802,115.56377103079802,5.0
AP2-818-1S,分拣,自动分拣N21,54.232376120028235,55.81237612002823,1.5799999999999983
AP2-818-1S,自动打磨,自动打磨N21,55.81237612002823,57.7649173898695,1.9525412698412694
AP2-818-1S,桁架码垛,自动分拣N21,57.7649173898695,58.934917389869504,1.1700000000000017
AP2-821-1P,分拣,自动分拣N21,58.934917389869504,60.5149173898695,1.5799999999999983
AP2-821-1P,自动打磨,自动打磨N21,60.5149173898695,62.3108154851076,1.795898095238094
AP2-821-1P,桁架码垛,自动分拣N21,62.3108154851076,63.4808154851076,1.1700000000000017
AP2-821-1S,分拣,自动分拣N21,63.4808154851076,65.0608154851076,1.5799999999999983
AP2-821-1S,自动打磨,自动打磨N21,65.0608154851076,66.85671485018696,1.7958993650793644
AP2-821-1S,桁架码垛,自动分拣N21,66.85671485018696,68.02671485018696,1.1700000000000017
AP2-823-1P,分拣,自动分拣N21,68.02671485018696,69.60671485018696,1.5799999999999983
AP2-823-1P,自动打磨,自动打磨N21,69.60671485018696,71.41842421526633,1.8117093650793663
AP2-823-1P,桁架码垛,自动分拣N21,71.41842421526633,72.58842421526633,1.1700000000000017
AP2-823-1S,分拣,自动分拣N21,72.58842421526633,74.16842421526633,1.5799999999999983
AP2-823-1S,自动打磨,自动打磨N21,74.16842421526633,75.9801335803457,1.8117093650793663
AP2-823-1S,桁架码垛,自动分拣N21,75.9801335803457,77.1501335803457,1.1700000000000017
AP2-826-1P,分拣,自动分拣N21,77.1501335803457,78.7301335803457,1.5799999999999983
AP2-826-1P,自动打磨,自动打磨N21,78.7301335803457,80.48053834225045,1.7504047619047611
AP2-826-1P,桁架码垛,自动分拣N21,80.48053834225045,81.65053834225046,1.1700000000000017
AP2-826-1S,分拣,自动分拣N21,81.65053834225046,83.23053834225045,1.5799999999999983
AP2-826-1S,自动打磨,自动打磨N21,83.23053834225045,84.98094310415522,1.7504047619047611
AP2-826-1S,桁架码垛,自动分拣N21,84.98094310415522,86.15094310415522,1.1700000000000017
AP2-829-1S,分拣,自动分拣N21,86.15094310415522,87.73094310415522,1.5799999999999983
AP2-829-1S,自动打磨,自动打磨N21,87.73094310415522,89.68348453272664,1.952541428571422
AP2-829-1S,桁架码垛,自动分拣N21,89.68348453272664,90.85348453272664,1.1700000000000017
AP2-831-1P,分拣,自动分拣N21,90.85348453272664,92.43348453272664,1.5799999999999983
AP2-831-1P,自动打磨,自动打磨N21,92.43348453272664,94.12000143748854,1.686516904761902
AP2-831-1P,桁架码垛,自动分拣N21,94.12000143748854,95.29000143748854,1.1700000000000017
AP2-831-1S,分拣,自动分拣N21,95.29000143748854,96.87000143748854,1.5799999999999983
AP2-831-1S,自动打磨,自动打磨N21,96.87000143748854,98.55660945336156,1.68660801587302
AP2-831-1S,桁架码垛,自动分拣N21,98.55660945336156,99.72660945336156,1.1700000000000017
AP2-832-1P,分拣,自动分拣N21,99.72660945336156,101.30660945336156,1.5799999999999983
AP2-832-1P,自动打磨,自动打磨N21,101.30660945336156,103.01549548510759,1.708886031746033
AP2-832-1P,桁架码垛,自动分拣N21,103.01549548510759,104.1854954851076,1.1700000000000017
AP2-832-1S,分拣,自动分拣N21,104.1854954851076,105.76549548510759,1.5799999999999983
AP2-832-1S,自动打磨,自动打磨N21,105.76549548510759,107.47447302479013,1.708977539682536
AP2-832-1S,桁架码垛,自动分拣N21,107.47447302479013,108.64447302479013,1.1700000000000017
AP2-830-1P,分拣,自动分拣N21,108.64447302479013,110.22447302479013,1.5799999999999983
AP2-830-1P,自动打磨,自动打磨N21,110.22447302479013,111.90680802479012,1.6823349999999948
AP2-830-1P,桁架码垛,自动分拣N21,111.90680802479012,113.07680802479013,1.1700000000000017
AP2-830-1S,分拣,自动分拣N21,113.07680802479013,114.65680802479012,1.5799999999999983
AP2-830-1S,自动打磨,自动打磨N21,114.65680802479012,116.33914302479012,1.6823349999999948
AP2-830-1S,桁架码垛,自动分拣N21,116.33914302479012,117.50914302479012,1.1700000000000017
AP2-833-1P,分拣,自动分拣N21,117.50914302479012,119.08914302479012,1.5799999999999983
AP2-833-1P,自动打磨,自动打磨N21,119.08914302479012,121.69367294542504,2.604529920634917
AP2-833-1P,桁架码垛,自动分拣N21,121.69367294542504,122.86367294542504,1.1700000000000017
AP2-833-1S,分拣,自动分拣N21,122.86367294542504,124.44367294542504,1.5799999999999983
AP2-833-1S,自动打磨,自动打磨N21,124.44367294542504,126.52151659621869,2.0778436507936533
AP2-833-1S,桁架码垛,自动分拣N21,126.52151659621869,127.69151659621869,1.1700000000000017
A03S-1287,天车空驶（胎架到原料区）,天车,36.60802714411302,44.60802714411302,8.0
A03S-1287,天车吊运（原料区到胎架）,天车,44.60802714411302,47.60802714411302,3.0
AP2-F2-3S-5BS,分拣,自动分拣N21,127.69151659621869,129.2715165962187,1.5800000000000125
AP2-F2-3S-5BS,自动打磨,自动打磨N21,129.2715165962187,130.94831246923457,1.6767958730158625
AP2-F2-3S-5BS,桁架至坡口工作站,自动分拣N21,130.94831246923457,132.11501246923456,1.1666999999999916
AP2-F5-1P-1P,自由边打磨,人工打磨N21,88.90677186946695,89.20137299767208,0.2946011282051302
AP2-F5-2S-1S,自由边打磨,人工打磨N21,89.20137299767208,89.52975802331311,0.3283850256410261
AP2-F6-2P-7BP,分拣,自动分拣N21,132.11501246923456,133.69501246923457,1.5800000000000125
AP2-F6-2P-7BP,自动打磨,自动打磨N21,133.69501246923457,135.36698715177425,1.671974682539684
AP2-F6-2P-7BP,桁架码垛,自动分拣N21,135.36698715177425,136.53698715177424,1.1699999999999875
TA10-F9-1SP-3SP,分拣,自动分拣N21,136.53698715177424,138.11698715177425,1.5800000000000125
TA10-F9-1SP-3SP,自动打磨,自动打磨N21,138.11698715177425,139.78896175494884,1.67197460317459
TA10-F9-1SP-3SP,桁架码垛,自动分拣N21,139.78896175494884,140.95896175494883,1.1699999999999875
A03S-1287切割后的大件,天车吊运（胎架到成品区）,天车,89.52975802331311,94.52975802331311,5.0
A03S-1297,天车空驶（胎架到原料区）,天车,116.69151659621869,124.69151659621869,8.0
A03S-1297,天车吊运（原料区到胎架）,天车,124.69151659621869,127.69151659621869,3.0
AP2-F6-3S-4BS,分拣,自动分拣N21,164.78162374708955,166.36162374708957,1.5800000000000125
AP2-F6-3S-4BS,自动打磨,自动打磨N21,166.36162374708957,168.7312640645499,2.3696403174603233
AP2-F6-3S-4BS,桁架码垛,自动分拣N21,168.7312640645499,169.90126406454988,1.1699999999999875
AP2-FB-2P-7BP,分拣,自动分拣N21,169.90126406454988,171.4812640645499,1.5800000000000125
AP2-FB-2P-7BP,自动打磨,自动打磨N21,171.4812640645499,172.85526342962925,1.3739993650793565
AP2-FB-2P-7BP,桁架码垛,自动分拣N21,172.85526342962925,174.02526342962923,1.1699999999999875
AP2-FB-2P-8BP,分拣,自动分拣N21,174.02526342962923,175.60526342962925,1.5800000000000125
AP2-FB-2P-8BP,自动打磨,自动打磨N21,175.60526342962925,179.41640247724828,3.8111390476190365
AP2-FB-2P-8BP,桁架至坡口工作站,自动分拣N21,179.41640247724828,180.58310247724827,1.1666999999999916
AP2-FB-3S-10BS,分拣,自动分拣N21,180.58310247724827,182.1631024772483,1.5800000000000125
AP2-FB-3S-10BS,自动打磨,自动打磨N21,182.1631024772483,184.53274287407368,2.369640396825389
AP2-FB-3S-10BS,桁架至坡口工作站,自动分拣N21,184.53274287407368,185.69944287407367,1.1666999999999916
AP2-FB-3S-3BS,分拣,自动分拣N21,185.69944287407367,187.27944287407368,1.5800000000000125
AP2-FB-3S-3BS,自动打磨,自动打磨N21,187.27944287407368,191.09058192169272,3.8111390476190365
AP2-FB-3S-3BS,桁架码垛,自动分拣N21,191.09058192169272,192.2605819216927,1.1699999999999875
AP2-FB-3S-6BS,分拣,自动分拣N21,192.2605819216927,193.84058192169272,1.5800000000000125
AP2-FB-3S-6BS,自动打磨,自动打磨N21,193.84058192169272,196.43588477883557,2.5953028571428547
AP2-FB-3S-6BS,桁架码垛,自动分拣N21,196.43588477883557,197.60588477883556,1.1699999999999875
AP2-G2-2-1P,自由边打磨,人工打磨N21,164.78162374708955,165.02328487529468,0.24166112820512353
A03S-1301,天车空驶（胎架到原料区）,天车,23.0,26.0,3.0
A03S-1301,天车吊运（原料区到胎架）,天车,26.0,29.0,3.0
AP2-G2-2-1S,自由边打磨,人工打磨N21,165.02328487529468,166.05409595221775,1.0308110769230723
A03S-1297切割后的大件,天车吊运（胎架到成品区）,天车,166.05409595221775,171.05409595221775,5.0
AP2-AG-1-1P,自由边打磨,人工打磨N51,158.97557814268544,159.21723927089056,0.24166112820512353
A03S-1296,天车空驶（胎架到原料区）,天车,129.95896175494883,137.95896175494883,8.0
A03S-1296,天车吊运（原料区到胎架）,天车,137.95896175494883,140.95896175494883,3.0
AP2-G3-6S-1S,分拣,自动分拣N51,158.97557814268544,160.55557814268545,1.5800000000000125
AP2-G3-6S-1S,自动打磨,自动打磨N51,160.55557814268545,161.55557814268545,1.0
AP2-G3-6S-1S,桁架码垛,自动分拣N51,161.55557814268545,162.72557814268544,1.1699999999999875
A03S-1301切割后的大件,天车吊运（胎架到成品区）,天车,159.21723927089056,164.21723927089056,5.0
AP2-F2-3S-4BS,分拣,自动分拣N21,206.7351739007535,208.3151739007535,1.5800000000000125
AP2-F2-3S-4BS,自动打磨,自动打磨N21,208.3151739007535,209.87079175789637,1.5556178571428632
AP2-F2-3S-4BS,桁架码垛,自动分拣N21,209.87079175789637,211.04079175789636,1.1699999999999875
AP2-FB-2P-6BP,分拣,自动分拣N21,211.04079175789636,212.62079175789637,1.5800000000000125
AP2-FB-2P-6BP,自动打磨,自动打磨N21,212.62079175789637,213.93615326583287,1.315361507936501
AP2-FB-2P-6BP,桁架码垛,自动分拣N21,213.93615326583287,215.10615326583286,1.1699999999999875
AP2-FB-3S-7BS,分拣,自动分拣N21,215.10615326583286,216.68615326583287,1.5800000000000125
AP2-FB-3S-7BS,自动打磨,自动打磨N21,216.68615326583287,218.00776616265827,1.3216128968253997
AP2-FB-3S-7BS,桁架码垛,自动分拣N21,218.00776616265827,219.17776616265826,1.1699999999999875
AP2-FC-1B1P-1P,分拣,自动分拣N21,219.17776616265826,220.75776616265827,1.5800000000000125
AP2-FC-1B1P-1P,自动打磨,自动打磨N21,220.75776616265827,222.07216913884875,1.314402976190479
AP2-FC-1B1P-1P,桁架码垛,自动分拣N21,222.07216913884875,223.24216913884874,1.1699999999999875
AP2-FC-1B2S-1S,分拣,自动分拣N21,223.24216913884874,224.82216913884875,1.5800000000000125
AP2-FC-1B2S-1S,自动打磨,自动打磨N21,224.82216913884875,226.02720524995985,1.2050361111110988
AP2-FC-1B2S-1S,桁架码垛,自动分拣N21,226.02720524995985,227.19720524995984,1.1699999999999875
AP2-G1-1B1P-1P,分拣,自动分拣N21,227.19720524995984,228.77720524995985,1.5800000000000125
AP2-G1-1B1P-1P,自动打磨,自动打磨N21,228.77720524995985,229.98224136107095,1.2050361111110988
AP2-G1-1B1P-1P,桁架码垛,自动分拣N21,229.98224136107095,231.15224136107093,1.1699999999999875
AP2-G1-1B2S-1S,分拣,自动分拣N21,231.15224136107093,232.73224136107095,1.5800000000000125
AP2-G1-1B2S-1S,自动打磨,自动打磨N21,232.73224136107095,233.93727747218205,1.2050361111110988
AP2-G1-1B2S-1S,桁架码垛,自动分拣N21,233.93727747218205,235.10727747218203,1.1699999999999875
AP2-G1-2B1P-1P,分拣,自动分拣N21,235.10727747218203,236.68727747218205,1.5800000000000125
AP2-G1-2B1P-1P,自动打磨,自动打磨N21,236.68727747218205,237.89231358329315,1.2050361111110988
AP2-G1-2B1P-1P,桁架码垛,自动分拣N21,237.89231358329315,239.06231358329313,1.1699999999999875
AP2-G1-2B2S-1S,分拣,自动分拣N21,239.06231358329313,240.64231358329315,1.5800000000000125
AP2-G1-2B2S-1S,自动打磨,自动打磨N21,240.64231358329315,241.84734969440424,1.2050361111110988
AP2-G1-2B2S-1S,桁架码垛,自动分拣N21,241.84734969440424,243.01734969440423,1.1699999999999875
AP2-G3-1B1-1P,分拣,自动分拣N21,243.01734969440423,244.59734969440424,1.5800000000000125
AP2-G3-1B1-1P,自动打磨,自动打磨N21,244.59734969440424,245.80238580551534,1.2050361111110988
AP2-G3-1B1-1P,桁架码垛,自动分拣N21,245.80238580551534,246.97238580551533,1.1699999999999875
AP2-G3-1B1-1S,分拣,自动分拣N21,246.97238580551533,248.55238580551534,1.5800000000000125
AP2-G3-1B1-1S,自动打磨,自动打磨N21,248.55238580551534,249.75742191662644,1.2050361111110988
AP2-G3-1B1-1S,桁架码垛,自动分拣N21,249.75742191662644,250.92742191662643,1.1699999999999875
AP2-G3-2B1-1P,分拣,自动分拣N21,250.92742191662643,252.50742191662644,1.5800000000000125
AP2-G3-2B1-1P,自动打磨,自动打磨N21,252.50742191662644,253.71245802773754,1.2050361111110988
AP2-G3-2B1-1P,桁架码垛,自动分拣N21,253.71245802773754,254.88245802773753,1.1699999999999875
AP2-G3-2B1-1S,分拣,自动分拣N21,254.88245802773753,256.4624580277375,1.579999999999984
AP2-G3-2B1-1S,自动打磨,自动打磨N21,256.4624580277375,257.6674941388486,1.2050361111110988
AP2-G3-2B1-1S,桁架码垛,自动分拣N21,257.6674941388486,258.8374941388486,1.170000000000016
AP2-G4-1B1-1P,分拣,自动分拣N21,258.8374941388486,260.4174941388486,1.579999999999984
AP2-G4-1B1-1P,自动打磨,自动打磨N21,260.4174941388486,261.6225302499597,1.2050361111110988
AP2-G4-1B1-1P,桁架码垛,自动分拣N21,261.6225302499597,262.7925302499597,1.170000000000016
AP2-G4-1B1-1S,分拣,自动分拣N21,262.7925302499597,264.3725302499597,1.579999999999984
AP2-G4-1B1-1S,自动打磨,自动打磨N21,264.3725302499597,265.5775663610708,1.2050361111110988
AP2-G4-1B1-1S,桁架码垛,自动分拣N21,265.5775663610708,266.7475663610708,1.170000000000016
AP2-G4-2B1-1P,分拣,自动分拣N21,266.7475663610708,268.3275663610708,1.579999999999984
AP2-G4-2B1-1P,自动打磨,自动打磨N21,268.3275663610708,269.5326024721819,1.2050361111110988
AP2-G4-2B1-1P,桁架码垛,自动分拣N21,269.5326024721819,270.7026024721819,1.170000000000016
AP2-G4-2B1-1S,分拣,自动分拣N21,270.7026024721819,272.2826024721819,1.579999999999984
AP2-G4-2B1-1S,自动打磨,自动打磨N21,272.2826024721819,273.487638583293,1.2050361111110988
AP2-G4-2B1-1S,桁架码垛,自动分拣N21,273.487638583293,274.657638583293,1.170000000000016
AP2-G5-1B1-1P,分拣,自动分拣N21,274.657638583293,276.237638583293,1.579999999999984
AP2-G5-1B1-1P,自动打磨,自动打磨N21,276.237638583293,277.4426746944041,1.2050361111110988
AP2-G5-1B1-1P,桁架码垛,自动分拣N21,277.4426746944041,278.6126746944041,1.170000000000016
AP2-G5-1B1-1S,分拣,自动分拣N21,278.6126746944041,280.1926746944041,1.579999999999984
AP2-G5-1B1-1S,自动打磨,自动打磨N21,280.1926746944041,281.3977108055152,1.2050361111110988
AP2-G5-1B1-1S,桁架码垛,自动分拣N21,281.3977108055152,282.5677108055152,1.170000000000016
AP2-G5-2B1-1P,分拣,自动分拣N21,282.5677108055152,284.1477108055152,1.579999999999984
AP2-G5-2B1-1P,自动打磨,自动打磨N21,284.1477108055152,285.3527469166263,1.2050361111110988
AP2-G5-2B1-1P,桁架码垛,自动分拣N21,285.3527469166263,286.5227469166263,1.170000000000016
AP2-G5-2B1-1S,分拣,自动分拣N21,286.5227469166263,288.1027469166263,1.579999999999984
AP2-G5-2B1-1S,自动打磨,自动打磨N21,288.1027469166263,289.3077830277374,1.2050361111110988
AP2-G5-2B1-1S,桁架码垛,自动分拣N21,289.3077830277374,290.4777830277374,1.170000000000016
AP2-SGF-1SP-4BSP,分拣,自动分拣N21,290.4777830277374,291.4777830277374,1.0
A03S-1293,天车空驶（胎架到原料区）,天车,140.95896175494883,148.95896175494883,8.0
A03S-1293,天车吊运（原料区到胎架）,天车,148.95896175494883,151.95896175494883,3.0
AP2-F2-2P-3P,分拣,自动分拣N51,202.63443256258884,204.21443256258885,1.5800000000000125
AP2-F2-2P-3P,自动打磨,自动打磨N51,204.21443256258885,205.30057526100154,1.0861426984126865
AP2-F2-2P-3P,桁架码垛,自动分拣N51,205.30057526100154,206.47057526100153,1.1699999999999875
AP2-F2-3S-3S,分拣,自动分拣N51,206.47057526100153,208.05057526100154,1.5800000000000125
AP2-F2-3S-3S,自动打磨,自动打磨N51,208.05057526100154,209.4786524038587,1.4280771428571484
AP2-F2-3S-3S,桁架码垛,自动分拣N51,209.4786524038587,210.64865240385868,1.1699999999999875
AP2-F6-2P-3P,自由边打磨,人工打磨N51,202.63443256258884,203.2301605113068,0.5957279487179505
A03S-1299,天车空驶（胎架到原料区）,天车,191.60588477883556,194.60588477883556,3.0
A03S-1299,天车吊运（原料区到胎架）,天车,194.60588477883556,197.60588477883556,3.0
AP2-F6-3S-3S,自由边打磨,人工打磨N51,203.2301605113068,203.75213830617858,0.5219777948717876
AP2-F0-1B3-1P,分拣,自动分拣N51,210.64865240385868,212.2286524038587,1.5800000000000125
AP2-F0-1B3-1P,自动打磨,自动打磨N51,212.2286524038587,213.31479510227138,1.0861426984126865
AP2-F0-1B3-1P,桁架码垛,自动分拣N51,213.31479510227138,214.48479510227136,1.1699999999999875
AP2-F0-1B3-1S,分拣,自动分拣N51,214.48479510227136,216.06479510227138,1.5800000000000125
AP2-F0-1B3-1S,自动打磨,自动打磨N51,216.06479510227138,217.87449176893804,1.8096966666666674
AP2-F0-1B3-1S,桁架码垛,自动分拣N51,217.87449176893804,219.04449176893803,1.1699999999999875
AP2-F3-1B3-1P,分拣,自动分拣N51,219.04449176893803,220.62449176893804,1.5800000000000125
AP2-F3-1B3-1P,自动打磨,自动打磨N51,220.62449176893804,221.72746073719202,1.1029689682539754
AP2-F3-1B3-1P,桁架码垛,自动分拣N51,221.72746073719202,222.897460737192,1.1699999999999875
AP2-F4-1B3-1S,分拣,自动分拣N51,222.897460737192,224.47746073719202,1.5800000000000125
AP2-F4-1B3-1S,自动打磨,自动打磨N51,224.47746073719202,226.4192946260809,1.9418338888888798
AP2-F4-1B3-1S,桁架码垛,自动分拣N51,226.4192946260809,227.58929462608089,1.1699999999999875
AP2-FA-1B4-1P,分拣,自动分拣N51,227.58929462608089,229.1692946260809,1.5800000000000125
AP2-FA-1B4-1P,自动打磨,自动打磨N51,229.1692946260809,232.35461200703327,3.1853173809523696
AP2-FA-1B4-1P,桁架码垛,自动分拣N51,232.35461200703327,233.52461200703326,1.1699999999999875
AP2-FA-1B4-1S,分拣,自动分拣N51,233.52461200703326,235.10461200703327,1.5800000000000125
AP2-FA-1B4-1S,自动打磨,自动打磨N51,235.10461200703327,238.19611732449357,3.091505317460303
AP2-FA-1B4-1S,桁架码垛,自动分拣N51,238.19611732449357,239.36611732449356,1.1699999999999875
A03S-1293切割后的大件,天车吊运（胎架到成品区）,天车,203.75213830617858,208.75213830617858,5.0
AP2-G2-1B2-1S,分拣,自动分拣N21,291.4777830277374,293.0577830277374,1.579999999999984
AP2-G2-1B2-1S,自动打磨,自动打磨N21,293.0577830277374,294.4317823928168,1.373999365079385
AP2-G2-1B2-1S,桁架码垛,自动分拣N21,294.4317823928168,295.6017823928168,1.170000000000016
AP2-G3-4B3-1S,分拣,自动分拣N21,295.6017823928168,297.1817823928168,1.579999999999984
AP2-G3-4B3-1S,自动打磨,自动打磨N21,297.1817823928168,300.3204778690073,3.1386954761904917
AP2-G3-4B3-1S,桁架码垛,自动分拣N21,300.3204778690073,301.4904778690073,1.170000000000016
AP2-G4-4B3-1P,分拣,自动分拣N21,301.4904778690073,303.0704778690073,1.579999999999984
AP2-G4-4B3-1P,自动打磨,自动打磨N21,303.0704778690073,306.0896695356739,3.019191666666643
AP2-G4-4B3-1P,桁架码垛,自动分拣N21,306.0896695356739,307.25966953567394,1.170000000000016
AP2-G4-4B3-1S,分拣,自动分拣N21,307.25966953567394,308.8396695356739,1.579999999999984
AP2-G4-4B3-1S,自动打磨,自动打磨N21,308.8396695356739,310.2136689007533,1.373999365079385
AP2-G4-4B3-1S,桁架码垛,自动分拣N21,310.2136689007533,311.3836689007533,1.170000000000016
AP2-G5-4B3-1P,分拣,自动分拣N21,311.3836689007533,312.9636689007533,1.579999999999984
AP2-G5-4B3-1P,自动打磨,自动打磨N21,312.9636689007533,316.0033042182136,3.039635317460295
AP2-G5-4B3-1P,桁架码垛,自动分拣N21,316.0033042182136,317.1733042182136,1.170000000000016
AP2-G5-4B3-1S,分拣,自动分拣N21,317.1733042182136,318.7533042182136,1.579999999999984
AP2-G5-4B3-1S,自动打磨,自动打磨N21,318.7533042182136,320.127303583293,1.373999365079385
AP2-G5-4B3-1S,桁架码垛,自动分拣N21,320.127303583293,321.297303583293,1.170000000000016
AP2-G2-1B1-1S,分拣,自动分拣N21,321.297303583293,322.877303583293,1.579999999999984
AP2-G2-1B1-1S,自动打磨,自动打磨N21,322.877303583293,324.25130294837237,1.373999365079385
AP2-G2-1B1-1S,桁架码垛,自动分拣N21,324.25130294837237,325.4213029483724,1.170000000000016
AP2-G3-4B4-1S,分拣,自动分拣N21,325.4213029483724,327.00130294837237,1.579999999999984
AP2-G3-4B4-1S,自动打磨,自动打磨N21,327.00130294837237,328.37530231345175,1.373999365079385
AP2-G3-4B4-1S,桁架码垛,自动分拣N21,328.37530231345175,329.54530231345177,1.170000000000016
AP2-G3-4B5-1S,分拣,自动分拣N21,329.54530231345177,331.12530231345175,1.579999999999984
AP2-G3-4B5-1S,自动打磨,自动打磨N21,331.12530231345175,334.13329771027713,3.007995396825379
AP2-G3-4B5-1S,桁架码垛,自动分拣N21,334.13329771027713,335.30329771027715,1.170000000000016
AP2-G4-4B1-1S,分拣,自动分拣N21,335.30329771027715,336.88329771027713,1.579999999999984
AP2-G4-4B1-1S,自动打磨,自动打磨N21,336.88329771027713,338.2572970753565,1.373999365079385
AP2-G4-4B1-1S,桁架码垛,自动分拣N21,338.2572970753565,339.42729707535653,1.170000000000016
AP2-G4-4B2-1P,分拣,自动分拣N21,339.42729707535653,341.0072970753565,1.579999999999984
AP2-G4-4B2-1P,自动打磨,自动打磨N21,341.0072970753565,344.01529255154696,3.0079954761904446
AP2-G4-4B2-1P,桁架码垛,自动分拣N21,344.01529255154696,345.185292551547,1.170000000000016
AP2-G4-4B2-1S,分拣,自动分拣N21,345.185292551547,346.76529255154696,1.579999999999984
AP2-G4-4B2-1S,自动打磨,自动打磨N21,346.76529255154696,348.13929191662635,1.373999365079385
AP2-G4-4B2-1S,桁架码垛,自动分拣N21,348.13929191662635,349.30929191662636,1.170000000000016
AP2-G5-4B1-1P,分拣,自动分拣N21,349.30929191662636,350.88929191662635,1.579999999999984
AP2-G5-4B1-1P,自动打磨,自动打磨N21,350.88929191662635,353.9084836626581,3.0191917460317654
AP2-G5-4B1-1P,桁架码垛,自动分拣N21,353.9084836626581,355.07848366265813,1.170000000000016
AP2-G5-4B1-1S,分拣,自动分拣N21,355.07848366265813,356.6584836626581,1.579999999999984
AP2-G5-4B1-1S,自动打磨,自动打磨N21,356.6584836626581,359.69811890075334,3.0396352380952294
AP2-G5-4B1-1S,桁架码垛,自动分拣N21,359.69811890075334,360.86811890075336,1.170000000000016
AP2-G5-4B2-1P,分拣,自动分拣N21,360.86811890075336,362.44811890075334,1.579999999999984
AP2-G5-4B2-1P,自动打磨,自动打磨N21,362.44811890075334,363.8221182658327,1.373999365079385
AP2-G5-4B2-1P,桁架码垛,自动分拣N21,363.8221182658327,364.99211826583274,1.170000000000016
AP2-G5-4B2-1S,分拣,自动分拣N21,364.99211826583274,366.5721182658327,1.579999999999984
AP2-G5-4B2-1S,自动打磨,自动打磨N21,366.5721182658327,367.9461176309121,1.373999365079385
AP2-G5-4B2-1S,桁架码垛,自动分拣N21,367.9461176309121,369.11611763091213,1.170000000000016
AP2-G2-4S-1S,分拣,自动分拣N21,369.11611763091213,370.6961176309121,1.579999999999984
AP2-G2-4S-1S,自动打磨,自动打磨N21,370.6961176309121,373.2914181864677,2.595300555555582
AP2-G2-4S-1S,桁架码垛,自动分拣N21,373.2914181864677,374.4614181864677,1.170000000000016
AP2-G2-4S-2S,分拣,自动分拣N21,374.4614181864677,376.0414181864677,1.579999999999984
AP2-G2-4S-2S,自动打磨,自动打磨N21,376.0414181864677,377.4154175515471,1.373999365079385
AP2-G2-4S-2S,桁架码垛,自动分拣N21,377.4154175515471,378.5854175515471,1.170000000000016
AP2-G2-4S-3S,自由边打磨,人工打磨N21,252.44155506842566,253.8234813248359,1.381926256410253
A03S-1295,天车空驶（胎架到原料区）,天车,171.05409595221775,179.05409595221775,8.0
A03S-1295,天车吊运（原料区到胎架）,天车,179.05409595221775,182.05409595221775,3.0
AP2-G2-1B2-1P,分拣,自动分拣N21,378.5854175515471,380.1654175515471,1.579999999999984
AP2-G2-1B2-1P,自动打磨,自动打磨N21,380.1654175515471,382.7607181864677,2.5953006349206476
AP2-G2-1B2-1P,桁架码垛,自动分拣N21,382.7607181864677,383.93071818646774,1.170000000000016
AP2-G3-4B3-1P,分拣,自动分拣N21,383.93071818646774,385.5107181864677,1.579999999999984
AP2-G3-4B3-1P,自动打磨,自动打磨N21,385.5107181864677,386.8847175515471,1.373999365079385
AP2-G3-4B3-1P,桁架码垛,自动分拣N21,386.8847175515471,388.0547175515471,1.170000000000016
A03S-1299切割后的大件,天车吊运（胎架到成品区）,天车,253.8234813248359,258.82348132483594,5.000000000000028
AP2-F2-2P-8BP,分拣,自动分拣N51,250.6103226866165,252.19032268661653,1.5800000000000125
AP2-F2-2P-8BP,自动打磨,自动打磨N51,252.19032268661653,253.39535879772762,1.2050361111110988
AP2-F2-2P-8BP,桁架码垛,自动分拣N51,253.39535879772762,254.5653587977276,1.1699999999999875
AP2-F2-3S-7BS,分拣,自动分拣N51,254.5653587977276,256.1453587977276,1.5800000000000125
AP2-F2-3S-7BS,自动打磨,自动打磨N51,256.1453587977276,258.15445125804507,2.009092460317447
AP2-F2-3S-7BS,桁架码垛,自动分拣N51,258.15445125804507,259.3244512580451,1.170000000000016
AP2-F2-3S-8BS,分拣,自动分拣N51,259.3244512580451,260.90445125804507,1.579999999999984
AP2-F2-3S-8BS,自动打磨,自动打磨N51,260.90445125804507,261.90445125804507,1.0
AP2-F2-3S-8BS,桁架码垛,自动分拣N51,261.90445125804507,263.0744512580451,1.170000000000016
AP2-F6-2P-1BP,分拣,自动分拣N51,263.0744512580451,264.65445125804507,1.579999999999984
AP2-F6-2P-1BP,自动打磨,自动打磨N51,264.65445125804507,265.85948736915617,1.2050361111110988
AP2-F6-2P-1BP,桁架码垛,自动分拣N51,265.85948736915617,267.0294873691562,1.170000000000016
AP2-F6-2P-1P,自由边打磨,人工打磨N51,250.6103226866165,251.27053145584728,0.6602087692307634
AP2-F6-3S-1S,自由边打磨,人工打磨N51,251.27053145584728,251.9230479686678,0.6525165128205117
AP2-F6-3S-6BS,分拣,自动分拣N51,267.0294873691562,268.60948736915617,1.579999999999984
AP2-F6-3S-6BS,自动打磨,自动打磨N51,268.60948736915617,269.81452348026727,1.2050361111110988
AP2-F6-3S-6BS,桁架码垛,自动分拣N51,269.81452348026727,270.9845234802673,1.170000000000016
AP2-F6-3S-7BS,分拣,自动分拣N51,270.9845234802673,272.56452348026727,1.579999999999984
AP2-F6-3S-7BS,自动打磨,自动打磨N51,272.56452348026727,274.99623244852125,2.431708968253986
AP2-F6-3S-7BS,桁架码垛,自动分拣N51,274.99623244852125,276.16623244852127,1.170000000000016
AP2-FB-2P-9BP,分拣,自动分拣N51,276.16623244852127,277.74623244852125,1.579999999999984
AP2-FB-2P-9BP,自动打磨,自动打磨N51,277.74623244852125,279.7538834802673,2.007651031746036
AP2-FB-2P-9BP,桁架码垛,自动分拣N51,279.7538834802673,280.9238834802673,1.170000000000016
AP2-FB-3S-14BS,分拣,自动分拣N51,280.9238834802673,282.5038834802673,1.579999999999984
AP2-FB-3S-14BS,自动打磨,自动打磨N51,282.5038834802673,284.34494713106096,1.8410636507936715
AP2-FB-3S-14BS,桁架码垛,自动分拣N51,284.34494713106096,285.514947131061,1.170000000000016
AP2-FB-3S-15BS,分拣,自动分拣N51,285.514947131061,287.09494713106096,1.579999999999984
AP2-FB-3S-15BS,自动打磨,自动打磨N51,287.09494713106096,289.52665609931495,2.431708968253986
AP2-FB-3S-15BS,桁架码垛,自动分拣N51,289.52665609931495,290.69665609931496,1.170000000000016
AP2-FB-3S-16BS,分拣,自动分拣N51,290.69665609931496,292.27665609931495,1.579999999999984
AP2-FB-3S-16BS,自动打磨,自动打磨N51,292.27665609931495,294.2972889564578,2.020632857142857
AP2-FB-3S-16BS,桁架码垛,自动分拣N51,294.2972889564578,295.4672889564578,1.170000000000016
AP2-F3-1B3-1S,分拣,自动分拣N51,295.4672889564578,297.0472889564578,1.579999999999984
AP2-F3-1B3-1S,自动打磨,自动打磨N51,297.0472889564578,299.05508752788637,2.007798571428566
AP2-F3-1B3-1S,桁架码垛,自动分拣N51,299.05508752788637,300.2250875278864,1.170000000000016
AP2-FC-1B3-1P,分拣,自动分拣N51,300.2250875278864,301.80508752788637,1.579999999999984
AP2-FC-1B3-1P,自动打磨,自动打磨N51,301.80508752788637,306.0735794326483,4.268491904761902
AP2-FC-1B3-1P,桁架码垛,自动分拣N51,306.0735794326483,307.2435794326483,1.170000000000016
AP2-FC-1B3-1S,分拣,自动分拣N51,307.2435794326483,308.8235794326483,1.579999999999984
AP2-FC-1B3-1S,自动打磨,自动打磨N51,308.8235794326483,310.51908030566415,1.6955008730158738
AP2-FC-1B3-1S,桁架码垛,自动分拣N51,310.51908030566415,311.68908030566416,1.170000000000016
AP2-G2-3B1-1S,分拣,自动分拣N51,311.68908030566416,313.26908030566415,1.579999999999984
AP2-G2-3B1-1S,自动打磨,自动打磨N51,313.26908030566415,315.2768327659816,2.0077524603174766
AP2-G2-3B1-1S,桁架码垛,自动分拣N51,315.2768327659816,316.44683276598164,1.170000000000016
A03S-1295切割后的大件,天车空驶（成品区到胎架）,天车,258.82348132483594,263.82348132483594,5.0
A03S-1295切割后的大件,天车吊运（胎架到成品区）,天车,263.82348132483594,268.82348132483594,5.0
A03S-1305,天车空驶（胎架到原料区）,天车,280.4777830277374,288.4777830277374,8.0
A03S-1305,天车吊运（原料区到胎架）,天车,288.4777830277374,291.4777830277374,3.0
AP2-F8-2-1S,分拣,自动分拣N21,388.0547175515471,389.6347175515471,1.579999999999984
AP2-F8-2-1S,自动打磨,自动打磨N21,389.6347175515471,392.5368527102773,2.902135158730175
AP2-F8-2-1S,桁架码垛,自动分拣N21,392.5368527102773,393.7068527102773,1.170000000000016
TA10-CG-1-1P,自由边打磨,人工打磨N21,329.7603261297961,331.4150391554371,1.6547130256410014
A03S-1286,天车空驶（胎架到原料区）,天车,233.36611732449356,236.36611732449356,3.0
A03S-1286,天车吊运（原料区到胎架）,天车,236.36611732449356,239.36611732449356,3.0
TA10-CG-1-1S,自由边打磨,人工打磨N21,331.4150391554371,332.6441111554371,1.2290719999999737
AP2-G2-1B1-1P,分拣,自动分拣N21,393.7068527102773,395.2868527102773,1.579999999999984
AP2-G2-1B1-1P,自动打磨,自动打磨N21,395.2868527102773,396.81016977376936,1.5233170634920725
AP2-G2-1B1-1P,桁架码垛,自动分拣N21,396.81016977376936,397.9801697737694,1.170000000000016
AP2-G3-4B4-1P,分拣,自动分拣N21,397.9801697737694,399.56016977376936,1.579999999999984
AP2-G3-4B4-1P,自动打磨,自动打磨N21,399.56016977376936,400.9982199324995,1.4380501587301637
AP2-G3-4B4-1P,桁架码垛,自动分拣N21,400.9982199324995,402.16821993249954,1.170000000000016
AP2-G3-4B5-1P,分拣,自动分拣N21,402.16821993249954,403.7482199324995,1.579999999999984
AP2-G3-4B5-1P,自动打磨,自动打磨N21,403.7482199324995,405.2715361229757,1.52331619047618
AP2-G3-4B5-1P,桁架码垛,自动分拣N21,405.2715361229757,406.4415361229757,1.170000000000016
AP2-G4-4B1-1P,分拣,自动分拣N21,406.4415361229757,408.0215361229757,1.579999999999984
AP2-G4-4B1-1P,自动打磨,自动打磨N21,408.0215361229757,409.45958628170587,1.4380501587301637
AP2-G4-4B1-1P,桁架码垛,自动分拣N21,409.45958628170587,410.6295862817059,1.170000000000016
AP2-AE-1B5-1P,分拣,自动分拣N21,410.6295862817059,412.20958628170587,1.579999999999984
AP2-AE-1B5-1P,自动打磨,自动打磨N21,412.20958628170587,415.1117215198011,2.9021352380952408
AP2-AE-1B5-1P,桁架码垛,自动分拣N21,415.1117215198011,416.2817215198011,1.170000000000016
AP2-AE-1B5-1S,分拣,自动分拣N21,416.2817215198011,417.8617215198011,1.579999999999984
AP2-AE-1B5-1S,自动打磨,自动打磨N21,417.8617215198011,420.7638566785313,2.902135158730175
AP2-AE-1B5-1S,桁架码垛,自动分拣N21,420.7638566785313,421.9338566785313,1.170000000000016
TA10-F6-1SP-5SP,分拣,自动分拣N21,421.9338566785313,423.5138566785313,1.579999999999984
TA10-F6-1SP-5SP,自动打磨,自动打磨N21,423.5138566785313,425.05108501186464,1.5372283333333598
TA10-F6-1SP-5SP,桁架码垛,自动分拣N21,425.05108501186464,426.22108501186466,1.170000000000016
A03S-1305切割后的大件,天车吊运（胎架到成品区）,天车,332.6441111554371,337.6441111554371,5.0
AP2-FA-2SP-1SP,自由边打磨,人工打磨N51,306.3494138016435,306.8277219042076,0.4783081025640854
AP2-MG-2SP-1SP,分拣,自动分拣N51,316.44683276598164,318.0268327659816,1.579999999999984
AP2-MG-2SP-1SP,自动打磨,自动打磨N51,318.0268327659816,320.100210146934,2.0733773809523655
AP2-MG-2SP-1SP,桁架码垛,自动分拣N51,320.100210146934,321.270210146934,1.170000000000016
AP2-MG-4SP-1SP,分拣,自动分拣N51,321.270210146934,322.850210146934,1.579999999999984
AP2-MG-4SP-1SP,自动打磨,自动打磨N51,322.850210146934,324.95363879772765,2.10342865079366
AP2-MG-4SP-1SP,桁架码垛,自动分拣N51,324.95363879772765,326.12363879772766,1.170000000000016
AP2-MG-5SP-1SP,分拣,自动分拣N51,326.12363879772766,327.70363879772765,1.579999999999984
AP2-MG-5SP-1SP,自动打磨,自动打磨N51,327.70363879772765,329.8071080834419,2.1034692857142545
AP2-MG-5SP-1SP,桁架码垛,自动分拣N51,329.8071080834419,330.9771080834419,1.170000000000016
AP2-MG-8SP-1SP,分拣,自动分拣N51,330.9771080834419,332.5571080834419,1.579999999999984
AP2-MG-8SP-1SP,自动打磨,自动打磨N51,332.5571080834419,333.98518522629905,1.4280771428571484
AP2-MG-8SP-1SP,桁架码垛,自动分拣N51,333.98518522629905,335.15518522629907,1.170000000000016
AP2-SGF-1SP-28BSP,分拣,自动分拣N51,335.15518522629907,336.73518522629905,1.579999999999984
AP2-SGF-1SP-28BSP,自动打磨,自动打磨N51,336.73518522629905,338.3103969723308,1.575211746031755
AP2-SGF-1SP-28BSP,桁架码垛,自动分拣N51,338.3103969723308,339.4803969723308,1.170000000000016
AP2-SGF-1SP-29BSP,分拣,自动分拣N51,339.4803969723308,341.0603969723308,1.579999999999984
AP2-SGF-1SP-29BSP,自动打磨,自动打磨N51,341.0603969723308,342.7034978453467,1.6431008730158965
AP2-SGF-1SP-29BSP,桁架码垛,自动分拣N51,342.7034978453467,343.8734978453467,1.170000000000016
AP2-F0-2-1P,分拣,自动分拣N51,343.8734978453467,345.4534978453467,1.579999999999984
AP2-F0-2-1P,自动打磨,自动打磨N51,345.4534978453467,347.0831268136007,1.6296289682539964
AP2-F0-2-1P,桁架码垛,自动分拣N51,347.0831268136007,348.2531268136007,1.170000000000016
AP2-F0-2-1S,分拣,自动分拣N51,348.2531268136007,349.8331268136007,1.579999999999984
AP2-F0-2-1S,自动打磨,自动打磨N51,349.8331268136007,351.94180117868007,2.1086743650793665
AP2-F0-2-1S,桁架码垛,自动分拣N51,351.94180117868007,353.1118011786801,1.170000000000016
AP2-F0-3-1P,分拣,自动分拣N51,353.1118011786801,354.69180117868007,1.579999999999984
AP2-F0-3-1P,自动打磨,自动打磨N51,354.69180117868007,356.30476776598164,1.612966587301571
AP2-F0-3-1P,桁架码垛,自动分拣N51,356.30476776598164,357.47476776598165,1.170000000000016
AP2-F0-3-1S,分拣,自动分拣N51,357.47476776598165,359.05476776598164,1.579999999999984
AP2-F0-3-1S,自动打磨,自动打磨N51,359.05476776598164,360.66771157550545,1.6129438095238129
AP2-F0-3-1S,桁架码垛,自动分拣N51,360.66771157550545,361.83771157550547,1.170000000000016
AP2-FA-1B3W-1P,分拣,自动分拣N51,361.83771157550547,363.41771157550545,1.579999999999984
AP2-FA-1B3W-1P,自动打磨,自动打磨N51,363.41771157550545,365.09751530566416,1.67980373015871
AP2-FA-1B3W-1P,桁架码垛,自动分拣N51,365.09751530566416,366.2675153056642,1.170000000000016
AP2-FA-1B3W-1S,分拣,自动分拣N51,366.2675153056642,367.84751530566416,1.579999999999984
AP2-FA-1B3W-1S,自动打磨,自动打磨N51,367.84751530566416,369.58523490883874,1.7377196031745825
AP2-FA-1B3W-1S,桁架码垛,自动分拣N51,369.58523490883874,370.75523490883876,1.170000000000016
AP2-FA-3K-1P,分拣,自动分拣N51,370.75523490883876,372.33523490883874,1.579999999999984
AP2-FA-3K-1P,自动打磨,自动打磨N51,372.33523490883874,374.0998334802673,1.7645985714285644
AP2-FA-3K-1P,桁架码垛,自动分拣N51,374.0998334802673,375.2698334802673,1.170000000000016
AP2-FA-3K-1S,分拣,自动分拣N51,375.2698334802673,376.8498334802673,1.579999999999984
AP2-FA-3K-1S,自动打磨,自动打磨N51,376.8498334802673,378.6144286389975,1.7645951587301738
AP2-FA-3K-1S,桁架码垛,自动分拣N51,378.6144286389975,379.7844286389975,1.170000000000016
AP2-SGF-1SP-5BSP,分拣,自动分拣N51,379.7844286389975,381.3644286389975,1.579999999999984
AP2-SGF-1SP-5BSP,自动打磨,自动打磨N51,381.3644286389975,382.82223189296576,1.4578032539682795
AP2-SGF-1SP-5BSP,桁架码垛,自动分拣N51,382.82223189296576,383.9922318929658,1.170000000000016
AP2-SGF-1SP-6BSP,分拣,自动分拣N51,383.9922318929658,385.57223189296576,1.579999999999984
AP2-SGF-1SP-6BSP,自动打磨,自动打磨N51,385.57223189296576,387.3150394326483,1.7428075396825307
AP2-SGF-1SP-6BSP,桁架码垛,自动分拣N51,387.3150394326483,388.4850394326483,1.170000000000016
AP2-SGF-1SP-7BSP,分拣,自动分拣N51,388.4850394326483,390.0650394326483,1.579999999999984
AP2-SGF-1SP-7BSP,自动打磨,自动打磨N51,390.0650394326483,392.1748793532832,2.1098399206348972
AP2-SGF-1SP-7BSP,桁架码垛,自动分拣N51,392.1748793532832,393.3448793532832,1.170000000000016
AP2-SGF-1SP-8BSP,分拣,自动分拣N51,393.3448793532832,394.9248793532832,1.579999999999984
AP2-SGF-1SP-8BSP,自动打磨,自动打磨N51,394.9248793532832,396.6676582421721,1.7427788888888927
AP2-SGF-1SP-8BSP,桁架码垛,自动分拣N51,396.6676582421721,397.8376582421721,1.170000000000016
A03S-1286切割后的大件,天车空驶（成品区到胎架）,天车,301.8277219042076,306.8277219042076,5.0
A03S-1286切割后的大件,天车吊运（胎架到坡口区）,天车,306.8277219042076,309.8277219042076,3.0
AP2-FA-2SP-1SP,人工坡口,人工坡口1,309.8277219042076,331.1117179042076,21.283996000000002
A03S-1286切割后的大件,天车吊运（坡口区到成品区）,天车,337.6441111554371,342.6441111554371,5.0
A03S-1290,天车空驶（胎架到原料区）,天车,377.0547175515471,385.0547175515471,8.0
A03S-1290,天车吊运（原料区到胎架）,天车,385.0547175515471,388.0547175515471,3.0
AP2-F3-1-1P,自由边打磨,人工打磨N21,488.9631214206118,489.2600654718938,0.2969440512820256
A03S-1300,天车空驶（胎架到原料区）,天车,310.44683276598164,313.44683276598164,3.0
A03S-1300,天车吊运（原料区到胎架）,天车,313.44683276598164,316.44683276598164,3.0
AP2-F3-1-1S,自由边打磨,人工打磨N21,489.2600654718938,489.55911162574,0.2990461538461773
AP2-F4-1-1P,自由边打磨,人工打磨N21,489.55911162574,490.1025680359964,0.5434564102563968
AP2-F4-1-1S,自由边打磨,人工打磨N21,490.1025680359964,490.7800647539451,0.6774967179487135
A03S-1290切割后的大件,天车吊运（胎架到成品区）,天车,490.7800647539451,495.7800647539451,5.0
AP2-AG-1-2P,自由边打磨,人工打磨N51,378.24696776511945,379.2777738164015,1.0308060512820703
AP2-AG-1-2S,自由边打磨,人工打磨N51,379.2777738164015,380.3085798676836,1.0308060512820703
A03S-1300切割后的大件,天车空驶（成品区到胎架）,天车,388.0547175515471,393.0547175515471,5.0
A03S-1300切割后的大件,天车吊运（胎架到成品区）,天车,393.0547175515471,398.0547175515471,5.0
A03S-1277,天车空驶（胎架到原料区）,天车,415.22108501186466,423.22108501186466,8.0
A03S-1277,天车吊运（原料区到胎架）,天车,423.22108501186466,426.22108501186466,3.0
AP2-G2-4B1S-1S,分拣,自动分拣N21,560.7594375257539,562.339437525754,1.580000000000041
AP2-G2-4B1S-1S,自动打磨,自动打磨N21,562.339437525754,564.8812185575,2.5417810317460408
AP2-G2-4B1S-1S,桁架码垛,自动分拣N21,564.8812185575,566.0512185575,1.169999999999959
AP2-G4-4B4-1P,分拣,自动分拣N21,566.0512185575,567.6312185575,1.580000000000041
AP2-G4-4B4-1P,自动打磨,自动打磨N21,567.6312185575,570.5117748273412,2.880556269841236
AP2-G4-4B4-1P,桁架码垛,自动分拣N21,570.5117748273412,571.6817748273412,1.169999999999959
AP2-G4-4B4-1S,分拣,自动分拣N21,571.6817748273412,573.2617748273412,1.580000000000041
AP2-G4-4B4-1S,自动打磨,自动打磨N21,573.2617748273412,576.1423311765476,2.8805563492063584
AP2-G4-4B4-1S,桁架码垛,自动分拣N21,576.1423311765476,577.3123311765476,1.169999999999959
AP2-G5-4B4-1P,分拣,自动分拣N21,577.3123311765476,578.8923311765476,1.580000000000041
AP2-G5-4B4-1P,自动打磨,自动打磨N21,578.8923311765476,580.2822030019445,1.389871825396881
AP2-G5-4B4-1P,桁架码垛,自动分拣N21,580.2822030019445,581.4522030019444,1.169999999999959
AP2-G5-4B4-1S,分拣,自动分拣N21,581.4522030019444,583.0322030019445,1.580000000000041
AP2-G5-4B4-1S,自动打磨,自动打磨N21,583.0322030019445,584.5508537955952,1.5186507936507496
AP2-G5-4B4-1S,桁架码垛,自动分拣N21,584.5508537955952,585.7208537955952,1.169999999999959
AP2-SGF-1SP-10SP,自由边打磨,人工打磨N21,560.7594375257539,561.011354705241,0.25191717948712267
A03S-1285,天车空驶（胎架到原料区）,天车,398.0547175515471,401.0547175515471,3.0
A03S-1285,天车吊运（原料区到胎架）,天车,401.0547175515471,404.0547175515471,3.0
AP2-SGF-1SP-1SP,自由边打磨,人工打磨N21,561.011354705241,561.3464829103692,0.33512820512817143
A03S-1277切割后的大件,天车吊运（胎架到成品区）,天车,561.3464829103692,566.3464829103692,5.0
AP2-F2-2P-6BP,分拣,自动分拣N51,484.90354265504095,486.48354265504094,1.579999999999984
AP2-F2-2P-6BP,自动打磨,自动打磨N51,486.48354265504094,488.22888686139015,1.7453442063492162
AP2-F2-2P-6BP,桁架码垛,自动分拣N51,488.22888686139015,489.39888686139017,1.170000000000016
AP2-F6-2P-8BP,分拣,自动分拣N51,489.39888686139017,490.97888686139015,1.579999999999984
AP2-F6-2P-8BP,自动打磨,自动打磨N51,490.97888686139015,492.7242309090092,1.745344047619028
AP2-F6-2P-8BP,桁架码垛,自动分拣N51,492.7242309090092,493.8942309090092,1.170000000000016
AP2-F6-3S-8BS,分拣,自动分拣N51,493.8942309090092,495.4742309090092,1.579999999999984
AP2-F6-3S-8BS,自动打磨,自动打磨N51,495.4742309090092,496.56037360742187,1.0861426984126865
AP2-F6-3S-8BS,桁架码垛,自动分拣N51,496.56037360742187,497.7303736074219,1.170000000000016
TA10-G13-1B1-1P,分拣,自动分拣N51,497.7303736074219,499.31037360742187,1.579999999999984
TA10-G13-1B1-1P,自动打磨,自动打磨N51,499.31037360742187,500.6433101947234,1.3329365873015604
TA10-G13-1B1-1P,桁架码垛,自动分拣N51,500.6433101947234,501.81331019472344,1.170000000000016
TA10-G13-1B1-1S,分拣,自动分拣N51,501.81331019472344,503.3933101947234,1.579999999999984
TA10-G13-1B1-1S,自动打磨,自动打磨N51,503.3933101947234,505.005376782025,1.6120665873015696
TA10-G13-1B1-1S,桁架码垛,自动分拣N51,505.005376782025,506.175376782025,1.170000000000016
AP2-AE-1SP-1SP,自由边打磨,人工打磨N51,484.90354265504095,485.38836332170763,0.48482066666667833
AP2-F2-3S-6BS,分拣,自动分拣N51,506.175376782025,507.755376782025,1.579999999999984
AP2-F2-3S-6BS,自动打磨,自动打磨N51,507.755376782025,509.5056944804377,1.7503176984126867
AP2-F2-3S-6BS,桁架码垛,自动分拣N51,509.5056944804377,510.6756944804377,1.170000000000016
AP2-F6-2P-9BP,分拣,自动分拣N51,510.6756944804377,512.2556944804377,1.579999999999984
AP2-F6-2P-9BP,自动打磨,自动打磨N51,512.2556944804377,513.8155520994853,1.5598576190476479
AP2-F6-2P-9BP,桁架码垛,自动分拣N51,513.8155520994853,514.9855520994853,1.169999999999959
A03S-1285切割后的大件,天车空驶（成品区到胎架）,天车,480.38836332170763,485.38836332170763,5.0
A03S-1285切割后的大件,天车吊运（胎架到成品区）,天车,485.38836332170763,490.38836332170763,5.0
A03S-1283,天车空驶（胎架到原料区）,天车,495.7800647539451,503.7800647539451,8.0
A03S-1283,天车吊运（原料区到胎架）,天车,503.7800647539451,506.7800647539451,3.0
AP2-F1-1SP-1SP,自由边打磨,人工打磨N21,644.7764500251276,645.7726778199993,0.9962277948717428
A03S-1276,天车空驶（胎架到原料区）,天车,404.0547175515471,407.0547175515471,3.0
A03S-1276,天车吊运（原料区到胎架）,天车,407.0547175515471,410.0547175515471,3.0
AP2-F2-4SP-1SP,分拣,自动分拣N21,644.7764500251276,646.3564500251276,1.580000000000041
AP2-F2-4SP-1SP,自动打磨,自动打磨N21,646.3564500251276,647.6438869298895,1.2874369047618757
AP2-F2-4SP-1SP,桁架码垛,自动分拣N21,647.6438869298895,648.8138869298895,1.169999999999959
AP2-F3-2SP-1SP,分拣,自动分拣N21,648.8138869298895,649.8138869298895,1.0
AP2-F2-1-2P,自由边打磨,人工打磨N21,645.7726778199993,646.441625512307,0.6689476923077109
AP2-F2-1-2S,自由边打磨,人工打磨N21,646.441625512307,647.1105732046148,0.6689476923077109
A03S-1283切割后的大件,天车吊运（胎架到坡口区）,天车,647.1105732046148,650.1105732046148,3.0
AP2-F1-1SP-1SP,人工坡口,人工坡口1,650.1105732046148,712.9053612046148,62.79478800000004
AP2-F2-1-2P,人工坡口,人工坡口1,712.9053612046148,719.7088892046148,6.803528000000028
AP2-F2-1-2S,人工坡口,人工坡口1,719.7088892046148,726.5324172046148,6.82352800000001
A03S-1283切割后的大件,天车吊运（坡口区到成品区）,天车,726.5324172046148,731.5324172046148,5.0
AP2-818-1P,分拣,自动分拣N51,572.2738083281113,573.8538083281113,1.580000000000041
AP2-818-1P,自动打磨,自动打磨N51,573.8538083281113,575.3724591217621,1.5186507936507496
AP2-818-1P,桁架码垛,自动分拣N51,575.3724591217621,576.542459121762,1.169999999999959
AP2-AG-1-3BP,分拣,自动分拣N51,576.542459121762,578.1224591217621,1.580000000000041
AP2-AG-1-3BP,自动打磨,自动打磨N51,578.1224591217621,580.0178552328732,1.895396111111154
AP2-AG-1-3BP,桁架码垛,自动分拣N51,580.0178552328732,581.1878552328732,1.169999999999959
AP2-CG-1B1-1P,分拣,自动分拣N51,581.1878552328732,582.7678552328732,1.580000000000041
AP2-CG-1B1-1P,自动打磨,自动打磨N51,582.7678552328732,584.2258286455716,1.4579734126983794
AP2-CG-1B1-1P,桁架码垛,自动分拣N51,584.2258286455716,585.3958286455716,1.169999999999959
AP2-CG-1B1-1S,分拣,自动分拣N51,585.3958286455716,586.9758286455716,1.580000000000041
AP2-CG-1B1-1S,自动打磨,自动打磨N51,586.9758286455716,589.0820553916034,2.10622674603178
AP2-CG-1B1-1S,桁架码垛,自动分拣N51,589.0820553916034,590.2520553916033,1.169999999999959
AP2-F6-2P-2BP,分拣,自动分拣N51,590.2520553916033,591.8320553916034,1.580000000000041
AP2-F6-2P-2BP,自动打磨,自动打磨N51,591.8320553916034,593.2966176138256,1.4645622222221846
AP2-F6-2P-2BP,桁架码垛,自动分拣N51,593.2966176138256,594.4666176138255,1.169999999999959
AP2-F7-1B1-1P,分拣,自动分拣N51,594.4666176138255,596.0466176138256,1.580000000000041
AP2-F7-1B1-1P,自动打磨,自动打磨N51,596.0466176138256,598.0880838043017,2.0414661904761715
AP2-F7-1B1-1P,桁架码垛,自动分拣N51,598.0880838043017,599.2580838043017,1.169999999999959
AP2-F7-1B1-1S,分拣,自动分拣N51,599.2580838043017,600.8380838043017,1.580000000000041
AP2-F7-1B1-1S,自动打磨,自动打磨N51,600.8380838043017,602.7479798360478,1.9098960317460296
AP2-F7-1B1-1S,桁架码垛,自动分拣N51,602.7479798360478,603.9179798360477,1.169999999999959
AP2-F8-1B1-1P,分拣,自动分拣N51,603.9179798360477,605.4979798360478,1.580000000000041
AP2-F8-1B1-1P,自动打磨,自动打磨N51,605.4979798360478,607.3377499947779,1.8397701587301754
AP2-F8-1B1-1P,桁架码垛,自动分拣N51,607.3377499947779,608.5077499947779,1.169999999999959
AP2-FB-3S-2BS,分拣,自动分拣N51,608.5077499947779,610.0877499947779,1.580000000000041
AP2-FB-3S-2BS,自动打磨,自动打磨N51,610.0877499947779,611.8152537646192,1.7275037698412916
AP2-FB-3S-2BS,桁架码垛,自动分拣N51,611.8152537646192,612.9852537646192,1.169999999999959
AP2-MG-1SP-1BP,分拣,自动分拣N51,612.9852537646192,614.5652537646192,1.580000000000041
AP2-MG-1SP-1BP,自动打磨,自动打磨N51,614.5652537646192,616.4697790027145,1.9045252380952888
AP2-MG-1SP-1BP,桁架码垛,自动分拣N51,616.4697790027145,617.6397790027145,1.169999999999959
AP2-MG-1SP-2BP,分拣,自动分拣N51,617.6397790027145,619.2197790027145,1.580000000000041
AP2-MG-1SP-2BP,自动打磨,自动打磨N51,619.2197790027145,621.0207659074764,1.800986904761885
AP2-MG-1SP-2BP,桁架码垛,自动分拣N51,621.0207659074764,622.1907659074764,1.169999999999959
AP2-F0-1B1P-1P,分拣,自动分拣N51,622.1907659074764,623.7707659074764,1.580000000000041
AP2-F0-1B1P-1P,自动打磨,自动打磨N51,623.7707659074764,626.4293030503336,2.658537142857199
AP2-F0-1B1P-1P,桁架码垛,自动分拣N51,626.4293030503336,627.5993030503336,1.169999999999959
AP2-F0-1B2S-1S,分拣,自动分拣N51,627.5993030503336,629.1793030503336,1.580000000000041
AP2-F0-1B2S-1S,自动打磨,自动打磨N51,629.1793030503336,631.2758227328733,2.096519682539679
AP2-F0-1B2S-1S,桁架码垛,自动分拣N51,631.2758227328733,632.4458227328732,1.169999999999959
AP2-F1-1B1P-1P,分拣,自动分拣N51,632.4458227328732,634.0258227328733,1.580000000000041
AP2-F1-1B1P-1P,自动打磨,自动打磨N51,634.0258227328733,635.5904090820796,1.5645863492063654
AP2-F1-1B1P-1P,桁架码垛,自动分拣N51,635.5904090820796,636.7604090820796,1.169999999999959
AP2-F1-1B2S-1S,分拣,自动分拣N51,636.7604090820796,638.3404090820796,1.580000000000041
AP2-F1-1B2S-1S,自动打磨,自动打磨N51,638.3404090820796,639.9049953519209,1.564586269841243
AP2-F1-1B2S-1S,桁架码垛,自动分拣N51,639.9049953519209,641.0749953519208,1.169999999999959
AP2-F1-1B3-1P,分拣,自动分拣N51,641.0749953519208,642.6549953519209,1.580000000000041
AP2-F1-1B3-1P,自动打磨,自动打磨N51,642.6549953519209,645.4005013043019,2.745505952380995
AP2-F1-1B3-1P,桁架码垛,自动分拣N51,645.4005013043019,646.5705013043018,1.169999999999959
AP2-F1-1B3-1S,分拣,自动分拣N51,646.5705013043018,648.1505013043019,1.580000000000041
AP2-F1-1B3-1S,自动打磨,自动打磨N51,648.1505013043019,650.9305734471591,2.7800721428571933
AP2-F1-1B3-1S,桁架码垛,自动分拣N51,650.9305734471591,652.100573447159,1.169999999999959
AP2-F3-1B1P-1P,分拣,自动分拣N51,652.100573447159,653.6805734471591,1.580000000000041
AP2-F3-1B1P-1P,自动打磨,自动打磨N51,653.6805734471591,656.490965351921,2.8103919047619
AP2-F3-1B1P-1P,桁架码垛,自动分拣N51,656.490965351921,657.6609653519209,1.169999999999959
AP2-F4-1B1P-1P,分拣,自动分拣N51,657.6609653519209,659.240965351921,1.580000000000041
AP2-F4-1B1P-1P,自动打磨,自动打磨N51,659.240965351921,660.9993281296987,1.7583627777777338
AP2-F4-1B1P-1P,桁架码垛,自动分拣N51,660.9993281296987,662.1693281296987,1.169999999999959
AP2-F5-1B1P-1P,分拣,自动分拣N51,662.1693281296987,663.7493281296987,1.580000000000041
AP2-F5-1B1P-1P,自动打磨,自动打磨N51,663.7493281296987,665.5960974154129,1.846769285714231
AP2-F5-1B1P-1P,桁架码垛,自动分拣N51,665.5960974154129,666.7660974154129,1.169999999999959
AP2-F5-1B3-1P,分拣,自动分拣N51,666.7660974154129,668.3460974154129,1.580000000000041
AP2-F5-1B3-1P,自动打磨,自动打磨N51,668.3460974154129,671.1900191614446,2.843921746031697
AP2-F5-1B3-1P,桁架码垛,自动分拣N51,671.1900191614446,672.3600191614446,1.169999999999959
AP2-F5-1B3-1S,分拣,自动分拣N51,672.3600191614446,673.9400191614446,1.580000000000041
AP2-F5-1B3-1S,自动打磨,自动打磨N51,673.9400191614446,675.7474407487463,1.8074215873016328
AP2-F5-1B3-1S,桁架码垛,自动分拣N51,675.7474407487463,676.9174407487462,1.169999999999959
AP2-F7-1B1P-1P,分拣,自动分拣N51,676.9174407487462,678.4974407487463,1.580000000000041
AP2-F7-1B1P-1P,自动打磨,自动打磨N51,678.4974407487463,680.31235955827,1.8149188095237605
AP2-F7-1B1P-1P,桁架码垛,自动分拣N51,680.31235955827,681.48235955827,1.169999999999959
AP2-F7-1B2S-1S,分拣,自动分拣N51,681.48235955827,683.06235955827,1.580000000000041
AP2-F7-1B2S-1S,自动打磨,自动打磨N51,683.06235955827,684.9722555900161,1.9098960317460296
AP2-F7-1B2S-1S,桁架码垛,自动分拣N51,684.9722555900161,686.142255590016,1.169999999999959
AP2-F8-1B1P-1P,分拣,自动分拣N51,686.142255590016,687.7222555900161,1.580000000000041
AP2-F8-1B1P-1P,自动打磨,自动打磨N51,687.7222555900161,690.2666777328732,2.5444221428571154
AP2-F8-1B1P-1P,桁架码垛,自动分拣N51,690.2666777328732,691.4366777328731,1.169999999999959
AP2-F8-1B2S-1S,分拣,自动分拣N51,691.4366777328731,693.0166777328732,1.580000000000041
AP2-F8-1B2S-1S,自动打磨,自动打磨N51,693.0166777328732,694.7441813043017,1.7275035714285423
AP2-F8-1B2S-1S,桁架码垛,自动分拣N51,694.7441813043017,695.9141813043017,1.169999999999959
AP2-F9-1B1P-1P,分拣,自动分拣N51,695.9141813043017,697.4941813043017,1.580000000000041
AP2-F9-1B1P-1P,自动打磨,自动打磨N51,697.4941813043017,699.3466006693811,1.8524193650794132
AP2-F9-1B1P-1P,桁架码垛,自动分拣N51,699.3466006693811,700.5166006693811,1.169999999999959
AP2-FA-1B1P-1P,分拣,自动分拣N51,700.5166006693811,702.0966006693811,1.580000000000041
AP2-FA-1B1P-1P,自动打磨,自动打磨N51,702.0966006693811,703.8799843201748,1.7833836507936667
AP2-FA-1B1P-1P,桁架码垛,自动分拣N51,703.8799843201748,705.0499843201748,1.169999999999959
AP2-FA-1B2S-1S,分拣,自动分拣N51,705.0499843201748,706.6299843201748,1.580000000000041
AP2-FA-1B2S-1S,自动打磨,自动打磨N51,706.6299843201748,708.4133679709685,1.7833836507936667
AP2-FA-1B2S-1S,桁架码垛,自动分拣N51,708.4133679709685,709.5833679709684,1.169999999999959
AP2-SGF-1SP-1BSP,分拣,自动分拣N51,709.5833679709684,711.1633679709685,1.580000000000041
AP2-SGF-1SP-1BSP,自动打磨,自动打磨N51,711.1633679709685,712.6229240820795,1.4595561111110555
AP2-SGF-1SP-1BSP,桁架码垛,自动分拣N51,712.6229240820795,713.7929240820795,1.169999999999959
AP2-SGF-1SP-2BSP,分拣,自动分拣N51,713.7929240820795,715.3729240820795,1.580000000000041
AP2-SGF-1SP-2BSP,自动打磨,自动打磨N51,715.3729240820795,717.2683201931907,1.895396111111154
AP2-SGF-1SP-2BSP,桁架码垛,自动分拣N51,717.2683201931907,718.4383201931906,1.169999999999959
A03S-1292,天车空驶（胎架到原料区）,天车,574.7208537955952,582.7208537955952,8.0
A03S-1292,天车吊运（原料区到胎架）,天车,582.7208537955952,585.7208537955952,3.0
AP2-F2-2P-2BP,分拣,自动分拣N21,770.7297790575966,772.3097790575966,1.580000000000041
AP2-F2-2P-2BP,自动打磨,自动打磨N21,772.3097790575966,774.4143742163268,2.104595158730149
AP2-F2-2P-2BP,桁架码垛,自动分拣N21,774.4143742163268,775.5843742163268,1.169999999999959
AP2-F2-2P-2P,自由边打磨,人工打磨N21,770.7297790575966,771.2003948524684,0.4706157948718328
A03S-1294,天车空驶（胎架到原料区）,天车,508.9855520994853,511.9855520994853,3.0
A03S-1294,天车吊运（原料区到胎架）,天车,511.9855520994853,514.9855520994853,3.0
AP2-F2-3S-2BS,分拣,自动分拣N21,775.5843742163268,777.1643742163268,1.580000000000041
AP2-F2-3S-2BS,自动打磨,自动打磨N21,777.1643742163268,778.9049416766443,1.740567460317493
AP2-F2-3S-2BS,桁架码垛,自动分拣N21,778.9049416766443,780.0749416766442,1.169999999999959
AP2-F2-3S-2S,自由边打磨,人工打磨N21,771.2003948524684,771.6847676216992,0.48437276923073114
AP2-F2-3S-3BS,分拣,自动分拣N21,780.0749416766442,781.6549416766443,1.580000000000041
AP2-F2-3S-3BS,自动打磨,自动打磨N21,781.6549416766443,783.3317375496601,1.6767958730158625
AP2-F2-3S-3BS,桁架码垛,自动分拣N21,783.3317375496601,784.5017375496601,1.169999999999959
AP2-F6-2P-3BP,分拣,自动分拣N21,784.5017375496601,786.0817375496601,1.580000000000041
AP2-F6-2P-3BP,自动打磨,自动打磨N21,786.0817375496601,787.7294361210887,1.6476985714285775
AP2-F6-2P-3BP,桁架码垛,自动分拣N21,787.7294361210887,788.8994361210887,1.169999999999959
AP2-F6-2P-5BP,分拣,自动分拣N21,788.8994361210887,790.4794361210887,1.580000000000041
AP2-F6-2P-5BP,自动打磨,自动打磨N21,790.4794361210887,791.9876510417237,1.5082149206349413
AP2-F6-2P-5BP,桁架码垛,自动分拣N21,791.9876510417237,793.1576510417236,1.169999999999959
AP2-F6-3S-1BS,分拣,自动分拣N21,793.1576510417236,794.7376510417237,1.580000000000041
AP2-F6-3S-1BS,自动打磨,自动打磨N21,794.7376510417237,796.7605615972792,2.0229105555555407
AP2-F6-3S-1BS,桁架码垛,自动分拣N21,796.7605615972792,797.9305615972792,1.169999999999959
AP2-F6-3S-2BS,分拣,自动分拣N21,797.9305615972792,798.9305615972792,1.0
AP2-F6-3S-3BS,分拣,自动分拣N21,798.9305615972792,800.5105615972792,1.580000000000041
AP2-F6-3S-3BS,自动打磨,自动打磨N21,800.5105615972792,801.5967042956919,1.0861426984126865
AP2-F6-3S-3BS,桁架码垛,自动分拣N21,801.5967042956919,802.7667042956919,1.169999999999959
AP2-F6-3S-5BS,分拣,自动分拣N21,802.7667042956919,804.3467042956919,1.580000000000041
AP2-F6-3S-5BS,自动打磨,自动打磨N21,804.3467042956919,806.3696149306126,2.022910634920663
AP2-F6-3S-5BS,桁架码垛,自动分拣N21,806.3696149306126,807.5396149306125,1.169999999999959
AP2-FB-2P-1P,自由边打磨,人工打磨N21,771.6847676216992,772.450035467853,0.7652678461538471
AP2-FB-2P-3BP,分拣,自动分拣N21,807.5396149306125,809.1196149306126,1.580000000000041
AP2-FB-2P-3BP,自动打磨,自动打磨N21,809.1196149306126,810.8601824702951,1.7405675396825018
AP2-FB-2P-3BP,桁架码垛,自动分拣N21,810.8601824702951,812.030182470295,1.169999999999959
AP2-FB-2P-4BP,分拣,自动分拣N21,812.030182470295,813.6101824702951,1.580000000000041
AP2-FB-2P-4BP,自动打磨,自动打磨N21,813.6101824702951,815.3435721528348,1.7333896825397233
AP2-FB-2P-4BP,桁架码垛,自动分拣N21,815.3435721528348,816.5135721528347,1.169999999999959
AP2-FB-3S-1S,自由边打磨,人工打磨N21,772.450035467853,772.8809571088786,0.430921641025634
AP2-FB-3S-5BS,分拣,自动分拣N21,816.5135721528347,818.0935721528348,1.580000000000041
AP2-FB-3S-5BS,自动打磨,自动打磨N21,818.0935721528348,820.0460339782317,1.952461825396881
AP2-FB-3S-5BS,桁架码垛,自动分拣N21,820.0460339782317,821.2160339782316,1.169999999999959
AP2-MG-6SP-1SP,分拣,自动分拣N21,821.2160339782316,822.7960339782317,1.580000000000041
AP2-MG-6SP-1SP,自动打磨,自动打磨N21,822.7960339782317,824.1557058036285,1.3596718253968447
AP2-MG-6SP-1SP,桁架至坡口工作站,自动分拣N21,824.1557058036285,825.3224058036285,1.1666999999999916
AP2-MG-7SP-1SP,分拣,自动分拣N21,825.3224058036285,826.9024058036285,1.580000000000041
AP2-MG-7SP-1SP,自动打磨,自动打磨N21,826.9024058036285,827.9885485814063,1.086142777777809
AP2-MG-7SP-1SP,桁架至坡口工作站,自动分拣N21,827.9885485814063,829.1552485814063,1.1666999999999916
AP2-AE-1B3-1S,分拣,自动分拣N21,829.1552485814063,830.7352485814064,1.580000000000041
AP2-AE-1B3-1S,自动打磨,自动打磨N21,830.7352485814064,832.9196176290254,2.184369047619043
AP2-AE-1B3-1S,桁架码垛,自动分拣N21,832.9196176290254,834.0896176290254,1.169999999999959
AP2-AE-1B4-1S,分拣,自动分拣N21,834.0896176290254,835.6696176290254,1.580000000000041
AP2-AE-1B4-1S,自动打磨,自动打磨N21,835.6696176290254,837.8011529464858,2.1315353174603615
AP2-AE-1B4-1S,桁架码垛,自动分拣N21,837.8011529464858,838.9711529464857,1.169999999999959
AP2-F5-1B2S-1S,分拣,自动分拣N21,838.9711529464857,840.5511529464858,1.580000000000041
AP2-F5-1B2S-1S,自动打磨,自动打磨N21,840.5511529464858,842.2309567560096,1.6798038095238326
AP2-F5-1B2S-1S,桁架码垛,自动分拣N21,842.2309567560096,843.4009567560096,1.169999999999959
AP2-FB-3S-9BS,分拣,自动分拣N21,843.4009567560096,844.9809567560096,1.580000000000041
AP2-FB-3S-9BS,自动打磨,自动打磨N21,844.9809567560096,846.339511121089,1.3585543650793852
AP2-FB-3S-9BS,桁架码垛,自动分拣N21,846.339511121089,847.509511121089,1.169999999999959
AP2-G2-3B1-1P,分拣,自动分拣N21,847.509511121089,849.089511121089,1.580000000000041
AP2-G2-3B1-1P,自动打磨,自动打磨N21,849.089511121089,851.3251360417239,2.235624920634905
AP2-G2-3B1-1P,桁架码垛,自动分拣N21,851.3251360417239,852.4951360417239,1.169999999999959
TA10-F9-1SP-2SP,分拣,自动分拣N21,852.4951360417239,854.0751360417239,1.580000000000041
TA10-F9-1SP-2SP,自动打磨,自动打磨N21,854.0751360417239,855.8085258036286,1.733389761904732
TA10-F9-1SP-2SP,桁架码垛,自动分拣N21,855.8085258036286,856.9785258036286,1.169999999999959
A03S-1292切割后的大件,天车吊运（胎架到成品区）,天车,772.8809571088786,777.8809571088786,5.0
AP2-AG-1-3BS,分拣,自动分拣N51,760.5557995464343,762.1357995464343,1.580000000000041
AP2-AG-1-3BS,自动打磨,自动打磨N51,762.1357995464343,763.221942244847,1.0861426984126865
AP2-AG-1-3BS,桁架码垛,自动分拣N51,763.221942244847,764.391942244847,1.169999999999959
AP2-CG-1-1P,自由边打磨,人工打磨N51,760.5557995464343,761.9221437515625,1.3663442051282573
A03S-1303,天车空驶（胎架到原料区）,天车,650.1105732046148,658.1105732046148,8.0
A03S-1303,天车吊运（原料区到胎架）,天车,658.1105732046148,661.1105732046148,3.0
AP2-CG-1-1S,自由边打磨,人工打磨N51,761.9221437515625,763.2884879566908,1.3663442051282573
AP2-F2-2P-1BP,分拣,自动分拣N51,764.391942244847,765.971942244847,1.580000000000041
AP2-F2-2P-1BP,自动打磨,自动打磨N51,765.971942244847,767.9924543877041,2.0205121428571147
AP2-F2-2P-1BP,桁架码垛,自动分拣N51,767.9924543877041,769.1624543877041,1.169999999999959
AP2-F2-2P-1P,自由边打磨,人工打磨N51,763.2884879566908,764.6051958541267,1.3167078974358901
AP2-F2-2P-3BP,分拣,自动分拣N51,769.1624543877041,770.7424543877041,1.580000000000041
AP2-F2-2P-3BP,自动打磨,自动打磨N51,770.7424543877041,773.1748807369105,2.4324263492063665
AP2-F2-2P-3BP,桁架码垛,自动分拣N51,773.1748807369105,774.3448807369105,1.169999999999959
AP2-F2-2P-4BP,分拣,自动分拣N51,774.3448807369105,775.9248807369105,1.580000000000041
AP2-F2-2P-4BP,自动打磨,自动打磨N51,775.9248807369105,778.9505821654819,3.0257014285714376
AP2-F2-2P-4BP,桁架码垛,自动分拣N51,778.9505821654819,780.1205821654819,1.169999999999959
AP2-F2-3S-1BS,分拣,自动分拣N51,780.1205821654819,781.7005821654819,1.580000000000041
AP2-F2-3S-1BS,自动打磨,自动打磨N51,781.7005821654819,783.7081695464343,2.0075873809523728
AP2-F2-3S-1BS,桁架码垛,自动分拣N51,783.7081695464343,784.8781695464343,1.169999999999959
AP2-F2-3S-1S,自由边打磨,人工打磨N51,764.6051958541267,765.9219037002805,1.316707846153804
AP2-F6-2P-2P,自由边打磨,人工打磨N51,765.9219037002805,766.8229710336138,0.9010673333333443
AP2-F6-2P-4BP,分拣,自动分拣N51,784.8781695464343,786.4581695464343,1.580000000000041
AP2-F6-2P-4BP,自动打磨,自动打磨N51,786.4581695464343,788.466788276593,2.0086187301586733
AP2-F6-2P-4BP,桁架码垛,自动分拣N51,788.466788276593,789.6367882765929,1.169999999999959
AP2-F6-2P-4P,自由边打磨,人工打磨N51,766.8229710336138,767.7694450848959,0.9464740512820526
AP2-F6-2P-6BP,分拣,自动分拣N51,789.6367882765929,791.216788276593,1.580000000000041
AP2-F6-2P-6BP,自动打磨,自动打磨N51,791.216788276593,793.6480015305613,2.4312132539682807
AP2-F6-2P-6BP,桁架码垛,自动分拣N51,793.6480015305613,794.8180015305612,1.169999999999959
AP2-F6-3S-10BS,分拣,自动分拣N51,794.8180015305612,796.3980015305613,1.580000000000041
AP2-F6-3S-10BS,自动打磨,自动打磨N51,796.3980015305613,798.2012566892914,1.8032551587301668
AP2-F6-3S-10BS,桁架码垛,自动分拣N51,798.2012566892914,799.3712566892914,1.169999999999959
AP2-F6-3S-2S,自由边打磨,人工打磨N51,767.7694450848959,768.6942290848959,0.9247840000000451
AP2-F6-3S-4S,自由边打磨,人工打磨N51,768.6942290848959,769.6042953413062,0.9100662564102322
AP2-F7-2-1P,分拣,自动分拣N51,799.3712566892914,800.9512566892914,1.580000000000041
AP2-F7-2-1P,自动打磨,自动打磨N51,800.9512566892914,803.3457654194501,2.394508730158691
AP2-F7-2-1P,桁架码垛,自动分拣N51,803.3457654194501,804.5157654194501,1.169999999999959
AP2-F7-2-1S,分拣,自动分拣N51,804.5157654194501,806.0957654194501,1.580000000000041
AP2-F7-2-1S,自动打磨,自动打磨N51,806.0957654194501,809.2103457369104,3.114580317460309
AP2-F7-2-1S,桁架码垛,自动分拣N51,809.2103457369104,810.3803457369104,1.169999999999959
AP2-F8-1B1-1S,分拣,自动分拣N51,810.3803457369104,811.9603457369104,1.580000000000041
AP2-F8-1B1-1S,自动打磨,自动打磨N51,811.9603457369104,813.6897108162755,1.7293650793650386
AP2-F8-1B1-1S,桁架码垛,自动分拣N51,813.6897108162755,814.8597108162754,1.169999999999959
AP2-F8-2-1P,分拣,自动分拣N51,814.8597108162754,816.4397108162755,1.580000000000041
AP2-F8-2-1P,自动打磨,自动打磨N51,816.4397108162755,818.5681851813548,2.1284743650793416
AP2-F8-2-1P,桁架码垛,自动分拣N51,818.5681851813548,819.7381851813548,1.169999999999959
AP2-FB-2P-11BP,分拣,自动分拣N51,819.7381851813548,821.3181851813548,1.580000000000041
AP2-FB-2P-11BP,自动打磨,自动打磨N51,821.3181851813548,824.4327654988151,3.114580317460309
AP2-FB-2P-11BP,桁架码垛,自动分拣N51,824.4327654988151,825.6027654988151,1.169999999999959
AP2-FB-2P-2BP,分拣,自动分拣N51,825.6027654988151,827.1827654988151,1.580000000000041
AP2-FB-2P-2BP,自动打磨,自动打磨N51,827.1827654988151,828.6762147845294,1.4934492857142914
AP2-FB-2P-2BP,桁架码垛,自动分拣N51,828.6762147845294,829.8462147845294,1.169999999999959
AP2-FB-2P-5BP,分拣,自动分拣N51,829.8462147845294,831.4262147845294,1.580000000000041
AP2-FB-2P-5BP,自动打磨,自动打磨N51,831.4262147845294,833.6618841496088,2.2356693650793886
AP2-FB-2P-5BP,桁架码垛,自动分拣N51,833.6618841496088,834.8318841496088,1.169999999999959
AP2-FB-3S-12BS,分拣,自动分拣N51,834.8318841496088,836.4118841496088,1.580000000000041
AP2-FB-3S-12BS,自动打磨,自动打磨N51,836.4118841496088,838.4314987527835,2.0196146031746594
AP2-FB-3S-12BS,桁架码垛,自动分拣N51,838.4314987527835,839.6014987527834,1.169999999999959
AP2-FB-3S-13BS,分拣,自动分拣N51,839.6014987527834,841.1814987527835,1.580000000000041
AP2-FB-3S-13BS,自动打磨,自动打磨N51,841.1814987527835,843.6139249432597,2.432426190476235
AP2-FB-3S-13BS,桁架码垛,自动分拣N51,843.6139249432597,844.7839249432596,1.169999999999959
AP2-FB-3S-4BS,分拣,自动分拣N51,844.7839249432596,846.3639249432597,1.580000000000041
AP2-FB-3S-4BS,自动打磨,自动打磨N51,846.3639249432597,848.4166651019898,2.052740158730103
AP2-FB-3S-4BS,桁架码垛,自动分拣N51,848.4166651019898,849.5866651019898,1.169999999999959
AP2-FB-3S-8BS,分拣,自动分拣N51,849.5866651019898,851.1666651019898,1.580000000000041
AP2-FB-3S-8BS,自动打磨,自动打磨N51,851.1666651019898,853.1503920861168,1.9837269841269745
AP2-FB-3S-8BS,桁架码垛,自动分拣N51,853.1503920861168,854.3203920861167,1.169999999999959
AP2-AE-1B1-1P,分拣,自动分拣N51,854.3203920861167,855.9003920861168,1.580000000000041
AP2-AE-1B1-1P,自动打磨,自动打磨N51,855.9003920861168,857.9227160543708,2.0223239682539997
AP2-AE-1B1-1P,桁架码垛,自动分拣N51,857.9227160543708,859.0927160543707,1.169999999999959
AP2-AE-1B1-1S,分拣,自动分拣N51,859.0927160543707,860.6727160543708,1.580000000000041
AP2-AE-1B1-1S,自动打磨,自动打磨N51,860.6727160543708,862.690787324212,2.0180712698412435
AP2-AE-1B1-1S,桁架码垛,自动分拣N51,862.690787324212,863.860787324212,1.169999999999959
AP2-AE-1B2-1P,分拣,自动分拣N51,863.860787324212,865.440787324212,1.580000000000041
AP2-AE-1B2-1P,自动打磨,自动打磨N51,865.440787324212,866.9342364511962,1.49344912698416
AP2-AE-1B2-1P,桁架码垛,自动分拣N51,866.9342364511962,868.1042364511961,1.169999999999959
AP2-AE-1B2-1S,分拣,自动分拣N51,868.1042364511961,869.6842364511962,1.580000000000041
AP2-AE-1B2-1S,自动打磨,自动打磨N51,869.6842364511962,871.7023074829422,2.01807103174599
AP2-AE-1B2-1S,桁架码垛,自动分拣N51,871.7023074829422,872.8723074829421,1.169999999999959
AP2-AE-1B3-1P,分拣,自动分拣N51,872.8723074829421,874.4523074829422,1.580000000000041
AP2-AE-1B3-1P,自动打磨,自动打磨N51,874.4523074829422,876.5504499432597,2.09814246031749
AP2-AE-1B3-1P,桁架码垛,自动分拣N51,876.5504499432597,877.7204499432596,1.169999999999959
AP2-AE-1B4-1P,分拣,自动分拣N51,877.7204499432596,879.3004499432597,1.580000000000041
AP2-AE-1B4-1P,自动打磨,自动打磨N51,879.3004499432597,881.3500917686565,2.0496418253968613
AP2-AE-1B4-1P,桁架码垛,自动分拣N51,881.3500917686565,882.5200917686565,1.169999999999959
AP2-F3-1B2S-1S,分拣,自动分拣N51,882.5200917686565,884.1000917686565,1.580000000000041
AP2-F3-1B2S-1S,自动打磨,自动打磨N51,884.1000917686565,886.1069705781803,2.006878809523755
AP2-F3-1B2S-1S,桁架码垛,自动分拣N51,886.1069705781803,887.2769705781802,1.169999999999959
AP2-F4-1B2S-1S,分拣,自动分拣N51,887.2769705781802,888.8569705781803,1.580000000000041
AP2-F4-1B2S-1S,自动打磨,自动打磨N51,888.8569705781803,890.5523785146883,1.6954079365079906
AP2-F4-1B2S-1S,桁架码垛,自动分拣N51,890.5523785146883,891.7223785146882,1.169999999999959
AP2-F4-1B3-1P,分拣,自动分拣N51,891.7223785146882,893.3023785146883,1.580000000000041
AP2-F4-1B3-1P,自动打磨,自动打磨N51,893.3023785146883,895.3247026416724,2.022324126984131
AP2-F4-1B3-1P,桁架码垛,自动分拣N51,895.3247026416724,896.4947026416723,1.169999999999959
AP2-F9-1B2S-1S,分拣,自动分拣N51,896.4947026416723,898.0747026416724,1.580000000000041
AP2-F9-1B2S-1S,自动打磨,自动打磨N51,898.0747026416724,900.007591292466,1.9328886507936431
AP2-F9-1B2S-1S,桁架码垛,自动分拣N51,900.007591292466,901.177591292466,1.169999999999959
AP2-FC-1B4P-1P,分拣,自动分拣N51,901.177591292466,902.757591292466,1.580000000000041
AP2-FC-1B4P-1P,自动打磨,自动打磨N51,902.757591292466,904.7663239908787,2.0087326984127003
AP2-FC-1B4P-1P,桁架码垛,自动分拣N51,904.7663239908787,905.9363239908787,1.169999999999959
A03S-1294切割后的大件,天车吊运（胎架到成品区）,天车,777.8809571088786,782.8809571088786,5.0
AP2-G3-3-1P,自由边打磨,人工打磨N21,823.4745189936003,823.8972678141131,0.42274882051276563
AP2-G3-3-1S,自由边打磨,人工打磨N21,823.8972678141131,824.3200166346259,0.42274882051276563
AP2-G4-4-1P,自由边打磨,人工打磨N21,824.3200166346259,825.9409383782156,1.6209217435897472
AP2-G4-4-1S,自由边打磨,人工打磨N21,825.9409383782156,827.5618602243694,1.6209218461538057
AP2-G5-3-1P,自由边打磨,人工打磨N21,827.5618602243694,829.2165732500105,1.6547130256410583
AP2-G5-3-1S,自由边打磨,人工打磨N21,829.2165732500105,830.0011886346258,0.7846153846153356
A03S-1303切割后的大件,天车空驶（成品区到胎架）,天车,825.0011886346258,830.0011886346258,5.0
A03S-1303切割后的大件,天车吊运（胎架到成品区）,天车,830.0011886346258,835.0011886346258,5.0
A03S-1284,天车空驶（胎架到原料区）,天车,835.0011886346258,843.0011886346258,8.0
A03S-1284,天车吊运（原料区到胎架）,天车,843.0011886346258,846.0011886346258,3.0
A03S-1288,天车空驶（胎架到原料区）,天车,712.4383201931906,715.4383201931906,3.0
A03S-1288,天车吊运（原料区到胎架）,天车,715.4383201931906,718.4383201931906,3.0
AP2-F3-1-2S,自由边打磨,人工打磨N21,938.988468293106,939.7259362931061,0.7374680000000353
A03S-1284切割后的大件,天车吊运（胎架到坡口区）,天车,939.7259362931061,942.7259362931061,3.0
AP2-F3-1-2P,人工坡口,人工坡口1,942.7259362931061,947.570420293106,4.844483999999966
AP2-F3-1-2S,人工坡口,人工坡口1,947.570420293106,952.414904293106,4.844483999999966
AP2-F4-1-2P,人工坡口,人工坡口1,952.414904293106,958.079336293106,5.664432000000033
AP2-F4-1-2S,人工坡口,人工坡口1,958.079336293106,963.7437682931061,5.664432000000033
A03S-1284切割后的大件,天车吊运（坡口区到成品区）,天车,963.7437682931061,968.7437682931061,5.0
AP2-FB-1SP-1SP,自由边打磨,人工打磨N51,818.8719564134899,819.1955321570797,0.32357574358979946
AP2-G2-1P-1P,自由边打磨,人工打磨N51,819.1955321570797,819.5191077981053,0.3235756410256272
AP2-MG-1SP-1P,自由边打磨,人工打磨N51,819.5191077981053,819.5747691827207,0.05566138461540504
A03S-1288切割后的大件,天车空驶（成品区到胎架）,天车,814.5747691827207,819.5747691827207,5.0
A03S-1288切割后的大件,天车吊运（胎架到成品区）,天车,819.5747691827207,824.5747691827207,5.0
A03S-1291,天车空驶（胎架到原料区）,天车,846.0011886346258,854.0011886346258,8.0
A03S-1291,天车吊运（原料区到胎架）,天车,854.0011886346258,857.0011886346258,3.0
AP2-F2-1-1P,自由边打磨,人工打磨N21,1039.9613041492496,1041.207632610788,1.2463284615384964
A03S-1302,天车空驶（胎架到原料区）,天车,857.0011886346258,860.0011886346258,3.0
A03S-1302,天车吊运（原料区到胎架）,天车,860.0011886346258,863.0011886346258,3.0
AP2-F2-1-1S,自由边打磨,人工打磨N21,1041.207632610788,1041.8376966620701,0.6300640512820337
AP2-FA-1-1P,自由边打磨,人工打磨N21,1041.8376966620701,1042.529090610788,0.6913939487178595
AP2-FA-1-1S,自由边打磨,人工打磨N21,1042.529090610788,1043.2020384056598,0.6729477948717886
TA10-T10-1B4S-1S,分拣,自动分拣N21,1039.9613041492496,1041.5413041492495,1.5799999999999272
TA10-T10-1B4S-1S,自动打磨,自动打磨N21,1041.5413041492495,1042.8994081175035,1.3581039682539995
TA10-T10-1B4S-1S,桁架码垛,自动分拣N21,1042.8994081175035,1044.0694081175036,1.1700000000000728
A03S-1291切割后的大件,天车吊运（胎架到成品区）,天车,1043.2020384056598,1048.2020384056598,5.0
A03S-1251,天车空驶（胎架到原料区）,天车,942.7259362931061,950.7259362931061,8.0
A03S-1251,天车吊运（原料区到胎架）,天车,950.7259362931061,953.7259362931061,3.0
AP2-G2-3-1S,自由边打磨,人工打磨N51,998.7461268355075,999.365502322687,0.6193754871794681
AP2-G4-3-1S,自由边打磨,人工打磨N51,999.365502322687,1000.0239844765332,0.6584821538461938
AP2-G5-1-1P,自由边打磨,人工打磨N51,1000.0239844765332,1000.6747709380717,0.6507864615384733
AP2-G5-1-1S,自由边打磨,人工打磨N51,1000.6747709380717,1001.2941464252511,0.6193754871794681
AP2-G5-2-1P,自由边打磨,人工打磨N51,1001.2941464252511,1002.8106464765332,1.516500051282037
AP2-G5-2-1S,自由边打磨,人工打磨N51,1002.8106464765332,1004.3271467329434,1.5165002564102679
A03S-1302切割后的大件,天车吊运（胎架到成品区）,天车,1004.3271467329434,1009.3271467329434,5.0
AP2-JMG-650P,自由边打磨,人工打磨N21,1092.9355182578668,1093.3007607194052,0.3652424615384007
U02S-1347,天车空驶（胎架到原料区）,天车,894.9363239908787,902.9363239908787,8.0
U02S-1347,天车吊运（原料区到胎架）,天车,902.9363239908787,905.9363239908787,3.0
AP2-JMG-650S,自由边打磨,人工打磨N21,1093.3007607194052,1093.8433814373539,0.5426207179486937
A03S-1251切割后的大件,天车吊运（胎架到坡口区）,天车,1093.8433814373539,1096.8433814373539,3.0
AP2-JMG-650P,人工坡口,人工坡口1,1096.8433814373539,1132.356149437354,35.51276800000005
AP2-JMG-650S,人工坡口,人工坡口1,1132.356149437354,1167.868917437354,35.51276800000005
A03S-1251切割后的大件,天车吊运（坡口区到成品区）,天车,1167.868917437354,1172.868917437354,5.0
DC12-F69-1B1SP-1SP,分拣,自动分拣N51,1012.4980529722667,1014.0780529722667,1.580000000000041
DC12-F69-1B1SP-1SP,自动打磨,自动打磨N51,1014.0780529722667,1015.5015847182984,1.4235317460316992
DC12-F69-1B1SP-1SP,桁架码垛,自动分拣N51,1015.5015847182984,1016.6715847182984,1.169999999999959
DC12-F69-1B2P-1P,分拣,自动分拣N51,1016.6715847182984,1018.2515847182984,1.580000000000041
DC12-F69-1B2P-1P,自动打磨,自动打磨N51,1018.2515847182984,1019.6751164643301,1.4235317460316992
DC12-F69-1B2P-1P,桁架码垛,自动分拣N51,1019.6751164643301,1020.8451164643301,1.169999999999959
DC12-F69-1B3S-1S,分拣,自动分拣N51,1020.8451164643301,1022.4251164643301,1.580000000000041
DC12-F69-1B3S-1S,自动打磨,自动打磨N51,1022.4251164643301,1024.272179757981,1.8470632936507627
DC12-F69-1B3S-1S,桁架码垛,自动分拣N51,1024.272179757981,1025.442179757981,1.1700000000000728
DC12-F69-1B5-1P,分拣,自动分拣N51,1025.442179757981,1027.022179757981,1.5799999999999272
DC12-F69-1B5-1P,自动打磨,自动打磨N51,1027.022179757981,1028.4457115040127,1.4235317460318129
DC12-F69-1B5-1P,桁架码垛,自动分拣N51,1028.4457115040127,1029.6157115040128,1.1700000000000728
DC12-F69-1B5-1S,分拣,自动分拣N51,1029.6157115040128,1031.1957115040127,1.5799999999999272
DC12-F69-1B5-1S,自动打磨,自动打磨N51,1031.1957115040127,1032.6192432500445,1.4235317460318129
DC12-F69-1B5-1S,桁架码垛,自动分拣N51,1032.6192432500445,1033.7892432500446,1.1700000000000728
DC12-F69-1B6-1P,分拣,自动分拣N51,1033.7892432500446,1035.3692432500445,1.5799999999999272
DC12-F69-1B6-1P,自动打磨,自动打磨N51,1035.3692432500445,1036.7927749960763,1.4235317460318129
DC12-F69-1B6-1P,桁架码垛,自动分拣N51,1036.7927749960763,1037.9627749960764,1.1700000000000728
DC12-F69-1B7-1P,分拣,自动分拣N51,1037.9627749960764,1039.5427749960763,1.5799999999999272
DC12-F69-1B7-1P,自动打磨,自动打磨N51,1039.5427749960763,1040.9663067421081,1.4235317460318129
DC12-F69-1B7-1P,桁架码垛,自动分拣N51,1040.9663067421081,1042.1363067421082,1.1700000000000728
DC12-F69-1B7-1S,分拣,自动分拣N51,1042.1363067421082,1043.7163067421081,1.5799999999999272
DC12-F69-1B7-1S,自动打磨,自动打磨N51,1043.7163067421081,1045.13983848814,1.4235317460318129
DC12-F69-1B7-1S,桁架码垛,自动分拣N51,1045.13983848814,1046.30983848814,1.1700000000000728
DC12-F69-1B8S-1S,分拣,自动分拣N51,1046.30983848814,1047.88983848814,1.5799999999999272
DC12-F69-1B8S-1S,自动打磨,自动打磨N51,1047.88983848814,1049.3133702341718,1.4235317460318129
DC12-F69-1B8S-1S,桁架码垛,自动分拣N51,1049.3133702341718,1050.4833702341718,1.1700000000000728
U02S-1341,天车空驶（胎架到原料区）,天车,1009.3271467329434,1017.3271467329434,8.0
U02S-1341,天车吊运（原料区到胎架）,天车,1017.3271467329434,1020.3271467329434,3.0
DC12-F68-1SP-1SP,分拣,自动分拣N51,1058.1577381889092,1059.7377381889091,1.5799999999999272
DC12-F68-1SP-1SP,自动打磨,自动打磨N51,1059.7377381889091,1065.4919425539886,5.754204365079431
DC12-F68-1SP-1SP,桁架码垛,自动分拣N51,1065.4919425539886,1066.6619425539886,1.1700000000000728
DC12-F71-1SP-1SP,分拣,自动分拣N51,1066.6619425539886,1068.2419425539886,1.5799999999999272
DC12-F71-1SP-1SP,自动打磨,自动打磨N51,1068.2419425539886,1070.8807562841473,2.638813730158745
DC12-F71-1SP-1SP,桁架码垛,自动分拣N51,1070.8807562841473,1072.0507562841474,1.1700000000000728
DC12-F72-1SP-1SP,分拣,自动分拣N51,1072.0507562841474,1073.6307562841473,1.5799999999999272
DC12-F72-1SP-1SP,自动打磨,自动打磨N51,1073.6307562841473,1079.241175887322,5.610419603174705
DC12-F72-1SP-1SP,桁架码垛,自动分拣N51,1079.241175887322,1080.411175887322,1.1700000000000728
DC12-UD-1KSP-7BSP,分拣,自动分拣N51,1080.411175887322,1081.991175887322,1.5799999999999272
DC12-UD-1KSP-7BSP,自动打磨,自动打磨N51,1081.991175887322,1083.0661242206554,1.0749483333333956
DC12-UD-1KSP-7BSP,桁架码垛,自动分拣N51,1083.0661242206554,1084.2361242206555,1.1700000000000728
DC12-UD-1KSP-9BSP,分拣,自动分拣N51,1084.2361242206555,1085.8161242206554,1.5799999999999272
DC12-UD-1KSP-9BSP,自动打磨,自动打磨N51,1085.8161242206554,1088.2346677127189,2.4185434920634634
DC12-UD-1KSP-9BSP,桁架码垛,自动分拣N51,1088.2346677127189,1089.404667712719,1.1700000000000728
DC12-F71-2-1P,分拣,自动分拣N51,1089.404667712719,1090.9846677127189,1.5799999999999272
DC12-F71-2-1P,自动打磨,自动打磨N51,1090.9846677127189,1094.9924492206553,4.007781507936443
DC12-F71-2-1P,桁架码垛,自动分拣N51,1094.9924492206553,1096.1624492206554,1.1700000000000728
DC12-F71-2-1S,分拣,自动分拣N51,1096.1624492206554,1097.7424492206553,1.5799999999999272
DC12-F71-2-1S,自动打磨,自动打磨N51,1097.7424492206553,1101.7502305698617,4.007781349206425
DC12-F71-2-1S,桁架码垛,自动分拣N51,1101.7502305698617,1102.9202305698618,1.1700000000000728
DC12-UD-1KSP-11BSP,分拣,自动分拣N51,1102.9202305698618,1104.5002305698617,1.5799999999999272
DC12-UD-1KSP-11BSP,自动打磨,自动打磨N51,1104.5002305698617,1106.41300382383,1.9127732539682256
DC12-UD-1KSP-11BSP,桁架码垛,自动分拣N51,1106.41300382383,1107.58300382383,1.1700000000000728
U02S-1345,天车空驶（胎架到原料区）,天车,1048.2020384056598,1051.2020384056598,3.0
U02S-1345,天车吊运（原料区到胎架）,天车,1051.2020384056598,1054.2020384056598,3.0
DC12-AG-1-1BP,分拣,自动分拣N21,1110.9497800775737,1112.5297800775736,1.5799999999999272
DC12-AG-1-1BP,自动打磨,自动打磨N21,1112.5297800775736,1114.1194161886847,1.5896361111110764
DC12-AG-1-1BP,桁架码垛,自动分拣N21,1114.1194161886847,1115.2894161886848,1.1700000000000728
DC12-AG-1-1BS,分拣,自动分拣N21,1115.2894161886848,1116.8694161886847,1.5799999999999272
DC12-AG-1-1BS,自动打磨,自动打磨N21,1116.8694161886847,1118.4590523791608,1.5896361904760852
DC12-AG-1-1BS,桁架码垛,自动分拣N21,1118.4590523791608,1119.6290523791608,1.1700000000000728
DC12-AG-2-1BP,分拣,自动分拣N21,1119.6290523791608,1121.2090523791608,1.5799999999999272
DC12-AG-2-1BP,自动打磨,自动打磨N21,1121.2090523791608,1122.7986885696369,1.5896361904760852
DC12-AG-2-1BP,桁架码垛,自动分拣N21,1122.7986885696369,1123.968688569637,1.1700000000000728
DC12-AG-2-1BS,分拣,自动分拣N21,1123.968688569637,1125.5486885696369,1.5799999999999272
DC12-AG-2-1BS,自动打磨,自动打磨N21,1125.5486885696369,1127.138324760113,1.5896361904760852
DC12-AG-2-1BS,桁架码垛,自动分拣N21,1127.138324760113,1128.308324760113,1.1700000000000728
DC12-CG-1-1BP,分拣,自动分拣N21,1128.308324760113,1129.888324760113,1.5799999999999272
DC12-CG-1-1BP,自动打磨,自动打磨N21,1129.888324760113,1131.3396191251923,1.4512943650793204
DC12-CG-1-1BP,桁架码垛,自动分拣N21,1131.3396191251923,1132.5096191251923,1.1700000000000728
DC12-CG-1-1BS,分拣,自动分拣N21,1132.5096191251923,1134.0896191251923,1.5799999999999272
DC12-CG-1-1BS,自动打磨,自动打磨N21,1134.0896191251923,1135.5409134902716,1.4512943650793204
DC12-CG-1-1BS,桁架码垛,自动分拣N21,1135.5409134902716,1136.7109134902717,1.1700000000000728
DC12-CG-1-2BP,分拣,自动分拣N21,1136.7109134902717,1138.2909134902716,1.5799999999999272
DC12-CG-1-2BP,自动打磨,自动打磨N21,1138.2909134902716,1139.8149397601128,1.5240262698412153
DC12-CG-1-2BP,桁架码垛,自动分拣N21,1139.8149397601128,1140.9849397601129,1.1700000000000728
DC12-CG-1-2BS,分拣,自动分拣N21,1140.9849397601129,1142.5649397601128,1.5799999999999272
DC12-CG-1-2BS,自动打磨,自动打磨N21,1142.5649397601128,1144.0889661886843,1.5240264285714602
DC12-CG-1-2BS,桁架码垛,自动分拣N21,1144.0889661886843,1145.2589661886843,1.1700000000000728
DC12-CG-2-1BP,分拣,自动分拣N21,1145.2589661886843,1146.8389661886843,1.5799999999999272
DC12-CG-2-1BP,自动打磨,自动打磨N21,1146.8389661886843,1148.2902605537636,1.4512943650793204
DC12-CG-2-1BP,桁架码垛,自动分拣N21,1148.2902605537636,1149.4602605537636,1.1700000000000728
DC12-CG-2-1BS,分拣,自动分拣N21,1149.4602605537636,1151.0402605537636,1.5799999999999272
DC12-CG-2-1BS,自动打磨,自动打磨N21,1151.0402605537636,1152.491554918843,1.4512943650793204
DC12-CG-2-1BS,桁架码垛,自动分拣N21,1152.491554918843,1153.661554918843,1.1700000000000728
DC12-CG-2-2BP,分拣,自动分拣N21,1153.661554918843,1155.241554918843,1.5799999999999272
DC12-CG-2-2BP,自动打磨,自动打磨N21,1155.241554918843,1156.6928492839222,1.4512943650793204
DC12-CG-2-2BP,桁架码垛,自动分拣N21,1156.6928492839222,1157.8628492839223,1.1700000000000728
DC12-CG-2-2BS,分拣,自动分拣N21,1157.8628492839223,1159.4428492839222,1.5799999999999272
DC12-CG-2-2BS,自动打磨,自动打磨N21,1159.4428492839222,1160.8941436490015,1.4512943650793204
DC12-CG-2-2BS,桁架码垛,自动分拣N21,1160.8941436490015,1162.0641436490016,1.1700000000000728
U02S-1346,天车空驶（胎架到原料区）,天车,1096.8433814373539,1099.8433814373539,3.0
U02S-1346,天车吊运（原料区到胎架）,天车,1099.8433814373539,1102.8433814373539,3.0
DC12-AG-1-2BP,分拣,自动分拣N21,1162.0641436490016,1163.6441436490015,1.5799999999999272
DC12-AG-1-2BP,自动打磨,自动打磨N21,1163.6441436490015,1165.838941109319,2.1947974603174316
DC12-AG-1-2BP,桁架至坡口工作站,自动分拣N21,1165.838941109319,1167.005641109319,1.1666999999999916
DC12-AG-1-2BS,分拣,自动分拣N21,1167.005641109319,1168.5856411093189,1.5799999999999272
DC12-AG-1-2BS,自动打磨,自动打磨N21,1168.5856411093189,1170.7804385696363,2.1947974603174316
DC12-AG-1-2BS,桁架至坡口工作站,自动分拣N21,1170.7804385696363,1171.9471385696363,1.1666999999999916
DC12-AG-2-2BP,分拣,自动分拣N21,1171.9471385696363,1173.5271385696362,1.5799999999999272
DC12-AG-2-2BP,自动打磨,自动打磨N21,1173.5271385696362,1175.636538252176,2.109399682539788
DC12-AG-2-2BP,桁架至坡口工作站,自动分拣N21,1175.636538252176,1176.803238252176,1.1666999999999916
DC12-AG-2-2BS,分拣,自动分拣N21,1176.803238252176,1178.383238252176,1.5799999999999272
DC12-AG-2-2BS,自动打磨,自动打磨N21,1178.383238252176,1180.4926377759855,2.109399523809543
DC12-AG-2-2BS,桁架至坡口工作站,自动分拣N21,1180.4926377759855,1181.6593377759855,1.1666999999999916
DC12-CG-2-3BP,分拣,自动分拣N21,1181.6593377759855,1183.2393377759854,1.5799999999999272
DC12-CG-2-3BP,自动打磨,自动打磨N21,1183.2393377759854,1185.2562884902711,2.016950714285713
DC12-CG-2-3BP,桁架至坡口工作站,自动分拣N21,1185.2562884902711,1186.422988490271,1.1666999999999916
DC12-CG-2-3BS,分拣,自动分拣N21,1186.422988490271,1188.002988490271,1.5799999999999272
DC12-CG-2-3BS,自动打磨,自动打磨N21,1188.002988490271,1190.0199392045567,2.016950714285713
DC12-CG-2-3BS,桁架至坡口工作站,自动分拣N21,1190.0199392045567,1191.1866392045567,1.1666999999999916
DC12-F64-1B7-1P,分拣,自动分拣N21,1191.1866392045567,1192.7666392045567,1.5799999999999272
DC12-F64-1B7-1P,自动打磨,自动打磨N21,1192.7666392045567,1194.6037009505885,1.83706174603185
DC12-F64-1B7-1P,桁架码垛,自动分拣N21,1194.6037009505885,1195.7737009505886,1.1700000000000728
DC12-F64-1B7-1S,分拣,自动分拣N21,1195.7737009505886,1197.3537009505885,1.5799999999999272
DC12-F64-1B7-1S,自动打磨,自动打磨N21,1197.3537009505885,1199.1907627759854,1.8370618253968587
DC12-F64-1B7-1S,桁架码垛,自动分拣N21,1199.1907627759854,1200.3607627759854,1.1700000000000728
DC12-F76-1B7-1P,分拣,自动分拣N21,1200.3607627759854,1201.9407627759854,1.5799999999999272
DC12-F76-1B7-1P,自动打磨,自动打磨N21,1201.9407627759854,1203.766647458525,1.8258846825397086
DC12-F76-1B7-1P,桁架码垛,自动分拣N21,1203.766647458525,1204.9366474585252,1.1700000000000728
DC12-F76-1B7-1S,分拣,自动分拣N21,1204.9366474585252,1206.516647458525,1.5799999999999272
DC12-F76-1B7-1S,自动打磨,自动打磨N21,1206.516647458525,1208.3425321410648,1.8258846825397086
DC12-F76-1B7-1S,桁架码垛,自动分拣N21,1208.3425321410648,1209.5125321410649,1.1700000000000728
U02S-1343,天车空驶（胎架到原料区）,天车,1054.2020384056598,1057.2020384056598,3.0
U02S-1343,天车吊运（原料区到胎架）,天车,1057.2020384056598,1060.2020384056598,3.0
DC12-AG-4S-1BS,分拣,自动分拣N51,1241.9365198292908,1243.5165198292907,1.5799999999999272
DC12-AG-4S-1BS,自动打磨,自动打磨N51,1243.5165198292907,1245.9136985594494,2.3971787301586573
DC12-AG-4S-1BS,桁架码垛,自动分拣N51,1245.9136985594494,1247.0836985594494,1.1700000000000728
DC12-DG-3-1BP,分拣,自动分拣N51,1247.0836985594494,1248.6636985594494,1.5799999999999272
DC12-DG-3-1BP,自动打磨,自动打磨N51,1248.6636985594494,1251.262070305481,2.5983717460317166
DC12-DG-3-1BP,桁架码垛,自动分拣N51,1251.262070305481,1252.4320703054811,1.1700000000000728
DC12-DG-3-1BS,分拣,自动分拣N51,1252.4320703054811,1254.012070305481,1.5799999999999272
DC12-DG-3-1BS,自动打磨,自动打磨N51,1254.012070305481,1256.6104419721478,2.598371666666708
DC12-DG-3-1BS,桁架码垛,自动分拣N51,1256.6104419721478,1257.7804419721479,1.1700000000000728
DC12-DG-3-2BP,分拣,自动分拣N51,1257.7804419721479,1259.3604419721478,1.5799999999999272
DC12-DG-3-2BP,自动打磨,自动打磨N51,1259.3604419721478,1261.4532580832588,2.0928161111110057
DC12-DG-3-2BP,桁架码垛,自动分拣N51,1261.4532580832588,1262.6232580832589,1.1700000000000728
DC12-DG-3-2BS,分拣,自动分拣N51,1262.6232580832589,1264.2032580832588,1.5799999999999272
DC12-DG-3-2BS,自动打磨,自动打磨N51,1264.2032580832588,1265.6794485594492,1.476190476190368
DC12-DG-3-2BS,桁架码垛,自动分拣N51,1265.6794485594492,1266.8494485594492,1.1700000000000728
DC12-UD-1KSP-12BSP,分拣,自动分拣N51,1266.8494485594492,1268.4294485594492,1.5799999999999272
DC12-UD-1KSP-12BSP,自动打磨,自动打磨N51,1268.4294485594492,1270.5559517340523,2.126503174603158
DC12-UD-1KSP-12BSP,桁架码垛,自动分拣N51,1270.5559517340523,1271.7259517340524,1.1700000000000728
DC12-UD-1KSP-13BSP,分拣,自动分拣N51,1271.7259517340524,1273.3059517340523,1.5799999999999272
DC12-UD-1KSP-13BSP,自动打磨,自动打磨N51,1273.3059517340523,1275.4322320515125,2.126280317460214
DC12-UD-1KSP-13BSP,桁架码垛,自动分拣N51,1275.4322320515125,1276.6022320515126,1.1700000000000728
DC12-UD-1KSP-1BSP,分拣,自动分拣N51,1276.6022320515126,1278.1822320515125,1.5799999999999272
DC12-UD-1KSP-1BSP,自动打磨,自动打磨N51,1278.1822320515125,1280.3087350673854,2.1265030158729132
DC12-UD-1KSP-1BSP,桁架码垛,自动分拣N51,1280.3087350673854,1281.4787350673855,1.1700000000000728
DC12-UD-1KSP-2BSP,分拣,自动分拣N51,1281.4787350673855,1283.0587350673854,1.5799999999999272
DC12-UD-1KSP-2BSP,自动打磨,自动打磨N51,1283.0587350673854,1285.1852380832584,2.1265030158729132
DC12-UD-1KSP-2BSP,桁架码垛,自动分拣N51,1285.1852380832584,1286.3552380832584,1.1700000000000728
DC12-UD-1KSP-6BSP,分拣,自动分拣N51,1286.3552380832584,1287.9352380832584,1.5799999999999272
DC12-UD-1KSP-6BSP,自动打磨,自动打磨N51,1287.9352380832584,1289.4821533213535,1.5469152380951527
DC12-UD-1KSP-6BSP,桁架码垛,自动分拣N51,1289.4821533213535,1290.6521533213536,1.1700000000000728
DC12-CG-1-1P,自由边打磨,人工打磨N51,1241.9365198292908,1244.7886934190344,2.852173589743643
U02S-1344,天车空驶（胎架到原料区）,天车,1156.0641436490016,1159.0641436490016,3.0
U02S-1344,天车吊运（原料区到胎架）,天车,1159.0641436490016,1162.0641436490016,3.0
DC12-CG-1-1S,自由边打磨,人工打磨N51,1244.7886934190344,1247.640867008778,2.852173589743643
DC12-CG-2-1P,自由边打磨,人工打磨N51,1247.640867008778,1250.9500041882652,3.309137179487152
DC12-CG-2-1S,自由边打磨,人工打磨N51,1250.9500041882652,1254.2591414190344,3.309137230769238
DC12-DG-1-1P,自由边打磨,人工打磨N51,1254.2591414190344,1257.2174033677525,2.958261948718018
DC12-DG-1-1S,自由边打磨,人工打磨N51,1257.2174033677525,1260.1756652651884,2.958261897435932
DC12-DG-1-3BP,分拣,自动分拣N51,1290.6521533213536,1292.2321533213535,1.5799999999999272
DC12-DG-1-3BP,自动打磨,自动打磨N51,1292.2321533213535,1293.765326813417,1.5331734920634972
DC12-DG-1-3BP,桁架码垛,自动分拣N51,1293.765326813417,1294.935326813417,1.1700000000000728
DC12-DG-1-4BS,分拣,自动分拣N51,1294.935326813417,1296.515326813417,1.5799999999999272
DC12-DG-1-4BS,自动打磨,自动打磨N51,1296.515326813417,1298.0485003054805,1.5331734920634972
DC12-DG-1-4BS,桁架码垛,自动分拣N51,1298.0485003054805,1299.2185003054806,1.1700000000000728
DC12-DG-2-1P,自由边打磨,人工打磨N51,1260.1756652651884,1263.5742130600602,3.3985477948717744
DC12-DG-2-1S,自由边打磨,人工打磨N51,1263.5742130600602,1266.9727610087782,3.398547948718033
DC12-DG-2-4BP,分拣,自动分拣N51,1299.2185003054806,1300.7985003054805,1.5799999999999272
DC12-DG-2-4BP,自动打磨,自动打磨N51,1300.7985003054805,1302.331673718179,1.5331734126984884
DC12-DG-2-4BP,桁架码垛,自动分拣N51,1302.331673718179,1303.501673718179,1.1700000000000728
DC12-DG-2-5BS,分拣,自动分拣N51,1303.501673718179,1305.081673718179,1.5799999999999272
DC12-DG-2-5BS,自动打磨,自动打磨N51,1305.081673718179,1306.6148471308775,1.5331734126984884
DC12-DG-2-5BS,桁架码垛,自动分拣N51,1306.6148471308775,1307.7848471308776,1.1700000000000728
DC12-F64-1B10-1P,分拣,自动分拣N51,1307.7848471308776,1309.3648471308775,1.5799999999999272
DC12-F64-1B10-1P,自动打磨,自动打磨N51,1309.3648471308775,1311.7655544324648,2.4007073015873175
DC12-F64-1B10-1P,桁架码垛,自动分拣N51,1311.7655544324648,1312.9355544324649,1.1700000000000728
DC12-F64-1B10-1S,分拣,自动分拣N51,1312.9355544324649,1314.5155544324648,1.5799999999999272
DC12-F64-1B10-1S,自动打磨,自动打磨N51,1314.5155544324648,1316.9162618134171,2.4007073809523263
DC12-F64-1B10-1S,桁架码垛,自动分拣N51,1316.9162618134171,1318.0862618134172,1.1700000000000728
DC12-F64-1B11-1P,分拣,自动分拣N51,1318.0862618134172,1319.6662618134171,1.5799999999999272
DC12-F64-1B11-1P,自动打磨,自动打磨N51,1319.6662618134171,1321.6334947499251,1.9672329365080259
DC12-F64-1B11-1P,桁架码垛,自动分拣N51,1321.6334947499251,1322.8034947499252,1.1700000000000728
DC12-F64-1B11-1S,分拣,自动分拣N51,1322.8034947499252,1324.3834947499251,1.5799999999999272
DC12-F64-1B11-1S,自动打磨,自动打磨N51,1324.3834947499251,1326.3507279245284,1.9672331746032796
DC12-F64-1B11-1S,桁架码垛,自动分拣N51,1326.3507279245284,1327.5207279245285,1.1700000000000728
DC12-F64-1B8-1P,分拣,自动分拣N51,1327.5207279245285,1329.1007279245284,1.5799999999999272
DC12-F64-1B8-1P,自动打磨,自动打磨N51,1329.1007279245284,1331.5441514165918,2.4434234920634026
DC12-F64-1B8-1P,桁架码垛,自动分拣N51,1331.5441514165918,1332.714151416592,1.1700000000000728
DC12-F64-1B9-1P,分拣,自动分拣N51,1332.714151416592,1334.2941514165918,1.5799999999999272
DC12-F64-1B9-1P,自动打磨,自动打磨N51,1334.2941514165918,1336.7254907816712,2.4313393650793387
DC12-F64-1B9-1P,桁架码垛,自动分拣N51,1336.7254907816712,1337.8954907816712,1.1700000000000728
DC12-F64-1B9-1S,分拣,自动分拣N51,1337.8954907816712,1339.4754907816712,1.5799999999999272
DC12-F64-1B9-1S,自动打磨,自动打磨N51,1339.4754907816712,1341.9068302261155,2.4313394444443475
DC12-F64-1B9-1S,桁架码垛,自动分拣N51,1341.9068302261155,1343.0768302261156,1.1700000000000728
DC12-F76-1B1-1P,分拣,自动分拣N51,1343.0768302261156,1344.6568302261155,1.5799999999999272
DC12-F76-1B1-1P,自动打磨,自动打磨N51,1344.6568302261155,1346.9307074483377,2.273877222222154
DC12-F76-1B1-1P,桁架码垛,自动分拣N51,1346.9307074483377,1348.1007074483377,1.1700000000000728
DC12-F76-1B10-1P,分拣,自动分拣N51,1348.1007074483377,1349.6807074483377,1.5799999999999272
DC12-F76-1B10-1P,自动打磨,自动打磨N51,1349.6807074483377,1352.0718812578614,2.391173809523707
DC12-F76-1B10-1P,桁架码垛,自动分拣N51,1352.0718812578614,1353.2418812578615,1.1700000000000728
DC12-F76-1B10-1S,分拣,自动分拣N51,1353.2418812578615,1354.8218812578614,1.5799999999999272
DC12-F76-1B10-1S,自动打磨,自动打磨N51,1354.8218812578614,1357.2130552261153,2.391173968253952
DC12-F76-1B10-1S,桁架码垛,自动分拣N51,1357.2130552261153,1358.3830552261154,1.1700000000000728
DC12-F76-1B11-1P,分拣,自动分拣N51,1358.3830552261154,1359.9630552261153,1.5799999999999272
DC12-F76-1B11-1P,自动打磨,自动打磨N51,1359.9630552261153,1361.9191110991312,1.9560558730158846
DC12-F76-1B11-1P,桁架码垛,自动分拣N51,1361.9191110991312,1363.0891110991313,1.1700000000000728
DC12-F76-1B11-1S,分拣,自动分拣N51,1363.0891110991313,1364.6691110991312,1.5799999999999272
DC12-F76-1B11-1S,自动打磨,自动打磨N51,1364.6691110991312,1366.625166972147,1.9560558730158846
DC12-F76-1B11-1S,桁架码垛,自动分拣N51,1366.625166972147,1367.7951669721472,1.1700000000000728
DC12-F76-1B8-1P,分拣,自动分拣N51,1367.7951669721472,1369.375166972147,1.5799999999999272
DC12-F76-1B8-1P,自动打磨,自动打磨N51,1369.375166972147,1371.8090569721471,2.4338900000000194
DC12-F76-1B8-1P,桁架码垛,自动分拣N51,1371.8090569721471,1372.9790569721472,1.1700000000000728
DC12-F76-1B9-1P,分拣,自动分拣N51,1372.9790569721472,1374.5590569721471,1.5799999999999272
DC12-F76-1B9-1P,自动打磨,自动打磨N51,1374.5590569721471,1376.980862924528,2.4218059523809643
DC12-F76-1B9-1P,桁架码垛,自动分拣N51,1376.980862924528,1378.1508629245282,1.1700000000000728
DC12-F76-1B9-1S,分拣,自动分拣N51,1378.1508629245282,1379.730862924528,1.5799999999999272
DC12-F76-1B9-1S,自动打磨,自动打磨N51,1379.730862924528,1382.152668876909,2.4218059523809643
DC12-F76-1B9-1S,桁架码垛,自动分拣N51,1382.152668876909,1383.3226688769091,1.1700000000000728
U02S-1343切割后的大件,天车吊运（胎架到成品区）,天车,1266.9727610087782,1271.9727610087782,5.0
DC12-AG-3P-1P,自由边打磨,人工打磨N21,1229.1651446584103,1230.494080402,1.3289357435896818
U02S-1338,天车空驶（胎架到原料区）,天车,1198.5125321410649,1206.5125321410649,8.0
U02S-1338,天车吊运（原料区到胎架）,天车,1206.5125321410649,1209.5125321410649,3.0
DC12-CG-3-1P,自由边打磨,人工打磨N21,1230.494080402,1231.883515376359,1.3894349743588918
DC12-CG-3-1S,自由边打磨,人工打磨N21,1231.883515376359,1233.2729503507178,1.3894349743588918
DC12-DG-3-1P,自由边打磨,人工打磨N21,1233.2729503507178,1234.6623853250767,1.3894349743588918
DC12-DG-3-1S,自由边打磨,人工打磨N21,1234.6623853250767,1236.0518202994356,1.3894349743588918
DC12-DG-1-1BP,分拣,自动分拣N21,1229.1651446584103,1230.7451446584103,1.5799999999999272
DC12-DG-1-1BP,自动打磨,自动打磨N21,1230.7451446584103,1232.2783179917435,1.5331733333332522
DC12-DG-1-1BP,桁架码垛,自动分拣N21,1232.2783179917435,1233.4483179917436,1.1700000000000728
DC12-DG-1-1BS,分拣,自动分拣N21,1233.4483179917436,1235.0283179917435,1.5799999999999272
DC12-DG-1-1BS,自动打磨,自动打磨N21,1235.0283179917435,1236.561491563172,1.533173571428506
DC12-DG-1-1BS,桁架码垛,自动分拣N21,1236.561491563172,1237.731491563172,1.1700000000000728
DC12-DG-1-2BP,分拣,自动分拣N21,1237.731491563172,1239.311491563172,1.5799999999999272
DC12-DG-1-2BP,自动打磨,自动打磨N21,1239.311491563172,1240.878543547299,1.5670519841269197
DC12-DG-1-2BP,桁架码垛,自动分拣N21,1240.878543547299,1242.048543547299,1.1700000000000728
DC12-DG-1-2BS,分拣,自动分拣N21,1242.048543547299,1243.628543547299,1.5799999999999272
DC12-DG-1-2BS,自动打磨,自动打磨N21,1243.628543547299,1245.1955954520608,1.567051904761911
DC12-DG-1-2BS,桁架码垛,自动分拣N21,1245.1955954520608,1246.365595452061,1.1700000000000728
DC12-DG-2-1BP,分拣,自动分拣N21,1246.365595452061,1247.9455954520608,1.5799999999999272
DC12-DG-2-1BP,自动打磨,自动打磨N21,1247.9455954520608,1249.5217732298386,1.5761777777777297
DC12-DG-2-1BP,桁架码垛,自动分拣N21,1249.5217732298386,1250.6917732298386,1.1700000000000728
DC12-DG-2-1BS,分拣,自动分拣N21,1250.6917732298386,1252.2717732298386,1.5799999999999272
DC12-DG-2-1BS,自动打磨,自动打磨N21,1252.2717732298386,1253.8479510076163,1.5761777777777297
DC12-DG-2-1BS,桁架码垛,自动分拣N21,1253.8479510076163,1255.0179510076164,1.1700000000000728
DC12-DG-2-2BP,分拣,自动分拣N21,1255.0179510076164,1256.5979510076163,1.5799999999999272
DC12-DG-2-2BP,自动打磨,自动打磨N21,1256.5979510076163,1258.1311244996798,1.5331734920634972
DC12-DG-2-2BP,桁架码垛,自动分拣N21,1258.1311244996798,1259.3011244996799,1.1700000000000728
DC12-DG-2-2BS,分拣,自动分拣N21,1259.3011244996799,1260.8811244996798,1.5799999999999272
DC12-DG-2-2BS,自动打磨,自动打磨N21,1260.8811244996798,1262.414297833013,1.5331733333332522
DC12-DG-2-2BS,桁架码垛,自动分拣N21,1262.414297833013,1263.5842978330131,1.1700000000000728
DC12-DG-2-3BP,分拣,自动分拣N21,1263.5842978330131,1265.164297833013,1.5799999999999272
DC12-DG-2-3BP,自动打磨,自动打磨N21,1265.164297833013,1266.6974712457115,1.5331734126984884
DC12-DG-2-3BP,桁架码垛,自动分拣N21,1266.6974712457115,1267.8674712457116,1.1700000000000728
DC12-DG-2-3BS,分拣,自动分拣N21,1267.8674712457116,1269.4474712457115,1.5799999999999272
DC12-DG-2-3BS,自动打磨,自动打磨N21,1269.4474712457115,1270.98064481714,1.533173571428506
DC12-DG-2-3BS,桁架码垛,自动分拣N21,1270.98064481714,1272.1506448171401,1.1700000000000728
DC12-F64-1B6-1P,分拣,自动分拣N21,1272.1506448171401,1273.73064481714,1.5799999999999272
DC12-F64-1B6-1P,自动打磨,自动打磨N21,1273.73064481714,1275.6291545790448,1.8985097619047338
DC12-F64-1B6-1P,桁架码垛,自动分拣N21,1275.6291545790448,1276.7991545790449,1.1700000000000728
DC12-F64-1B6-1S,分拣,自动分拣N21,1276.7991545790449,1278.3791545790448,1.5799999999999272
DC12-F64-1B6-1S,自动打磨,自动打磨N21,1278.3791545790448,1280.2776644203145,1.8985098412697425
DC12-F64-1B6-1S,桁架码垛,自动分拣N21,1280.2776644203145,1281.4476644203146,1.1700000000000728
DC12-F76-1B6-1P,分拣,自动分拣N21,1281.4476644203146,1283.0276644203145,1.5799999999999272
DC12-F76-1B6-1P,自动打磨,自动打磨N21,1283.0276644203145,1284.1025941822193,1.074929761904741
DC12-F76-1B6-1P,桁架码垛,自动分拣N21,1284.1025941822193,1285.2725941822193,1.1700000000000728
DC12-F76-1B6-1S,分拣,自动分拣N21,1285.2725941822193,1286.8525941822193,1.5799999999999272
DC12-F76-1B6-1S,自动打磨,自动打磨N21,1286.8525941822193,1287.927524023489,1.0749298412697499
DC12-F76-1B6-1S,桁架码垛,自动分拣N21,1287.927524023489,1289.097524023489,1.1700000000000728
U02S-1344切割后的大件,天车吊运（胎架到成品区）,天车,1236.0518202994356,1241.0518202994356,5.0
DC12-F70-1SP-1SP,自由边打磨,人工打磨N21,1271.8409373028571,1273.1447719695238,1.3038346666667167
U02S-1338切割后的大件,天车空驶（成品区到胎架）,天车,1271.9727610087782,1276.9727610087782,5.0
U02S-1338切割后的大件,天车吊运（胎架到坡口区）,天车,1276.9727610087782,1279.9727610087782,3.0
DC12-F70-1SP-1SP,人工坡口,人工坡口1,1279.9727610087782,1300.6160410087782,20.643280000000004
U02S-1338切割后的大件,天车吊运（坡口区到成品区）,天车,1300.6160410087782,1305.6160410087782,5.0
U02S-1348,天车空驶（胎架到原料区）,天车,1279.9727610087782,1287.9727610087782,8.0
U02S-1348,天车吊运（原料区到胎架）,天车,1287.9727610087782,1290.9727610087782,3.0
DC12-UD-1KSP-14BSP,分拣,自动分拣N21,1311.000212930638,1312.580212930638,1.5799999999999272
DC12-UD-1KSP-14BSP,自动打磨,自动打磨N21,1312.580212930638,1314.7068645179397,2.1266515873016942
DC12-UD-1KSP-14BSP,桁架码垛,自动分拣N21,1314.7068645179397,1315.8768645179398,1.1700000000000728
DC12-UD-1KSP-15BSP,分拣,自动分拣N21,1315.8768645179398,1317.4568645179397,1.5799999999999272
DC12-UD-1KSP-15BSP,自动打磨,自动打磨N21,1317.4568645179397,1319.5835161052414,2.1266515873016942
DC12-UD-1KSP-15BSP,桁架码垛,自动分拣N21,1319.5835161052414,1320.7535161052415,1.1700000000000728
DC12-UD-1KSP-16BSP,分拣,自动分拣N21,1320.7535161052415,1322.3335161052414,1.5799999999999272
DC12-UD-1KSP-16BSP,自动打磨,自动打磨N21,1322.3335161052414,1324.460167692543,2.1266515873016942
DC12-UD-1KSP-16BSP,桁架码垛,自动分拣N21,1324.460167692543,1325.6301676925432,1.1700000000000728
DC12-UD-1KSP-3BSP,分拣,自动分拣N21,1325.6301676925432,1327.210167692543,1.5799999999999272
DC12-UD-1KSP-3BSP,自动打磨,自动打磨N21,1327.210167692543,1329.3368192798448,2.1266515873016942
DC12-UD-1KSP-3BSP,桁架码垛,自动分拣N21,1329.3368192798448,1330.5068192798449,1.1700000000000728
DC12-UD-1KSP-4BSP,分拣,自动分拣N21,1330.5068192798449,1332.0868192798448,1.5799999999999272
DC12-UD-1KSP-4BSP,自动打磨,自动打磨N21,1332.0868192798448,1334.2134708671465,2.1266515873016942
DC12-UD-1KSP-4BSP,桁架码垛,自动分拣N21,1334.2134708671465,1335.3834708671466,1.1700000000000728
DC12-UD-1KSP-5BSP,分拣,自动分拣N21,1335.3834708671466,1336.9634708671465,1.5799999999999272
DC12-UD-1KSP-5BSP,自动打磨,自动打磨N21,1336.9634708671465,1339.0901224544482,2.1266515873016942
DC12-UD-1KSP-5BSP,桁架码垛,自动分拣N21,1339.0901224544482,1340.2601224544483,1.1700000000000728
U02S-1335,天车空驶（胎架到原料区）,天车,1290.9727610087782,1293.9727610087782,3.0
U02S-1335,天车吊运（原料区到胎架）,天车,1293.9727610087782,1296.9727610087782,3.0
DC12-UD-1KSP-10BSP,分拣,自动分拣N21,1370.7803940326316,1372.3603940326316,1.5799999999999272
DC12-UD-1KSP-10BSP,自动打磨,自动打磨N21,1372.3603940326316,1374.7914437945362,2.43104976190466
DC12-UD-1KSP-10BSP,桁架码垛,自动分拣N21,1374.7914437945362,1375.9614437945363,1.1700000000000728
DC12-UD-1KSP-8BSP,分拣,自动分拣N21,1375.9614437945363,1377.5414437945362,1.5799999999999272
DC12-UD-1KSP-8BSP,自动打磨,自动打磨N21,1377.5414437945362,1379.3406150643775,1.7991712698412812
DC12-UD-1KSP-8BSP,桁架码垛,自动分拣N21,1379.3406150643775,1380.5106150643776,1.1700000000000728
DC12-CHL-1E-1P,分拣,自动分拣N21,1380.5106150643776,1381.5106150643776,1.0
DC12-CHL-1E-1P,桁架至坡口工作站,自动分拣N21,1381.5106150643776,1382.6773150643776,1.1666999999999916
DC12-CHL-1E-1S,分拣,自动分拣N21,1382.6773150643776,1383.6773150643776,1.0
DC12-CHL-1E-1S,桁架至坡口工作站,自动分拣N21,1383.6773150643776,1384.8440150643776,1.1666999999999916
DC12-CHL-2E-1P,分拣,自动分拣N21,1384.8440150643776,1385.8440150643776,1.0
DC12-CHL-2E-1P,桁架至坡口工作站,自动分拣N21,1385.8440150643776,1387.0107150643776,1.1666999999999916
DC12-CHL-2E-1S,分拣,自动分拣N21,1387.0107150643776,1388.0107150643776,1.0
DC12-CHL-2E-1S,桁架至坡口工作站,自动分拣N21,1388.0107150643776,1389.1774150643776,1.1666999999999916
DC12-CHL-4E-1P,分拣,自动分拣N21,1389.1774150643776,1390.7574150643775,1.5799999999999272
DC12-CHL-4E-1P,自动打磨,自动打磨N21,1390.7574150643775,1392.7492179215203,1.9918028571428295
DC12-CHL-4E-1P,桁架至坡口工作站,自动分拣N21,1392.7492179215203,1393.9159179215203,1.1666999999999916
DC12-CHL-4E-1S,分拣,自动分拣N21,1393.9159179215203,1395.4959179215202,1.5799999999999272
DC12-CHL-4E-1S,自动打磨,自动打磨N21,1395.4959179215202,1397.487720619933,1.9918026984128119
DC12-CHL-4E-1S,桁架至坡口工作站,自动分拣N21,1397.487720619933,1398.654420619933,1.1666999999999916
DC12-CHL-6E-1P,分拣,自动分拣N21,1398.654420619933,1400.234420619933,1.5799999999999272
DC12-CHL-6E-1P,自动打磨,自动打磨N21,1400.234420619933,1402.0036987151711,1.7692780952381781
DC12-CHL-6E-1P,桁架至坡口工作站,自动分拣N21,1402.0036987151711,1403.1703987151711,1.1666999999999916
DC12-CHL-6E-1S,分拣,自动分拣N21,1403.1703987151711,1404.750398715171,1.5799999999999272
DC12-CHL-6E-1S,自动打磨,自动打磨N21,1404.750398715171,1406.519676731044,1.769278015872942
DC12-CHL-6E-1S,桁架至坡口工作站,自动分拣N21,1406.519676731044,1407.686376731044,1.1666999999999916
U02S-1340,天车空驶（胎架到原料区）,天车,1102.8433814373539,1105.8433814373539,3.0
U02S-1340,天车吊运（原料区到胎架）,天车,1105.8433814373539,1108.8433814373539,3.0
DC12-AG-1-1P,自由边打磨,人工打磨N51,1343.6810188385368,1346.4374581205882,2.7564392820513604
U02S-1339,天车空驶（胎架到原料区）,天车,1334.2601224544483,1337.2601224544483,3.0
U02S-1339,天车吊运（原料区到胎架）,天车,1337.2601224544483,1340.2601224544483,3.0
DC12-AG-1-1S,自由边打磨,人工打磨N51,1346.4374581205882,1349.1938974026395,2.7564392820513604
DC12-AG-2-1P,自由边打磨,人工打磨N51,1349.1938974026395,1352.4661962744344,3.2722988717948738
DC12-AG-2-1S,自由边打磨,人工打磨N51,1352.4661962744344,1355.738496018024,3.272299743589656
DC12-F64-1B1-1P,分拣,自动分拣N51,1383.3226688769091,1384.902668876909,1.5799999999999272
DC12-F64-1B1-1P,自动打磨,自动打磨N51,1384.902668876909,1387.1855661784964,2.2828973015873544
DC12-F64-1B1-1P,桁架码垛,自动分拣N51,1387.1855661784964,1388.3555661784965,1.1700000000000728
DC12-F64-1B1-1S,分拣,自动分拣N51,1388.3555661784965,1389.9355661784964,1.5799999999999272
DC12-F64-1B1-1S,自动打磨,自动打磨N51,1389.9355661784964,1392.2184631626235,2.282896984127092
DC12-F64-1B1-1S,桁架码垛,自动分拣N51,1392.2184631626235,1393.3884631626236,1.1700000000000728
DC12-F64-1B2-1P,分拣,自动分拣N51,1393.3884631626236,1394.9684631626235,1.5799999999999272
DC12-F64-1B2-1P,自动打磨,自动打磨N51,1394.9684631626235,1397.4284719721472,2.4600088095237425
DC12-F64-1B2-1P,桁架码垛,自动分拣N51,1397.4284719721472,1398.5984719721473,1.1700000000000728
DC12-F64-1B2-1S,分拣,自动分拣N51,1398.5984719721473,1400.1784719721472,1.5799999999999272
DC12-F64-1B2-1S,自动打磨,自动打磨N51,1400.1784719721472,1402.6384808610362,2.4600088888889786
DC12-F64-1B2-1S,桁架码垛,自动分拣N51,1402.6384808610362,1403.8084808610363,1.1700000000000728
DC12-F64-1B3-1P,分拣,自动分拣N51,1403.8084808610363,1405.3884808610362,1.5799999999999272
DC12-F64-1B3-1P,自动打磨,自动打磨N51,1405.3884808610362,1408.0837622102426,2.695281349206425
DC12-F64-1B3-1P,桁架码垛,自动分拣N51,1408.0837622102426,1409.2537622102427,1.1700000000000728
DC12-F64-1B3-1S,分拣,自动分拣N51,1409.2537622102427,1410.8337622102426,1.5799999999999272
DC12-F64-1B3-1S,自动打磨,自动打磨N51,1410.8337622102426,1413.529043559449,2.695281349206425
DC12-F64-1B3-1S,桁架码垛,自动分拣N51,1413.529043559449,1414.6990435594491,1.1700000000000728
DC12-F76-1B1-1S,分拣,自动分拣N51,1414.6990435594491,1416.279043559449,1.5799999999999272
DC12-F76-1B1-1S,自动打磨,自动打磨N51,1416.279043559449,1418.5529207816712,2.273877222222154
DC12-F76-1B1-1S,桁架码垛,自动分拣N51,1418.5529207816712,1419.7229207816713,1.1700000000000728
DC12-F76-1B2-1P,分拣,自动分拣N51,1419.7229207816713,1421.3029207816712,1.5799999999999272
DC12-F76-1B2-1P,自动打磨,自动打磨N51,1421.3029207816712,1423.7530382419886,2.450117460317415
DC12-F76-1B2-1P,桁架码垛,自动分拣N51,1423.7530382419886,1424.9230382419887,1.1700000000000728
DC12-F76-1B2-1S,分拣,自动分拣N51,1424.9230382419887,1426.5030382419886,1.5799999999999272
DC12-F76-1B2-1S,自动打磨,自动打磨N51,1426.5030382419886,1428.9531559404013,2.4501176984126687
DC12-F76-1B2-1S,桁架码垛,自动分拣N51,1428.9531559404013,1430.1231559404014,1.1700000000000728
DC12-F76-1B3-1P,分拣,自动分拣N51,1430.1231559404014,1431.7031559404013,1.5799999999999272
DC12-F76-1B3-1P,自动打磨,自动打磨N51,1431.7031559404013,1434.3862320515125,2.683076111111177
DC12-F76-1B3-1P,桁架码垛,自动分拣N51,1434.3862320515125,1435.5562320515126,1.1700000000000728
DC12-F76-1B3-1S,分拣,自动分拣N51,1435.5562320515126,1437.1362320515125,1.5799999999999272
DC12-F76-1B3-1S,自动打磨,自动打磨N51,1437.1362320515125,1439.8193080832584,2.683076031745941
DC12-F76-1B3-1S,桁架码垛,自动分拣N51,1439.8193080832584,1440.9893080832585,1.1700000000000728
U02S-1340切割后的大件,天车吊运（胎架到坡口区）,天车,1355.738496018024,1358.738496018024,3.0
DC12-AG-1-1P,人工坡口,人工坡口1,1358.738496018024,1360.3994080180241,1.660912000000053
DC12-AG-1-1S,人工坡口,人工坡口1,1360.3994080180241,1362.0603200180242,1.660912000000053
DC12-AG-2-1P,人工坡口,人工坡口1,1362.0603200180242,1365.554240018024,3.493919999999889
DC12-AG-2-1S,人工坡口,人工坡口1,1365.554240018024,1369.048160018024,3.493919999999889
U02S-1340切割后的大件,天车吊运（坡口区到成品区）,天车,1369.048160018024,1374.048160018024,5.0
DC12-F64-1KSP-1SP,自由边打磨,人工打磨N21,1405.1452414108132,1405.628563308249,0.4833218974358715
DC12-F64-1KSP-2SP,自由边打磨,人工打磨N21,1405.628563308249,1406.111885154403,0.4833218461537854
DC12-F76-1KSP-1SP,自由边打磨,人工打磨N21,1406.111885154403,1406.5952070005567,0.4833218461537854
DC12-F76-1KSP-2SP,自由边打磨,人工打磨N21,1406.5952070005567,1407.0785288467105,0.4833218461537854
U02S-1339切割后的大件,天车空驶（成品区到胎架）,天车,1402.0785288467105,1407.0785288467105,5.0
U02S-1339切割后的大件,天车吊运（胎架到坡口区）,天车,1407.0785288467105,1410.0785288467105,3.0
DC12-F64-1KSP-1SP,人工坡口,人工坡口1,1410.0785288467105,1416.8785568467106,6.800028000000111
DC12-F64-1KSP-2SP,人工坡口,人工坡口1,1416.8785568467106,1423.6585848467105,6.780027999999902
DC12-F76-1KSP-1SP,人工坡口,人工坡口1,1423.6585848467105,1430.3822808467105,6.723696000000018
DC12-F76-1KSP-2SP,人工坡口,人工坡口1,1430.3822808467105,1437.1259768467105,6.743696
U02S-1339切割后的大件,天车吊运（坡口区到成品区）,天车,1437.1259768467105,1442.1259768467105,5.0
U02S-1336,天车空驶（胎架到原料区）,天车,1410.0785288467105,1418.0785288467105,8.0
U02S-1336,天车吊运（原料区到胎架）,天车,1418.0785288467105,1421.0785288467105,3.0
DC12-F64-1B4W-1P,分拣,自动分拣N21,1466.2643443346021,1467.844344334602,1.5799999999999272
DC12-F64-1B4W-1P,自动打磨,自动打磨N21,1467.844344334602,1470.0426898107926,2.198345476190525
DC12-F64-1B4W-1P,桁架至坡口工作站,自动分拣N21,1470.0426898107926,1471.2093898107926,1.1666999999999916
DC12-F64-1B4W-1S,分拣,自动分拣N21,1471.2093898107926,1472.7893898107925,1.5799999999999272
DC12-F64-1B4W-1S,自动打磨,自动打磨N21,1472.7893898107925,1474.987735286983,2.198345476190525
DC12-F64-1B4W-1S,桁架至坡口工作站,自动分拣N21,1474.987735286983,1476.154435286983,1.1666999999999916
DC12-F64-1B5W-1P,分拣,自动分拣N21,1476.154435286983,1477.734435286983,1.5799999999999272
DC12-F64-1B5W-1P,自动打磨,自动打磨N21,1477.734435286983,1479.931270128253,2.196834841269947
DC12-F64-1B5W-1P,桁架至坡口工作站,自动分拣N21,1479.931270128253,1481.0979701282529,1.1666999999999916
DC12-F64-1B5W-1S,分拣,自动分拣N21,1481.0979701282529,1482.6779701282528,1.5799999999999272
DC12-F64-1B5W-1S,自动打磨,自动打磨N21,1482.6779701282528,1484.8748049695228,2.196834841269947
DC12-F64-1B5W-1S,桁架至坡口工作站,自动分拣N21,1484.8748049695228,1486.0415049695227,1.1666999999999916
DC12-F76-1B4W-1P,分拣,自动分拣N21,1486.0415049695227,1487.6215049695227,1.5799999999999272
DC12-F76-1B4W-1P,自动打磨,自动打磨N21,1487.6215049695227,1489.812340445713,2.1908354761903865
DC12-F76-1B4W-1P,桁架至坡口工作站,自动分拣N21,1489.812340445713,1490.979040445713,1.1666999999999916
DC12-F76-1B4W-1S,分拣,自动分拣N21,1490.979040445713,1492.559040445713,1.5799999999999272
DC12-F76-1B4W-1S,自动打磨,自动打磨N21,1492.559040445713,1494.7498758425384,2.1908353968253778
DC12-F76-1B4W-1S,桁架至坡口工作站,自动分拣N21,1494.7498758425384,1495.9165758425384,1.1666999999999916
DC12-F76-1B5W-1P,分拣,自动分拣N21,1495.9165758425384,1497.4965758425383,1.5799999999999272
DC12-F76-1B5W-1P,自动打磨,自动打磨N21,1497.4965758425383,1499.68588258857,2.1893067460316615
DC12-F76-1B5W-1P,桁架至坡口工作站,自动分拣N21,1499.68588258857,1500.85258258857,1.1666999999999916
DC12-F76-1B5W-1S,分拣,自动分拣N21,1500.85258258857,1502.4325825885699,1.5799999999999272
DC12-F76-1B5W-1S,自动打磨,自动打磨N21,1502.4325825885699,1504.6218894139668,2.1893068253968977
DC12-F76-1B5W-1S,桁架至坡口工作站,自动分拣N21,1504.6218894139668,1505.7885894139667,1.1666999999999916
U02S-1342,天车空驶（胎架到原料区）,天车,1421.0785288467105,1424.0785288467105,3.0
U02S-1342,天车吊运（原料区到胎架）,天车,1424.0785288467105,1427.0785288467105,3.0
U02B-1334,天车空驶（胎架到原料区）,天车,1377.3226688769091,1380.3226688769091,3.0
U02B-1334,天车吊运（原料区到胎架）,天车,1380.3226688769091,1383.3226688769091,3.0
U02S-1342切割后的大件,天车吊运（胎架到成品区）,天车,1526.9208385581678,1531.9208385581678,5.0
U02B-1334切割后的大件,天车空驶（成品区到胎架）,天车,1427.0785288467105,1432.0785288467105,5.0
U02B-1334切割后的大件,天车吊运（胎架到成品区）,天车,1432.0785288467105,1437.0785288467105,5.0
U02B-1332,天车空驶（胎架到原料区）,天车,1442.1259768467105,1450.1259768467105,8.0
U02B-1332,天车吊运（原料区到胎架）,天车,1450.1259768467105,1453.1259768467105,3.0
DC12-UD-1KSP-1SP,自由边打磨,人工打磨N51,1484.3030135850936,1490.9729227132987,6.669909128205063
U02B-1332切割后的大件,天车吊运（胎架到成品区）,天车,1490.9729227132987,1495.9729227132987,5.0
U02B-1333,天车空驶（胎架到原料区）,天车,1495.9729227132987,1503.9729227132987,8.0
U02B-1333,天车吊运（原料区到胎架）,天车,1503.9729227132987,1506.9729227132987,3.0
DC12-UD-1KSP-2SP,自由边打磨,人工打磨N21,1563.3699228255932,1566.406001594824,3.0360787692306985
U02S-1337,天车空驶（胎架到原料区）,天车,1453.1259768467105,1456.1259768467105,3.0
U02S-1337,天车吊运（原料区到胎架）,天车,1456.1259768467105,1459.1259768467105,3.0
U02B-1333切割后的大件,天车吊运（胎架到成品区）,天车,1566.406001594824,1571.406001594824,5.0
DC12-F69-1SP-1SP,自由边打磨,人工打磨N51,1527.4689187295403,1528.772753396207,1.3038346666667167
U02S-1337切割后的大件,天车空驶（成品区到胎架）,天车,1531.9208385581678,1536.9208385581678,5.0
U02S-1337切割后的大件,天车吊运（胎架到坡口区）,天车,1536.9208385581678,1539.9208385581678,3.0
DC12-F69-1SP-1SP,人工坡口,人工坡口1,1539.9208385581678,1560.5441185581678,20.623280000000022
U02S-1337切割后的大件,天车吊运（坡口区到成品区）,天车,1560.5441185581678,1565.5441185581678,5.0
U02A-1331,天车空驶（胎架到原料区）,天车,1539.9208385581678,1547.9208385581678,8.0
U02A-1331,天车吊运（原料区到胎架）,天车,1547.9208385581678,1550.9208385581678,3.0
U02A-1330,天车空驶（胎架到原料区）,天车,1506.9729227132987,1509.9729227132987,3.0
U02A-1330,天车吊运（原料区到胎架）,天车,1509.9729227132987,1512.9729227132987,3.0
U02A-1331切割后的大件,天车吊运（胎架到成品区）,天车,1620.0441487595026,1625.0441487595026,5.0
T63S-4089,天车空驶（胎架到原料区）,天车,1571.406001594824,1579.406001594824,8.0
T63S-4089,天车吊运（原料区到胎架）,天车,1579.406001594824,1582.406001594824,3.0
U02A-1330切割后的大件,天车吊运（胎架到成品区）,天车,1584.3387028943241,1589.3387028943241,5.0
STA238FC-F240-1SP-4SP,分拣,自动分拣N21,1639.3823053356116,1640.3823053356116,1.0
STA238FC-F240-1SP-4SP,桁架至坡口工作站,自动分拣N21,1640.3823053356116,1641.5490053356116,1.1666999999999916
STA238FC-F240-1SP-6SP,分拣,自动分拣N21,1641.5490053356116,1642.5490053356116,1.0
STA238FC-F240-1SP-6SP,桁架至坡口工作站,自动分拣N21,1642.5490053356116,1643.7157053356116,1.1666999999999916
STA238FC-F240-3-1P,分拣,自动分拣N21,1643.7157053356116,1644.7157053356116,1.0
STA238FC-F240-3-1P,桁架至坡口工作站,自动分拣N21,1644.7157053356116,1645.8824053356116,1.1666999999999916
STA238FC-F240-3-1S,分拣,自动分拣N21,1645.8824053356116,1646.8824053356116,1.0
STA238FC-F240-3-1S,桁架至坡口工作站,自动分拣N21,1646.8824053356116,1648.0491053356116,1.1666999999999916
STA238FC-F240-4P-1P,分拣,自动分拣N21,1648.0491053356116,1649.0491053356116,1.0
STA238FC-F240-4P-1P,桁架至坡口工作站,自动分拣N21,1649.0491053356116,1650.2158053356115,1.1666999999999916
T63S-4097,天车空驶（胎架到原料区）,天车,1625.0441487595026,1633.0441487595026,8.0
T63S-4097,天车吊运（原料区到胎架）,天车,1633.0441487595026,1636.0441487595026,3.0
STA238FC-P1-1B1-1P,分拣,自动分拣N21,1662.786042458847,1664.366042458847,1.5799999999999272
STA238FC-P1-1B1-1P,自动打磨,自动打磨N21,1664.366042458847,1666.7719419826565,2.4058995238094667
STA238FC-P1-1B1-1P,桁架码垛,自动分拣N21,1666.7719419826565,1667.9419419826565,1.1700000000000728
STA238FC-P1-1B1-1S,分拣,自动分拣N21,1667.9419419826565,1669.5219419826565,1.5799999999999272
STA238FC-P1-1B1-1S,自动打磨,自动打磨N21,1669.5219419826565,1671.927841506466,2.4058995238094667
STA238FC-P1-1B1-1S,桁架码垛,自动分拣N21,1671.927841506466,1673.097841506466,1.1700000000000728
STA238FC-P1-1B2-1P,分拣,自动分拣N21,1673.097841506466,1674.677841506466,1.5799999999999272
STA238FC-P1-1B2-1P,自动打磨,自动打磨N21,1674.677841506466,1676.516371585831,1.8385300793650003
STA238FC-P1-1B2-1P,桁架码垛,自动分拣N21,1676.516371585831,1677.686371585831,1.1700000000000728
STA238FC-P1-1B2-1S,分拣,自动分拣N21,1677.686371585831,1679.266371585831,1.5799999999999272
STA238FC-P1-1B2-1S,自动打磨,自动打磨N21,1679.266371585831,1681.104901585831,1.8385299999999916
STA238FC-P1-1B2-1S,桁架码垛,自动分拣N21,1681.104901585831,1682.274901585831,1.1700000000000728
STA238FC-P1-1-1P,分拣,自动分拣N21,1682.274901585831,1683.854901585831,1.5799999999999272
STA238FC-P1-1-1P,自动打磨,自动打磨N21,1683.854901585831,1686.0733608715452,2.218459285714289
STA238FC-P1-1-1P,桁架码垛,自动分拣N21,1686.0733608715452,1687.2433608715453,1.1700000000000728
STA238FC-P1-1-1S,分拣,自动分拣N21,1687.2433608715453,1688.8233608715452,1.5799999999999272
STA238FC-P1-1-1S,自动打磨,自动打磨N21,1688.8233608715452,1691.0418201572595,2.218459285714289
STA238FC-P1-1-1S,桁架码垛,自动分拣N21,1691.0418201572595,1692.2118201572596,1.1700000000000728
STA238FC-P1-1F1-2P,分拣,自动分拣N21,1692.2118201572596,1693.7918201572595,1.5799999999999272
STA238FC-P1-1F1-2P,自动打磨,自动打磨N21,1693.7918201572595,1698.345614760434,4.553794603174538
STA238FC-P1-1F1-2P,桁架码垛,自动分拣N21,1698.345614760434,1699.5156147604341,1.1700000000000728
STA238FC-P1-1F1-2S,分拣,自动分拣N21,1699.5156147604341,1701.095614760434,1.5799999999999272
STA238FC-P1-1F1-2S,自动打磨,自动打磨N21,1701.095614760434,1705.6494093636086,4.553794603174538
STA238FC-P1-1F1-2S,桁架码垛,自动分拣N21,1705.6494093636086,1706.8194093636087,1.1700000000000728
T63S-4101,天车空驶（胎架到原料区）,天车,1550.9208385581678,1553.9208385581678,3.0
T63S-4101,天车吊运（原料区到胎架）,天车,1553.9208385581678,1556.9208385581678,3.0
STA238FC-F238-1SP-1BSP,分拣,自动分拣N51,1613.0885431057898,1614.6685431057897,1.5799999999999272
STA238FC-F238-1SP-1BSP,自动打磨,自动打磨N51,1614.6685431057897,1617.2192091375357,2.5506660317460046
STA238FC-F238-1SP-1BSP,桁架码垛,自动分拣N51,1617.2192091375357,1618.3892091375358,1.1700000000000728
STA238FC-F238-1SP-2BSP,分拣,自动分拣N51,1618.3892091375358,1619.9692091375357,1.5799999999999272
STA238FC-F238-1SP-2BSP,自动打磨,自动打磨N51,1619.9692091375357,1622.5198752486467,2.5506661111110134
STA238FC-F238-1SP-2BSP,桁架码垛,自动分拣N51,1622.5198752486467,1623.6898752486468,1.1700000000000728
STA238FC-F238-1SP-3BSP,分拣,自动分拣N51,1623.6898752486468,1625.2698752486467,1.5799999999999272
STA238FC-F238-1SP-3BSP,自动打磨,自动打磨N51,1625.2698752486467,1627.8205413597577,2.5506661111110134
STA238FC-F238-1SP-3BSP,桁架码垛,自动分拣N51,1627.8205413597577,1628.9905413597578,1.1700000000000728
STA238FC-F238-1SP-4BSP,分拣,自动分拣N51,1628.9905413597578,1630.5705413597577,1.5799999999999272
STA238FC-F238-1SP-4BSP,自动打磨,自动打磨N51,1630.5705413597577,1633.1212074708687,2.5506661111110134
STA238FC-F238-1SP-4BSP,桁架码垛,自动分拣N51,1633.1212074708687,1634.2912074708688,1.1700000000000728
STA238FC-F240-1SP-1BSP,分拣,自动分拣N51,1634.2912074708688,1635.8712074708687,1.5799999999999272
STA238FC-F240-1SP-1BSP,自动打磨,自动打磨N51,1635.8712074708687,1638.4218735026147,2.5506660317460046
STA238FC-F240-1SP-1BSP,桁架码垛,自动分拣N51,1638.4218735026147,1639.5918735026148,1.1700000000000728
STA238FC-F240-1SP-2BSP,分拣,自动分拣N51,1639.5918735026148,1641.1718735026147,1.5799999999999272
STA238FC-F240-1SP-2BSP,自动打磨,自动打磨N51,1641.1718735026147,1643.7225396137258,2.5506661111110134
STA238FC-F240-1SP-2BSP,桁架码垛,自动分拣N51,1643.7225396137258,1644.8925396137258,1.1700000000000728
STA238FC-F240-1SP-3BSP,分拣,自动分拣N51,1644.8925396137258,1646.4725396137258,1.5799999999999272
STA238FC-F240-1SP-3BSP,自动打磨,自动打磨N51,1646.4725396137258,1649.0232056454718,2.5506660317460046
STA238FC-F240-1SP-3BSP,桁架码垛,自动分拣N51,1649.0232056454718,1650.1932056454718,1.1700000000000728
STA238FC-F240-1SP-4BSP,分拣,自动分拣N51,1650.1932056454718,1651.7732056454718,1.5799999999999272
STA238FC-F240-1SP-4BSP,自动打磨,自动打磨N51,1651.7732056454718,1654.3238717565828,2.5506661111110134
STA238FC-F240-1SP-4BSP,桁架码垛,自动分拣N51,1654.3238717565828,1655.4938717565828,1.1700000000000728
STA238FC-F240-1SP-5BSP,分拣,自动分拣N51,1655.4938717565828,1657.0738717565828,1.5799999999999272
STA238FC-F240-1SP-5BSP,自动打磨,自动打磨N51,1657.0738717565828,1659.6047440581701,2.530872301587351
STA238FC-F240-1SP-5BSP,桁架码垛,自动分拣N51,1659.6047440581701,1660.7747440581702,1.1700000000000728
STA238FC-F240-1SP-6BSP,分拣,自动分拣N51,1660.7747440581702,1662.3547440581701,1.5799999999999272
STA238FC-F240-1SP-6BSP,自动打磨,自动打磨N51,1662.3547440581701,1664.8856165184875,2.5308724603173687
STA238FC-F240-1SP-6BSP,桁架码垛,自动分拣N51,1664.8856165184875,1666.0556165184876,1.1700000000000728
STA238FC-F240-1SP-7BSP,分拣,自动分拣N51,1666.0556165184876,1667.6356165184875,1.5799999999999272
STA238FC-F240-1SP-7BSP,自动打磨,自动打磨N51,1667.6356165184875,1670.1664888200748,2.530872301587351
STA238FC-F240-1SP-7BSP,桁架码垛,自动分拣N51,1670.1664888200748,1671.336488820075,1.1700000000000728
STA238FC-F240-1SP-8BSP,分拣,自动分拣N51,1671.336488820075,1672.9164888200748,1.5799999999999272
STA238FC-F240-1SP-8BSP,自动打磨,自动打磨N51,1672.9164888200748,1675.4473612010272,2.53087238095236
STA238FC-F240-1SP-8BSP,桁架码垛,自动分拣N51,1675.4473612010272,1676.6173612010273,1.1700000000000728
STA238FC-AG-1-1P,分拣,自动分拣N51,1676.6173612010273,1678.1973612010272,1.5799999999999272
STA238FC-AG-1-1P,自动打磨,自动打磨N51,1678.1973612010272,1680.7257977089637,2.528436507936476
STA238FC-AG-1-1P,桁架码垛,自动分拣N51,1680.7257977089637,1681.8957977089638,1.1700000000000728
STA238FC-AG-1-1S,分拣,自动分拣N51,1681.8957977089638,1683.4757977089637,1.5799999999999272
STA238FC-AG-1-1S,自动打磨,自动打磨N51,1683.4757977089637,1686.0042342169002,2.528436507936476
STA238FC-AG-1-1S,桁架码垛,自动分拣N51,1686.0042342169002,1687.1742342169002,1.1700000000000728
STA238FC-CG-1-1P,分拣,自动分拣N51,1687.1742342169002,1688.7542342169002,1.5799999999999272
STA238FC-CG-1-1P,自动打磨,自动打磨N51,1688.7542342169002,1691.2826707248366,2.528436507936476
STA238FC-CG-1-1P,桁架码垛,自动分拣N51,1691.2826707248366,1692.4526707248367,1.1700000000000728
STA238FC-CG-1-1S,分拣,自动分拣N51,1692.4526707248367,1694.0326707248366,1.5799999999999272
STA238FC-CG-1-1S,自动打磨,自动打磨N51,1694.0326707248366,1696.561107232773,2.528436507936476
STA238FC-CG-1-1S,桁架码垛,自动分拣N51,1696.561107232773,1697.7311072327732,1.1700000000000728
T63S-4095,天车空驶（胎架到原料区）,天车,1644.2158053356115,1647.2158053356115,3.0
T63S-4095,天车吊运（原料区到胎架）,天车,1647.2158053356115,1650.2158053356115,3.0
STA238FC-R1-1B1-1P,分拣,自动分拣N21,1706.8194093636087,1708.3994093636086,1.5799999999999272
STA238FC-R1-1B1-1P,自动打磨,自动打磨N21,1708.3994093636086,1709.9098712683706,1.5104619047619963
STA238FC-R1-1B1-1P,桁架码垛,自动分拣N21,1709.9098712683706,1711.0798712683707,1.1700000000000728
STA238FC-R1-1B1-1S,分拣,自动分拣N21,1711.0798712683707,1712.6598712683706,1.5799999999999272
STA238FC-R1-1B1-1S,自动打磨,自动打磨N21,1712.6598712683706,1714.1703339667833,1.5104626984127663
STA238FC-R1-1B1-1S,桁架码垛,自动分拣N21,1714.1703339667833,1715.3403339667834,1.1700000000000728
STA238FC-R1-1B2-1P,分拣,自动分拣N21,1715.3403339667834,1716.9203339667833,1.5799999999999272
STA238FC-R1-1B2-1P,自动打磨,自动打磨N21,1716.9203339667833,1718.4307965064659,1.5104625396825213
STA238FC-R1-1B2-1P,桁架码垛,自动分拣N21,1718.4307965064659,1719.600796506466,1.1700000000000728
STA238FC-R1-1B2-1S,分拣,自动分拣N21,1719.600796506466,1721.1807965064659,1.5799999999999272
STA238FC-R1-1B2-1S,自动打磨,自动打磨N21,1721.1807965064659,1722.6912592048786,1.5104626984127663
STA238FC-R1-1B2-1S,桁架码垛,自动分拣N21,1722.6912592048786,1723.8612592048787,1.1700000000000728
STA238FC-R1-2B1P-1P,分拣,自动分拣N21,1723.8612592048787,1725.4412592048786,1.5799999999999272
STA238FC-R1-2B1P-1P,自动打磨,自动打磨N21,1725.4412592048786,1726.9426953953548,1.50143619047617
STA238FC-R1-2B1P-1P,桁架码垛,自动分拣N21,1726.9426953953548,1728.1126953953549,1.1700000000000728
STA238FC-R1-2B2P-1P,分拣,自动分拣N21,1728.1126953953549,1729.6926953953548,1.5799999999999272
STA238FC-R1-2B2P-1P,自动打磨,自动打磨N21,1729.6926953953548,1731.194131665196,1.5014362698411787
STA238FC-R1-2B2P-1P,桁架码垛,自动分拣N21,1731.194131665196,1732.364131665196,1.1700000000000728
STA238FC-R1-3B1P-1P,分拣,自动分拣N21,1732.364131665196,1733.944131665196,1.5799999999999272
STA238FC-R1-3B1P-1P,自动打磨,自动打磨N21,1733.944131665196,1735.4455679350372,1.5014362698411787
STA238FC-R1-3B1P-1P,桁架码垛,自动分拣N21,1735.4455679350372,1736.6155679350372,1.1700000000000728
STA238FC-R1-3B2P-1P,分拣,自动分拣N21,1736.6155679350372,1738.1955679350372,1.5799999999999272
STA238FC-R1-3B2P-1P,自动打磨,自动打磨N21,1738.1955679350372,1739.6970042048783,1.5014362698411787
STA238FC-R1-3B2P-1P,桁架码垛,自动分拣N21,1739.6970042048783,1740.8670042048784,1.1700000000000728
STA238FC-R1-4B1P-1P,分拣,自动分拣N21,1740.8670042048784,1742.4470042048783,1.5799999999999272
STA238FC-R1-4B1P-1P,自动打磨,自动打磨N21,1742.4470042048783,1743.9484403953545,1.50143619047617
STA238FC-R1-4B1P-1P,桁架码垛,自动分拣N21,1743.9484403953545,1745.1184403953546,1.1700000000000728
STA238FC-R1-4B2P-1P,分拣,自动分拣N21,1745.1184403953546,1746.6984403953545,1.5799999999999272
STA238FC-R1-4B2P-1P,自动打磨,自动打磨N21,1746.6984403953545,1748.1998766651957,1.5014362698411787
STA238FC-R1-4B2P-1P,桁架码垛,自动分拣N21,1748.1998766651957,1749.3698766651958,1.1700000000000728
STA238FC-R1-5B1-1P,分拣,自动分拣N21,1749.3698766651958,1750.9498766651957,1.5799999999999272
STA238FC-R1-5B1-1P,自动打磨,自动打磨N21,1750.9498766651957,1752.4590456334497,1.5091689682540164
STA238FC-R1-5B1-1P,桁架码垛,自动分拣N21,1752.4590456334497,1753.6290456334498,1.1700000000000728
STA238FC-R1-5B1-1S,分拣,自动分拣N21,1753.6290456334498,1755.2090456334497,1.5799999999999272
STA238FC-R1-5B1-1S,自动打磨,自动打磨N21,1755.2090456334497,1756.7182146017037,1.5091689682540164
STA238FC-R1-5B1-1S,桁架码垛,自动分拣N21,1756.7182146017037,1757.8882146017038,1.1700000000000728
STA238FC-R1-5B2-1P,分拣,自动分拣N21,1757.8882146017038,1759.4682146017037,1.5799999999999272
STA238FC-R1-5B2-1P,自动打磨,自动打磨N21,1759.4682146017037,1760.9773835699577,1.5091689682540164
STA238FC-R1-5B2-1P,桁架码垛,自动分拣N21,1760.9773835699577,1762.1473835699578,1.1700000000000728
STA238FC-R1-5B2-1S,分拣,自动分拣N21,1762.1473835699578,1763.7273835699577,1.5799999999999272
STA238FC-R1-5B2-1S,自动打磨,自动打磨N21,1763.7273835699577,1765.2365525382118,1.5091689682540164
STA238FC-R1-5B2-1S,桁架码垛,自动分拣N21,1765.2365525382118,1766.4065525382118,1.1700000000000728
STA238FC-R1-6B1-1P,分拣,自动分拣N21,1766.4065525382118,1767.9865525382118,1.5799999999999272
STA238FC-R1-6B1-1P,自动打磨,自动打磨N21,1767.9865525382118,1769.4957214271005,1.5091688888887802
STA238FC-R1-6B1-1P,桁架码垛,自动分拣N21,1769.4957214271005,1770.6657214271006,1.1700000000000728
STA238FC-R1-6B1-1S,分拣,自动分拣N21,1770.6657214271006,1772.2457214271005,1.5799999999999272
STA238FC-R1-6B1-1S,自动打磨,自动打磨N21,1772.2457214271005,1773.7548904747196,1.5091690476190252
STA238FC-R1-6B1-1S,桁架码垛,自动分拣N21,1773.7548904747196,1774.9248904747196,1.1700000000000728
STA238FC-R1-6B2-1P,分拣,自动分拣N21,1774.9248904747196,1776.5048904747196,1.5799999999999272
STA238FC-R1-6B2-1P,自动打磨,自动打磨N21,1776.5048904747196,1778.0140594429736,1.5091689682540164
STA238FC-R1-6B2-1P,桁架码垛,自动分拣N21,1778.0140594429736,1779.1840594429736,1.1700000000000728
STA238FC-R1-6B2-1S,分拣,自动分拣N21,1779.1840594429736,1780.7640594429736,1.5799999999999272
STA238FC-R1-6B2-1S,自动打磨,自动打磨N21,1780.7640594429736,1782.2732284905926,1.5091690476190252
STA238FC-R1-6B2-1S,桁架码垛,自动分拣N21,1782.2732284905926,1783.4432284905927,1.1700000000000728
STA238FC-R1-7B1S-1S,分拣,自动分拣N21,1783.4432284905927,1785.0232284905926,1.5799999999999272
STA238FC-R1-7B1S-1S,自动打磨,自动打磨N21,1785.0232284905926,1786.5323974588466,1.5091689682540164
STA238FC-R1-7B1S-1S,桁架码垛,自动分拣N21,1786.5323974588466,1787.7023974588467,1.1700000000000728
STA238FC-R1-7B2S-1S,分拣,自动分拣N21,1787.7023974588467,1789.2823974588466,1.5799999999999272
STA238FC-R1-7B2S-1S,自动打磨,自动打磨N21,1789.2823974588466,1790.7915665064656,1.5091690476190252
STA238FC-R1-7B2S-1S,桁架码垛,自动分拣N21,1790.7915665064656,1791.9615665064657,1.1700000000000728
STA238FC-R1-8B1S-1S,分拣,自动分拣N21,1791.9615665064657,1793.5415665064656,1.5799999999999272
STA238FC-R1-8B1S-1S,自动打磨,自动打磨N21,1793.5415665064656,1795.0462190461483,1.5046525396826382
STA238FC-R1-8B1S-1S,桁架码垛,自动分拣N21,1795.0462190461483,1796.2162190461484,1.1700000000000728
STA238FC-R1-8B2S-1S,分拣,自动分拣N21,1796.2162190461484,1797.7962190461483,1.5799999999999272
STA238FC-R1-8B2S-1S,自动打磨,自动打磨N21,1797.7962190461483,1799.3008715064657,1.504652460317402
STA238FC-R1-8B2S-1S,桁架码垛,自动分拣N21,1799.3008715064657,1800.4708715064658,1.1700000000000728
STA238FC-R1-9B1S-1S,分拣,自动分拣N21,1800.4708715064658,1802.0508715064657,1.5799999999999272
STA238FC-R1-9B1S-1S,自动打磨,自动打磨N21,1802.0508715064657,1803.5555240461483,1.5046525396826382
STA238FC-R1-9B1S-1S,桁架码垛,自动分拣N21,1803.5555240461483,1804.7255240461484,1.1700000000000728
STA238FC-R1-9B2S-1S,分拣,自动分拣N21,1804.7255240461484,1806.3055240461483,1.5799999999999272
STA238FC-R1-9B2S-1S,自动打磨,自动打磨N21,1806.3055240461483,1807.8101765064657,1.504652460317402
STA238FC-R1-9B2S-1S,桁架码垛,自动分拣N21,1807.8101765064657,1808.9801765064658,1.1700000000000728
T63S-4102,天车空驶（胎架到原料区）,天车,1589.3387028943241,1592.3387028943241,3.0
T63S-4102,天车吊运（原料区到胎架）,天车,1592.3387028943241,1595.3387028943241,3.0
STA238FC-ADD-1SP-1SP,自由边打磨,人工打磨N51,1649.1016983279835,1654.66307699465,5.561378666666542
T63S-4102切割后的大件,天车吊运（胎架到成品区）,天车,1654.66307699465,1659.66307699465,5.0
T63S-4099,天车空驶（胎架到原料区）,天车,1695.8194093636087,1703.8194093636087,8.0
T63S-4099,天车吊运（原料区到胎架）,天车,1703.8194093636087,1706.8194093636087,3.0
STA238FC-F240-1SP-1SP,自由边打磨,人工打磨N21,1743.2650589197206,1744.2918344069,1.0267754871795205
T63S-4098,天车空驶（胎架到原料区）,天车,1659.66307699465,1662.66307699465,3.0
T63S-4098,天车吊运（原料区到胎架）,天车,1662.66307699465,1665.66307699465,3.0
T63S-4099切割后的大件,天车吊运（胎架到成品区）,天车,1744.2918344069,1749.2918344069,5.0
STA238FC-F238-1SP-1SP,自由边打磨,人工打磨N51,1702.1166939809987,1703.1434694681782,1.0267754871795205
T63S-4098切割后的大件,天车空驶（成品区到胎架）,天车,1706.8194093636087,1711.8194093636087,5.0
T63S-4098切割后的大件,天车吊运（胎架到成品区）,天车,1711.8194093636087,1716.8194093636087,5.0
T63S-4094,天车空驶（胎架到原料区）,天车,1716.8194093636087,1724.8194093636087,8.0
T63S-4094,天车吊运（原料区到胎架）,天车,1724.8194093636087,1727.8194093636087,3.0
STA238FC-F240-1SP-2SP,分拣,自动分拣N51,1772.1225404433696,1773.7025404433696,1.5799999999999272
STA238FC-F240-1SP-2SP,自动打磨,自动打磨N51,1773.7025404433696,1775.0163392528934,1.3137988095238597
STA238FC-F240-1SP-2SP,桁架码垛,自动分拣N51,1775.0163392528934,1776.1863392528935,1.1700000000000728
STA238FC-F240-1SP-3SP,自由边打磨,人工打磨N51,1772.1225404433696,1778.3451369561901,6.222596512820473
T63S-4093,天车空驶（胎架到原料区）,天车,1749.2918344069,1752.2918344069,3.0
T63S-4093,天车吊运（原料区到胎架）,天车,1752.2918344069,1755.2918344069,3.0
STA238FC-F240-1SP-5SP,分拣,自动分拣N51,1776.1863392528935,1777.7663392528934,1.5799999999999272
STA238FC-F240-1SP-5SP,自动打磨,自动打磨N51,1777.7663392528934,1778.7663392528934,1.0
STA238FC-F240-1SP-5SP,桁架码垛,自动分拣N51,1778.7663392528934,1779.9363392528935,1.1700000000000728
T63S-4094切割后的大件,天车吊运（胎架到成品区）,天车,1778.3451369561901,1783.3451369561901,5.0
STA238FC-F238-1SP-2SP,自由边打磨,人工打磨N21,1802.5784351995678,1808.40923150726,5.830796307692253
T63S-4100,天车空驶（胎架到原料区）,天车,1727.8194093636087,1735.8194093636087,8.0
T63S-4100,天车吊运（原料区到胎架）,天车,1735.8194093636087,1738.8194093636087,3.0
T63S-4093切割后的大件,天车吊运（胎架到成品区）,天车,1808.40923150726,1813.40923150726,5.0
STA238FC-F238-CG1-1P,分拣,自动分拣N51,1821.137766159346,1822.717766159346,1.5799999999999272
STA238FC-F238-CG1-1P,自动打磨,自动打磨N51,1822.717766159346,1823.9607630641078,1.242996904761867
STA238FC-F238-CG1-1P,桁架码垛,自动分拣N51,1823.9607630641078,1825.130763064108,1.1700000000000728
STA238FC-F238-CG1-1S,分拣,自动分拣N51,1825.130763064108,1826.7107630641078,1.5799999999999272
STA238FC-F238-CG1-1S,自动打磨,自动打磨N51,1826.7107630641078,1827.9537598895047,1.2429968253968582
STA238FC-F238-CG1-1S,桁架码垛,自动分拣N51,1827.9537598895047,1829.1237598895048,1.1700000000000728
STA238FC-F238-CG1D1-1P,分拣,自动分拣N51,1829.1237598895048,1830.7037598895047,1.5799999999999272
STA238FC-F238-CG1D1-1P,自动打磨,自动打磨N51,1830.7037598895047,1832.9137024291872,2.2099425396825154
STA238FC-F238-CG1D1-1P,桁架码垛,自动分拣N51,1832.9137024291872,1834.0837024291873,1.1700000000000728
STA238FC-F238-CG1D1-1S,分拣,自动分拣N51,1834.0837024291873,1835.6637024291872,1.5799999999999272
STA238FC-F238-CG1D1-1S,自动打磨,自动打磨N51,1835.6637024291872,1837.8736449688697,2.2099425396825154
STA238FC-F238-CG1D1-1S,桁架码垛,自动分拣N51,1837.8736449688697,1839.0436449688698,1.1700000000000728
STA238FC-F238-CG2-1P,分拣,自动分拣N51,1839.0436449688698,1840.6236449688697,1.5799999999999272
STA238FC-F238-CG2-1P,自动打磨,自动打磨N51,1840.6236449688697,1841.8666417942666,1.2429968253968582
STA238FC-F238-CG2-1P,桁架码垛,自动分拣N51,1841.8666417942666,1843.0366417942666,1.1700000000000728
STA238FC-F238-CG2-1S,分拣,自动分拣N51,1843.0366417942666,1844.6166417942666,1.5799999999999272
STA238FC-F238-CG2-1S,自动打磨,自动打磨N51,1844.6166417942666,1845.8596386990284,1.242996904761867
STA238FC-F238-CG2-1S,桁架码垛,自动分拣N51,1845.8596386990284,1847.0296386990285,1.1700000000000728
STA238FC-F238-CG2D1-1P,分拣,自动分拣N51,1847.0296386990285,1848.6096386990284,1.5799999999999272
STA238FC-F238-CG2D1-1P,自动打磨,自动打磨N51,1848.6096386990284,1850.819581159346,2.2099424603175066
STA238FC-F238-CG2D1-1P,桁架码垛,自动分拣N51,1850.819581159346,1851.989581159346,1.1700000000000728
STA238FC-F238-CG2D1-1S,分拣,自动分拣N51,1851.989581159346,1853.569581159346,1.5799999999999272
STA238FC-F238-CG2D1-1S,自动打磨,自动打磨N51,1853.569581159346,1855.7795236990285,2.2099425396825154
STA238FC-F238-CG2D1-1S,桁架码垛,自动分拣N51,1855.7795236990285,1856.9495236990285,1.1700000000000728
STA238FC-F238-CG3-1P,分拣,自动分拣N51,1856.9495236990285,1858.5295236990285,1.5799999999999272
STA238FC-F238-CG3-1P,自动打磨,自动打磨N51,1858.5295236990285,1859.7725205244253,1.2429968253968582
STA238FC-F238-CG3-1P,桁架码垛,自动分拣N51,1859.7725205244253,1860.9425205244254,1.1700000000000728
STA238FC-F238-CG3-1S,分拣,自动分拣N51,1860.9425205244254,1862.5225205244253,1.5799999999999272
STA238FC-F238-CG3-1S,自动打磨,自动打磨N51,1862.5225205244253,1863.7655174291872,1.242996904761867
STA238FC-F238-CG3-1S,桁架码垛,自动分拣N51,1863.7655174291872,1864.9355174291873,1.1700000000000728
STA238FC-F238-CG3D1-1P,分拣,自动分拣N51,1864.9355174291873,1866.5155174291872,1.5799999999999272
STA238FC-F238-CG3D1-1P,自动打磨,自动打磨N51,1866.5155174291872,1868.7254599688697,2.2099425396825154
STA238FC-F238-CG3D1-1P,桁架码垛,自动分拣N51,1868.7254599688697,1869.8954599688698,1.1700000000000728
STA238FC-F238-CG3D1-1S,分拣,自动分拣N51,1869.8954599688698,1871.4754599688697,1.5799999999999272
STA238FC-F238-CG3D1-1S,自动打磨,自动打磨N51,1871.4754599688697,1873.6854024291872,2.2099424603175066
STA238FC-F238-CG3D1-1S,桁架码垛,自动分拣N51,1873.6854024291872,1874.8554024291873,1.1700000000000728
STA238FC-F238-CG4D1SP-1S,分拣,自动分拣N51,1874.8554024291873,1876.4354024291872,1.5799999999999272
STA238FC-F238-CG4D1SP-1S,自动打磨,自动打磨N51,1876.4354024291872,1878.6453449688697,2.2099425396825154
STA238FC-F238-CG4D1SP-1S,桁架码垛,自动分拣N51,1878.6453449688697,1879.8153449688698,1.1700000000000728
STA238FC-F238-CG4SP-1SP,分拣,自动分拣N51,1879.8153449688698,1881.3953449688697,1.5799999999999272
STA238FC-F238-CG4SP-1SP,自动打磨,自动打磨N51,1881.3953449688697,1882.6383418736316,1.242996904761867
STA238FC-F238-CG4SP-1SP,桁架码垛,自动分拣N51,1882.6383418736316,1883.8083418736317,1.1700000000000728
STA238FC-F240-CG1-1P,分拣,自动分拣N51,1883.8083418736317,1885.3883418736316,1.5799999999999272
STA238FC-F240-CG1-1P,自动打磨,自动打磨N51,1885.3883418736316,1886.6313386990284,1.2429968253968582
STA238FC-F240-CG1-1P,桁架码垛,自动分拣N51,1886.6313386990284,1887.8013386990285,1.1700000000000728
STA238FC-F240-CG1-1S,分拣,自动分拣N51,1887.8013386990285,1889.3813386990284,1.5799999999999272
STA238FC-F240-CG1-1S,自动打磨,自动打磨N51,1889.3813386990284,1890.6243356037903,1.242996904761867
STA238FC-F240-CG1-1S,桁架码垛,自动分拣N51,1890.6243356037903,1891.7943356037904,1.1700000000000728
STA238FC-F240-CG1D1-1P,分拣,自动分拣N51,1891.7943356037904,1893.3743356037903,1.5799999999999272
STA238FC-F240-CG1D1-1P,自动打磨,自动打磨N51,1893.3743356037903,1895.5842780641078,2.2099424603175066
STA238FC-F240-CG1D1-1P,桁架码垛,自动分拣N51,1895.5842780641078,1896.754278064108,1.1700000000000728
STA238FC-F240-CG1D1-1S,分拣,自动分拣N51,1896.754278064108,1898.3342780641078,1.5799999999999272
STA238FC-F240-CG1D1-1S,自动打磨,自动打磨N51,1898.3342780641078,1900.5442206037903,2.2099425396825154
STA238FC-F240-CG1D1-1S,桁架码垛,自动分拣N51,1900.5442206037903,1901.7142206037904,1.1700000000000728
STA238FC-F240-CG2-1P,分拣,自动分拣N51,1901.7142206037904,1903.2942206037903,1.5799999999999272
STA238FC-F240-CG2-1P,自动打磨,自动打磨N51,1903.2942206037903,1904.5372174291872,1.2429968253968582
STA238FC-F240-CG2-1P,桁架码垛,自动分拣N51,1904.5372174291872,1905.7072174291873,1.1700000000000728
STA238FC-F240-CG2-1S,分拣,自动分拣N51,1905.7072174291873,1907.2872174291872,1.5799999999999272
STA238FC-F240-CG2-1S,自动打磨,自动打磨N51,1907.2872174291872,1908.530214333949,1.242996904761867
STA238FC-F240-CG2-1S,桁架码垛,自动分拣N51,1908.530214333949,1909.7002143339491,1.1700000000000728
STA238FC-F240-CG2D1-1P,分拣,自动分拣N51,1909.7002143339491,1911.280214333949,1.5799999999999272
STA238FC-F240-CG2D1-1P,自动打磨,自动打磨N51,1911.280214333949,1913.4901568736316,2.2099425396825154
STA238FC-F240-CG2D1-1P,桁架码垛,自动分拣N51,1913.4901568736316,1914.6601568736316,1.1700000000000728
STA238FC-F240-CG2D1-1S,分拣,自动分拣N51,1914.6601568736316,1916.2401568736316,1.5799999999999272
STA238FC-F240-CG2D1-1S,自动打磨,自动打磨N51,1916.2401568736316,1918.450099413314,2.2099425396825154
STA238FC-F240-CG2D1-1S,桁架码垛,自动分拣N51,1918.450099413314,1919.6200994133142,1.1700000000000728
STA238FC-F240-CG3-1P,分拣,自动分拣N51,1919.6200994133142,1921.200099413314,1.5799999999999272
STA238FC-F240-CG3-1P,自动打磨,自动打磨N51,1921.200099413314,1922.443096318076,1.242996904761867
STA238FC-F240-CG3-1P,桁架码垛,自动分拣N51,1922.443096318076,1923.613096318076,1.1700000000000728
STA238FC-F240-CG3-1S,分拣,自动分拣N51,1923.613096318076,1925.193096318076,1.5799999999999272
STA238FC-F240-CG3-1S,自动打磨,自动打磨N51,1925.193096318076,1926.4360931434728,1.2429968253968582
STA238FC-F240-CG3-1S,桁架码垛,自动分拣N51,1926.4360931434728,1927.606093143473,1.1700000000000728
STA238FC-F240-CG3D1-1P,分拣,自动分拣N51,1927.606093143473,1929.1860931434728,1.5799999999999272
STA238FC-F240-CG3D1-1P,自动打磨,自动打磨N51,1929.1860931434728,1931.3960356831553,2.2099425396825154
STA238FC-F240-CG3D1-1P,桁架码垛,自动分拣N51,1931.3960356831553,1932.5660356831554,1.1700000000000728
STA238FC-F240-CG3D1-1S,分拣,自动分拣N51,1932.5660356831554,1934.1460356831553,1.5799999999999272
STA238FC-F240-CG3D1-1S,自动打磨,自动打磨N51,1934.1460356831553,1936.3559781434728,2.2099424603175066
STA238FC-F240-CG3D1-1S,桁架码垛,自动分拣N51,1936.3559781434728,1937.525978143473,1.1700000000000728
STA238FC-F240-CG4D1SP-1S,分拣,自动分拣N51,1937.525978143473,1939.1059781434728,1.5799999999999272
STA238FC-F240-CG4D1SP-1S,自动打磨,自动打磨N51,1939.1059781434728,1941.3159206831554,2.2099425396825154
STA238FC-F240-CG4D1SP-1S,桁架码垛,自动分拣N51,1941.3159206831554,1942.4859206831554,1.1700000000000728
STA238FC-F240-CG4SP-1SP,分拣,自动分拣N51,1942.4859206831554,1944.0659206831554,1.5799999999999272
STA238FC-F240-CG4SP-1SP,自动打磨,自动打磨N51,1944.0659206831554,1945.3089175879172,1.242996904761867
STA238FC-F240-CG4SP-1SP,桁架码垛,自动分拣N51,1945.3089175879172,1946.4789175879173,1.1700000000000728
STA238FC-F238A-2P-1P,分拣,自动分拣N51,1946.4789175879173,1948.0589175879172,1.5799999999999272
STA238FC-F238A-2P-1P,自动打磨,自动打磨N51,1948.0589175879172,1951.4076934609332,3.3487758730159385
STA238FC-F238A-2P-1P,桁架码垛,自动分拣N51,1951.4076934609332,1952.5776934609332,1.1700000000000728
STA238FC-F238A-3SP-1SP,分拣,自动分拣N51,1952.5776934609332,1954.1576934609332,1.5799999999999272
STA238FC-F238A-3SP-1SP,自动打磨,自动打磨N51,1954.1576934609332,1956.5603817942665,2.4026883333333444
STA238FC-F238A-3SP-1SP,桁架码垛,自动分拣N51,1956.5603817942665,1957.7303817942666,1.1700000000000728
STA238FC-F238A-4S-1S,分拣,自动分拣N51,1957.7303817942666,1959.3103817942665,1.5799999999999272
STA238FC-F238A-4S-1S,自动打磨,自动打磨N51,1959.3103817942665,1962.6641437783935,3.3537619841270043
STA238FC-F238A-4S-1S,桁架码垛,自动分拣N51,1962.6641437783935,1963.8341437783936,1.1700000000000728
STA238FC-F240A-1SP-1SP,分拣,自动分拣N51,1963.8341437783936,1965.4141437783935,1.5799999999999272
STA238FC-F240A-1SP-1SP,自动打磨,自动打磨N51,1965.4141437783935,1968.2224844926793,2.808340714285805
STA238FC-F240A-1SP-1SP,桁架码垛,自动分拣N51,1968.2224844926793,1969.3924844926794,1.1700000000000728
STA238FC-F240A-2P-1P,分拣,自动分拣N51,1969.3924844926794,1970.9724844926793,1.5799999999999272
STA238FC-F240A-2P-1P,自动打磨,自动打磨N51,1970.9724844926793,1974.3212605244253,3.348776031745956
STA238FC-F240A-2P-1P,桁架码垛,自动分拣N51,1974.3212605244253,1975.4912605244253,1.1700000000000728
STA238FC-F240A-4S-1S,分拣,自动分拣N51,1975.4912605244253,1977.0712605244253,1.5799999999999272
STA238FC-F240A-4S-1S,自动打磨,自动打磨N51,1977.0712605244253,1980.4250224291873,3.3537619047619955
STA238FC-F240A-4S-1S,桁架码垛,自动分拣N51,1980.4250224291873,1981.5950224291873,1.1700000000000728
STA238FC-R3-1B1P-1P,分拣,自动分拣N51,1981.5950224291873,1983.1750224291873,1.5799999999999272
STA238FC-R3-1B1P-1P,自动打磨,自动打磨N51,1983.1750224291873,1985.3537834609333,2.178761031746035
STA238FC-R3-1B1P-1P,桁架码垛,自动分拣N51,1985.3537834609333,1986.5237834609334,1.1700000000000728
T63S-4103,天车空驶（胎架到原料区）,天车,1813.40923150726,1821.40923150726,8.0
T63S-4103,天车吊运（原料区到胎架）,天车,1821.40923150726,1824.40923150726,3.0
STA238FC-BG-1-1P,自由边打磨,人工打磨N21,1875.7011590695936,1879.4037320952345,3.702573025640959
T63S-4088,天车空驶（胎架到原料区）,天车,1783.3451369561901,1786.3451369561901,3.0
T63S-4088,天车吊运（原料区到胎架）,天车,1786.3451369561901,1789.3451369561901,3.0
STA238FC-BG-1-1S,自由边打磨,人工打磨N21,1879.4037320952345,1882.961308505491,3.557576410256388
STA238FC-MG-1SP-1SP,自由边打磨,人工打磨N21,1882.961308505491,1886.4074712747217,3.4461627692307957
STA238FC-BG-2WP-2P,分拣,自动分拣N21,1875.7011590695936,1877.2811590695935,1.5799999999999272
STA238FC-BG-2WP-2P,自动打磨,自动打磨N21,1877.2811590695935,1880.0946158949903,2.81345682539677
STA238FC-BG-2WP-2P,桁架码垛,自动分拣N21,1880.0946158949903,1881.2646158949904,1.1700000000000728
STA238FC-BG-3WS-2S,分拣,自动分拣N21,1881.2646158949904,1882.8446158949903,1.5799999999999272
STA238FC-BG-3WS-2S,自动打磨,自动打磨N21,1882.8446158949903,1885.658072720387,2.81345682539677
STA238FC-BG-3WS-2S,桁架码垛,自动分拣N21,1885.658072720387,1886.8280727203871,1.1700000000000728
STA238FC-MG-2WSP-2SP,分拣,自动分拣N21,1886.8280727203871,1888.408072720387,1.5799999999999272
STA238FC-MG-2WSP-2SP,自动打磨,自动打磨N21,1888.408072720387,1891.2215295457838,2.81345682539677
STA238FC-MG-2WSP-2SP,桁架码垛,自动分拣N21,1891.2215295457838,1892.391529545784,1.1700000000000728
T63S-4103切割后的大件,天车吊运（胎架到成品区）,天车,1886.4074712747217,1891.4074712747217,5.0
STA238FC-F238A-3SP-2SP,分拣,自动分拣N51,1986.5237834609334,1988.1037834609333,1.5799999999999272
STA238FC-F238A-3SP-2SP,自动打磨,自动打磨N51,1988.1037834609333,1990.091549095854,1.9877656349206063
STA238FC-F238A-3SP-2SP,桁架码垛,自动分拣N51,1990.091549095854,1991.261549095854,1.1700000000000728
STA238FC-F240-5S-1S,分拣,自动分拣N51,1991.261549095854,1992.841549095854,1.5799999999999272
STA238FC-F240-5S-1S,自动打磨,自动打磨N51,1992.841549095854,1993.841549095854,1.0
STA238FC-F240-5S-1S,桁架码垛,自动分拣N51,1993.841549095854,1995.011549095854,1.1700000000000728
STA238FC-F238A-1P-1P,分拣,自动分拣N51,1995.011549095854,1996.591549095854,1.5799999999999272
STA238FC-F238A-1P-1P,自动打磨,自动打磨N51,1996.591549095854,1999.032119175219,2.4405700793649885
STA238FC-F238A-1P-1P,桁架码垛,自动分拣N51,1999.032119175219,2000.202119175219,1.1700000000000728
T63S-4091,天车空驶（胎架到原料区）,天车,1824.40923150726,1832.40923150726,8.0
T63S-4091,天车吊运（原料区到胎架）,天车,1832.40923150726,1835.40923150726,3.0
STA238FC-P1-1F1-1P,分拣,自动分拣N21,1897.377630173878,1898.957630173878,1.5799999999999272
STA238FC-P1-1F1-1P,自动打磨,自动打磨N21,1898.957630173878,1902.8908988246717,3.933268650793707
STA238FC-P1-1F1-1P,桁架码垛,自动分拣N21,1902.8908988246717,1904.0608988246718,1.1700000000000728
STA238FC-P1-1F1-1S,分拣,自动分拣N21,1904.0608988246718,1905.6408988246717,1.5799999999999272
STA238FC-P1-1F1-1S,自动打磨,自动打磨N21,1905.6408988246717,1909.5741675548304,3.9332687301587157
STA238FC-P1-1F1-1S,桁架码垛,自动分拣N21,1909.5741675548304,1910.7441675548305,1.1700000000000728
STA238FC-P1-1F1-3P,分拣,自动分拣N21,1910.7441675548305,1912.3241675548304,1.5799999999999272
STA238FC-P1-1F1-3P,自动打磨,自动打磨N21,1912.3241675548304,1914.5987707294337,2.2746031746032713
STA238FC-P1-1F1-3P,桁架码垛,自动分拣N21,1914.5987707294337,1915.7687707294338,1.1700000000000728
STA238FC-P1-1F1-3S,分拣,自动分拣N21,1915.7687707294338,1917.3487707294337,1.5799999999999272
STA238FC-P1-1F1-3S,自动打磨,自动打磨N21,1917.3487707294337,1919.623373904037,2.2746031746032713
STA238FC-P1-1F1-3S,桁架码垛,自动分拣N21,1919.623373904037,1920.793373904037,1.1700000000000728
T63S-4096,天车空驶（胎架到原料区）,天车,1980.5237834609334,1983.5237834609334,3.0
T63S-4096,天车吊运（原料区到胎架）,天车,1983.5237834609334,1986.5237834609334,3.0
STA238FC-AG-2P-1P,分拣,自动分拣N51,2023.744950348715,2025.324950348715,1.5799999999999272
STA238FC-AG-2P-1P,自动打磨,自动打磨N51,2025.324950348715,2027.5823029677626,2.2573526190476514
STA238FC-AG-2P-1P,桁架码垛,自动分拣N51,2027.5823029677626,2028.7523029677627,1.1700000000000728
STA238FC-AG-3S-1S,分拣,自动分拣N51,2028.7523029677627,2030.3323029677626,1.5799999999999272
STA238FC-AG-3S-1S,自动打磨,自动打磨N51,2030.3323029677626,2032.598101221731,2.2657982539683417
STA238FC-AG-3S-1S,桁架码垛,自动分拣N51,2032.598101221731,2033.768101221731,1.1700000000000728
STA238FC-BG-2WP-1P,分拣,自动分拣N51,2033.768101221731,2035.348101221731,1.5799999999999272
STA238FC-BG-2WP-1P,自动打磨,自动打磨N51,2035.348101221731,2036.348101221731,1.0
STA238FC-BG-2WP-1P,桁架码垛,自动分拣N51,2036.348101221731,2037.518101221731,1.1700000000000728
STA238FC-BG-3WS-1S,分拣,自动分拣N51,2037.518101221731,2039.098101221731,1.5799999999999272
STA238FC-BG-3WS-1S,自动打磨,自动打磨N51,2039.098101221731,2040.098101221731,1.0
STA238FC-BG-3WS-1S,桁架码垛,自动分拣N51,2040.098101221731,2041.268101221731,1.1700000000000728
STA238FC-CG-2-1P,分拣,自动分拣N51,2041.268101221731,2042.848101221731,1.5799999999999272
STA238FC-CG-2-1P,自动打磨,自动打磨N51,2042.848101221731,2045.1156597931595,2.2675585714284807
STA238FC-CG-2-1P,桁架码垛,自动分拣N51,2045.1156597931595,2046.2856597931595,1.1700000000000728
STA238FC-CG-2-1S,分拣,自动分拣N51,2046.2856597931595,2047.8656597931595,1.5799999999999272
STA238FC-CG-2-1S,自动打磨,自动打磨N51,2047.8656597931595,2050.133218364588,2.267558571428708
STA238FC-CG-2-1S,桁架码垛,自动分拣N51,2050.133218364588,2051.3032183645882,1.1700000000000728
STA238FC-MG-2WSP-1SP,分拣,自动分拣N51,2051.3032183645882,2052.883218364588,1.5799999999999272
STA238FC-MG-2WSP-1SP,自动打磨,自动打磨N51,2052.883218364588,2053.883218364588,1.0
STA238FC-MG-2WSP-1SP,桁架码垛,自动分拣N51,2053.883218364588,2055.0532183645882,1.1700000000000728
T63S-4086,天车空驶（胎架到原料区）,天车,1891.4074712747217,1894.4074712747217,3.0
T63S-4086,天车吊运（原料区到胎架）,天车,1894.4074712747217,1897.4074712747217,3.0
STA238FC-TOP-1SP-2SP,自由边打磨,人工打磨N21,1931.3356746823392,1938.675428528493,7.339753846153826
T63S-4086切割后的大件,天车吊运（胎架到成品区）,天车,1938.675428528493,1943.675428528493,5.0
T63S-4092,天车空驶（胎架到原料区）,天车,1989.202119175219,1997.202119175219,8.0
T63S-4092,天车吊运（原料区到胎架）,天车,1997.202119175219,2000.202119175219,3.0
STA238FC-S1-1B1-1P,分拣,自动分拣N51,2069.8802382971653,2071.4602382971652,1.5799999999999272
STA238FC-S1-1B1-1P,自动打磨,自动打磨N51,2071.4602382971652,2072.7111583765304,1.2509200793651871
STA238FC-S1-1B1-1P,桁架码垛,自动分拣N51,2072.7111583765304,2073.8811583765305,1.1700000000000728
STA238FC-S1-1B1-1S,分拣,自动分拣N51,2073.8811583765305,2075.4611583765304,1.5799999999999272
STA238FC-S1-1B1-1S,自动打磨,自动打磨N51,2075.4611583765304,2076.7120784558956,1.2509200793651871
STA238FC-S1-1B1-1S,桁架码垛,自动分拣N51,2076.7120784558956,2077.8820784558957,1.1700000000000728
STA238FC-S1-2B1-1P,分拣,自动分拣N51,2077.8820784558957,2079.4620784558956,1.5799999999999272
STA238FC-S1-2B1-1P,自动打磨,自动打磨N51,2079.4620784558956,2080.712998535261,1.2509200793651871
STA238FC-S1-2B1-1P,桁架码垛,自动分拣N51,2080.712998535261,2081.882998535261,1.1700000000000728
STA238FC-R2-1B1P-1P,分拣,自动分拣N51,2081.882998535261,2083.462998535261,1.5799999999999272
STA238FC-R2-1B1P-1P,自动打磨,自动打磨N51,2083.462998535261,2084.964434805102,1.5014362698411787
STA238FC-R2-1B1P-1P,桁架码垛,自动分拣N51,2084.964434805102,2086.134434805102,1.1700000000000728
STA238FC-R2-1B2P-1P,分拣,自动分拣N51,2086.134434805102,2087.714434805102,1.5799999999999272
STA238FC-R2-1B2P-1P,自动打磨,自动打磨N51,2087.714434805102,2089.215871074943,1.5014362698411787
STA238FC-R2-1B2P-1P,桁架码垛,自动分拣N51,2089.215871074943,2090.385871074943,1.1700000000000728
STA238FC-R2-2B1WS-1S,分拣,自动分拣N51,2090.385871074943,2091.965871074943,1.5799999999999272
STA238FC-R2-2B1WS-1S,自动打磨,自动打磨N51,2091.965871074943,2093.4758779797053,1.5100069047621218
STA238FC-R2-2B1WS-1S,桁架码垛,自动分拣N51,2093.4758779797053,2094.6458779797053,1.1700000000000728
STA238FC-R2-2B2WS-1S,分拣,自动分拣N51,2094.6458779797053,2096.2258779797053,1.5799999999999272
STA238FC-R2-2B2WS-1S,自动打磨,自动打磨N51,2096.2258779797053,2097.7358842495464,1.510006269841142
STA238FC-R2-2B2WS-1S,桁架码垛,自动分拣N51,2097.7358842495464,2098.9058842495465,1.1700000000000728
STA238FC-R2-3B1S-1S,分拣,自动分拣N51,2098.9058842495465,2100.4858842495464,1.5799999999999272
STA238FC-R2-3B1S-1S,自动打磨,自动打磨N51,2100.4858842495464,2101.990536709864,1.5046524603176294
STA238FC-R2-3B1S-1S,桁架码垛,自动分拣N51,2101.990536709864,2103.160536709864,1.1700000000000728
STA238FC-R2-3B2S-1S,分拣,自动分拣N51,2103.160536709864,2104.740536709864,1.5799999999999272
STA238FC-R2-3B2S-1S,自动打磨,自动打磨N51,2104.740536709864,2106.2451891701817,1.5046524603176294
STA238FC-R2-3B2S-1S,桁架码垛,自动分拣N51,2106.2451891701817,2107.4151891701817,1.1700000000000728
STA238FC-TOP-1SP-1SP,自由边打磨,人工打磨N51,2069.8802382971653,2071.175376143319,1.2951378461539207
T63S-4855,天车空驶（胎架到原料区）,天车,1914.793373904037,1917.793373904037,3.0
T63S-4855,天车吊运（原料区到胎架）,天车,1917.793373904037,1920.793373904037,3.0
STA238FC-TOP-1SP-3SP,自由边打磨,人工打磨N51,2071.175376143319,2072.470513989473,1.2951378461539207
T63S-4092切割后的大件,天车吊运（胎架到坡口区）,天车,2072.470513989473,2075.470513989473,3.0
STA238FC-TOP-1SP-1SP,人工坡口,人工坡口1,2075.470513989473,2091.640957989473,16.17044399999986
STA238FC-TOP-1SP-3SP,人工坡口,人工坡口1,2091.640957989473,2107.831401989473,16.190443999999843
T63S-4092切割后的大件,天车吊运（坡口区到成品区）,天车,2107.831401989473,2112.831401989473,5.0
STA238FC-F238-1B1P-1P,分拣,自动分拣N21,1936.8083729400503,1938.3883729400502,1.5799999999999272
STA238FC-F238-1B1P-1P,自动打磨,自动打磨N21,1938.3883729400502,1939.7588651622725,1.3704922222223104
STA238FC-F238-1B1P-1P,桁架码垛,自动分拣N21,1939.7588651622725,1940.9288651622726,1.1700000000000728
STA238FC-F238-1B2WS-1S,分拣,自动分拣N21,1940.9288651622726,1942.5088651622725,1.5799999999999272
STA238FC-F238-1B2WS-1S,自动打磨,自动打磨N21,1942.5088651622725,1943.8810888924313,1.3722237301587938
STA238FC-F238-1B2WS-1S,桁架码垛,自动分拣N21,1943.8810888924313,1945.0510888924314,1.1700000000000728
STA238FC-F240-1B1P-1P,分拣,自动分拣N21,1945.0510888924314,1946.6310888924313,1.5799999999999272
STA238FC-F240-1B1P-1P,自动打磨,自动打磨N21,1946.6310888924313,1948.0015811940186,1.3704923015873192
STA238FC-F240-1B1P-1P,桁架码垛,自动分拣N21,1948.0015811940186,1949.1715811940187,1.1700000000000728
STA238FC-F240-1B2WS-1S,分拣,自动分拣N21,1949.1715811940187,1950.7515811940186,1.5799999999999272
STA238FC-F240-1B2WS-1S,自动打磨,自动打磨N21,1950.7515811940186,1952.1238049241774,1.3722237301587938
STA238FC-F240-1B2WS-1S,桁架码垛,自动分拣N21,1952.1238049241774,1953.2938049241775,1.1700000000000728
T63S-4090,天车空驶（胎架到原料区）,天车,1943.675428528493,1951.675428528493,8.0
T63S-4090,天车吊运（原料区到胎架）,天车,1951.675428528493,1954.675428528493,3.0
STA238FC-TOP-1SP-6SP,自由边打磨,人工打磨N21,1973.4089909806705,1977.7504100575936,4.341419076923103
T63S-4084,天车空驶（胎架到原料区）,天车,1954.675428528493,1957.675428528493,3.0
T63S-4084,天车吊运（原料区到胎架）,天车,1957.675428528493,1960.675428528493,3.0
T63S-4090切割后的大件,天车吊运（胎架到成品区）,天车,2000.202119175219,2005.202119175219,5.0
STA238FC-TOP-1SP-4SP,分拣,自动分拣N21,1992.5147257023657,1993.5147257023657,1.0
STA238FC-TOP-1SP-4SP,桁架至坡口工作站,自动分拣N21,1993.5147257023657,1994.6814257023657,1.1666999999999916
STA238FC-TOP-1SP-5SP,分拣,自动分拣N21,1994.6814257023657,1996.2614257023656,1.5799999999999272
STA238FC-TOP-1SP-5SP,自动打磨,自动打磨N21,1996.2614257023656,1997.6418553055403,1.3804296031746617
STA238FC-TOP-1SP-5SP,桁架至坡口工作站,自动分拣N21,1997.6418553055403,1998.8085553055403,1.1666999999999916
T63S-4087,天车空驶（胎架到原料区）,天车,2044.0532183645882,2052.0532183645882,8.0
T63S-4087,天车吊运（原料区到胎架）,天车,2052.0532183645882,2055.0532183645882,3.0
STA238FC-TOP-1SP-7SP,自由边打磨,人工打磨N51,2093.6262611235893,2097.9852972774356,4.3590361538463185
E01S-1211,天车空驶（胎架到原料区）,天车,2005.202119175219,2008.202119175219,3.0
E01S-1211,天车吊运（原料区到胎架）,天车,2008.202119175219,2011.202119175219,3.0
T63S-4087切割后的大件,天车吊运（胎架到成品区）,天车,2097.9852972774356,2102.9852972774356,5.0
E01S-1211切割后的大件,天车空驶（成品区到胎架）,天车,2029.7890294776166,2034.7890294776166,5.0
E01S-1211切割后的大件,天车吊运（胎架到坡口区）,天车,2034.7890294776166,2037.7890294776166,3.0
N1-CG-2KS-2S,人工坡口,人工坡口1,2107.831401989473,2128.006981989473,20.175580000000082
N1-F29-7S-1S,人工坡口,人工坡口1,2128.006981989473,2144.327093989473,16.32011199999988
N1-F31-8S-1S,人工坡口,人工坡口1,2144.327093989473,2171.6713379894727,27.34424399999989
E01S-1211切割后的大件,天车吊运（坡口区到成品区）,天车,2171.6713379894727,2176.6713379894727,5.0
E01S-1223,天车空驶（胎架到原料区）,天车,2112.831401989473,2120.831401989473,8.0
E01S-1223,天车吊运（原料区到胎架）,天车,2120.831401989473,2123.831401989473,3.0
N1-F31-4P-1P,分拣,自动分拣N51,2157.5620893696364,2159.1420893696363,1.5799999999999272
N1-F31-4P-1P,自动打磨,自动打磨N51,2159.1420893696363,2161.352031909319,2.209942539682743
N1-F31-4P-1P,桁架码垛,自动分拣N51,2161.352031909319,2162.522031909319,1.1700000000000728
N1-F31-5S-1S,分拣,自动分拣N51,2162.522031909319,2164.102031909319,1.5799999999999272
N1-F31-5S-1S,自动打磨,自动打磨N51,2164.102031909319,2165.345028814081,1.2429969047620943
N1-F31-5S-1S,桁架码垛,自动分拣N51,2165.345028814081,2166.5150288140812,1.1700000000000728
N1-F32-6P-1P,分拣,自动分拣N51,2166.5150288140812,2168.095028814081,1.5799999999999272
N1-F32-6P-1P,自动打磨,自动打磨N51,2168.095028814081,2169.338025639478,1.2429968253968582
N1-F32-6P-1P,桁架码垛,自动分拣N51,2169.338025639478,2170.508025639478,1.1700000000000728
N1-F32-7S-1S,分拣,自动分拣N51,2170.508025639478,2172.088025639478,1.5799999999999272
N1-F32-7S-1S,自动打磨,自动打磨N51,2172.088025639478,2174.2979681791608,2.209942539682743
N1-F32-7S-1S,桁架码垛,自动分拣N51,2174.2979681791608,2175.467968179161,1.1700000000000728
E01S-1209,天车空驶（胎架到原料区）,天车,2011.202119175219,2014.202119175219,3.0
E01S-1209,天车吊运（原料区到胎架）,天车,2014.202119175219,2017.202119175219,3.0
N1-F19-2-1P,分拣,自动分拣N21,2080.3015076046727,2081.8815076046726,1.5799999999999272
N1-F19-2-1P,自动打磨,自动打磨N21,2081.8815076046726,2084.682652922133,2.8011453174603957
N1-F19-2-1P,桁架至坡口工作站,自动分拣N21,2084.682652922133,2085.849352922133,1.166700000000219
N1-F19-2-1S,分拣,自动分拣N21,2085.849352922133,2086.849352922133,1.0
N1-F19-2-1S,桁架至坡口工作站,自动分拣N21,2086.849352922133,2088.0160529221334,1.166700000000219
N1-F20-5-1P,分拣,自动分拣N21,2088.0160529221334,2089.5960529221334,1.5799999999999272
N1-F20-5-1P,自动打磨,自动打磨N21,2089.5960529221334,2090.976482525308,1.3804296031744343
N1-F20-5-1P,桁架至坡口工作站,自动分拣N21,2090.976482525308,2092.143182525308,1.166700000000219
N1-F20-5-1S,分拣,自动分拣N21,2092.143182525308,2093.723182525308,1.5799999999999272
N1-F20-5-1S,自动打磨,自动打磨N21,2093.723182525308,2095.710948160229,1.9877656349208337
N1-F20-5-1S,桁架至坡口工作站,自动分拣N21,2095.710948160229,2096.877648160229,1.166700000000219
E01S-1246,天车空驶（胎架到原料区）,天车,2123.831401989473,2126.831401989473,3.0
E01S-1246,天车吊运（原料区到胎架）,天车,2126.831401989473,2129.831401989473,3.0
N1-F19-2-1BS,分拣,自动分拣N51,2209.997044437959,2211.577044437959,1.5799999999999272
N1-F19-2-1BS,自动打磨,自动打磨N51,2211.577044437959,2212.9877784062132,1.410733968254135
N1-F19-2-1BS,桁架码垛,自动分拣N51,2212.9877784062132,2214.1577784062133,1.1700000000000728
N1-F33-1B1K-1P,分拣,自动分拣N51,2214.1577784062133,2215.7377784062132,1.5799999999999272
N1-F33-1B1K-1P,自动打磨,自动打磨N51,2215.7377784062132,2218.5389234855784,2.801145079365142
N1-F33-1B1K-1P,桁架码垛,自动分拣N51,2218.5389234855784,2219.7089234855785,1.1700000000000728
N1-F32-2B1-1P,分拣,自动分拣N51,2219.7089234855785,2221.2889234855784,1.5799999999999272
N1-F32-2B1-1P,自动打磨,自动打磨N51,2221.2889234855784,2223.11827475542,1.8293512698414816
N1-F32-2B1-1P,桁架码垛,自动分拣N51,2223.11827475542,2224.28827475542,1.1700000000000728
N1-F26-3B1S-1S,分拣,自动分拣N51,2224.28827475542,2225.86827475542,1.5799999999999272
N1-F26-3B1S-1S,自动打磨,自动打磨N51,2225.86827475542,2229.2816099935153,3.413335238095442
N1-F26-3B1S-1S,桁架码垛,自动分拣N51,2229.2816099935153,2230.4516099935154,1.1700000000000728
N1-F28-4B1S-1S,分拣,自动分拣N51,2230.4516099935154,2232.0316099935153,1.5799999999999272
N1-F28-4B1S-1S,自动打磨,自动打磨N51,2232.0316099935153,2233.654440787166,1.6228307936507917
N1-F28-4B1S-1S,桁架码垛,自动分拣N51,2233.654440787166,2234.824440787166,1.1700000000000728
N1-AG-3-1P,分拣,自动分拣N51,2234.824440787166,2236.404440787166,1.5799999999999272
N1-AG-3-1P,自动打磨,自动打磨N51,2236.404440787166,2238.444353406214,2.0399126190477546
N1-AG-3-1P,桁架码垛,自动分拣N51,2238.444353406214,2239.614353406214,1.1700000000000728
N1-F17-1B1-1P,分拣,自动分拣N51,2239.614353406214,2241.194353406214,1.5799999999999272
N1-F17-1B1-1P,自动打磨,自动打磨N51,2241.194353406214,2243.4740582474838,2.279704841269904
N1-F17-1B1-1P,桁架码垛,自动分拣N51,2243.4740582474838,2244.644058247484,1.1700000000000728
N1-F17-1B1-1S,分拣,自动分拣N51,2244.644058247484,2246.2240582474838,1.5799999999999272
N1-F17-1B1-1S,自动打磨,自动打磨N51,2246.2240582474838,2248.5037630887537,2.279704841269904
N1-F17-1B1-1S,桁架码垛,自动分拣N51,2248.5037630887537,2249.6737630887537,1.1700000000000728
N1-F29-4B1P-1P,分拣,自动分拣N51,2249.6737630887537,2251.2537630887537,1.5799999999999272
N1-F29-4B1P-1P,自动打磨,自动打磨N51,2251.2537630887537,2254.557027374468,3.303264285714249
N1-F29-4B1P-1P,桁架码垛,自动分拣N51,2254.557027374468,2255.727027374468,1.1700000000000728
N1-F30-2B1P-1P,分拣,自动分拣N51,2255.727027374468,2257.307027374468,1.5799999999999272
N1-F30-2B1P-1P,自动打磨,自动打磨N51,2257.307027374468,2258.803525549071,1.496498174602948
N1-F30-2B1P-1P,桁架码垛,自动分拣N51,2258.803525549071,2259.973525549071,1.1700000000000728
N1-F30-4B1P-1P,分拣,自动分拣N51,2259.973525549071,2261.553525549071,1.5799999999999272
N1-F30-4B1P-1P,自动打磨,自动打磨N51,2261.553525549071,2263.3720372157377,1.8185116666668364
N1-F30-4B1P-1P,桁架码垛,自动分拣N51,2263.3720372157377,2264.5420372157378,1.1700000000000728
N1-F32-2B1-1S,分拣,自动分拣N51,2264.5420372157378,2266.1220372157377,1.5799999999999272
N1-F32-2B1-1S,自动打磨,自动打磨N51,2266.1220372157377,2267.951388564944,1.829351349206263
N1-F32-2B1-1S,桁架码垛,自动分拣N51,2267.951388564944,2269.121388564944,1.1700000000000728
N1-AG-3-1S,分拣,自动分拣N51,2269.121388564944,2270.701388564944,1.5799999999999272
N1-AG-3-1S,自动打磨,自动打磨N51,2270.701388564944,2272.7413011839917,2.0399126190477546
N1-AG-3-1S,桁架码垛,自动分拣N51,2272.7413011839917,2273.911301183992,1.1700000000000728
N1-F27-4B1S-1S,分拣,自动分拣N51,2273.911301183992,2275.4913011839917,1.5799999999999272
N1-F27-4B1S-1S,自动打磨,自动打磨N51,2275.4913011839917,2277.3112420570073,1.8199408730156392
N1-F27-4B1S-1S,桁架码垛,自动分拣N51,2277.3112420570073,2278.4812420570074,1.1700000000000728
N1-F33-1B1K-1S,分拣,自动分拣N51,2278.4812420570074,2280.0612420570073,1.5799999999999272
N1-F33-1B1K-1S,自动打磨,自动打磨N51,2280.0612420570073,2282.8623873744677,2.8011453174603957
N1-F33-1B1K-1S,桁架码垛,自动分拣N51,2282.8623873744677,2284.032387374468,1.1700000000000728
N1-F21-1B1P-1P,分拣,自动分拣N51,2284.032387374468,2285.6123873744677,1.5799999999999272
N1-F21-1B1P-1P,自动打磨,自动打磨N51,2285.6123873744677,2287.173290787166,1.5609034126982806
N1-F21-1B1P-1P,桁架码垛,自动分拣N51,2287.173290787166,2288.343290787166,1.1700000000000728
N1-F30-1B1P-1P,分拣,自动分拣N51,2288.343290787166,2289.923290787166,1.5799999999999272
N1-F30-1B1P-1P,自动打磨,自动打磨N51,2289.923290787166,2291.3282914220867,1.4050006349207251
N1-F30-1B1P-1P,桁架码垛,自动分拣N51,2291.3282914220867,2292.498291422087,1.1700000000000728
N1-F31-1B1P-1P,分拣,自动分拣N51,2292.498291422087,2294.0782914220867,1.5799999999999272
N1-F31-1B1P-1P,自动打磨,自动打磨N51,2294.0782914220867,2295.695340945896,1.617049523809328
N1-F31-1B1P-1P,桁架码垛,自动分拣N51,2295.695340945896,2296.865340945896,1.1700000000000728
N1-F34-2B1-1S,分拣,自动分拣N51,2296.865340945896,2298.445340945896,1.5799999999999272
N1-F34-2B1-1S,自动打磨,自动打磨N51,2298.445340945896,2300.2410635649435,1.7957226190474103
N1-F34-2B1-1S,桁架码垛,自动分拣N51,2300.2410635649435,2301.4110635649436,1.1700000000000728
N1-F35-1B1-1P,分拣,自动分拣N51,2301.4110635649436,2302.9910635649435,1.5799999999999272
N1-F35-1B1-1P,自动打磨,自动打磨N51,2302.9910635649435,2304.7951037236735,1.804040158730004
N1-F35-1B1-1P,桁架码垛,自动分拣N51,2304.7951037236735,2305.9651037236736,1.1700000000000728
E01S-1244,天车空驶（胎架到原料区）,天车,2037.7890294776166,2040.7890294776166,3.0
E01S-1244,天车吊运（原料区到胎架）,天车,2040.7890294776166,2043.7890294776166,3.0
N1-F19-2-1BP,分拣,自动分拣N21,2133.6780164045026,2135.2580164045025,1.5799999999999272
N1-F19-2-1BP,自动打磨,自动打磨N21,2135.2580164045025,2136.6687504521215,1.4107340476189165
N1-F19-2-1BP,桁架码垛,自动分拣N21,2136.6687504521215,2137.8387504521215,1.1700000000000728
N1-F30-1SP-2BSP,分拣,自动分拣N21,2137.8387504521215,2139.4187504521215,1.5799999999999272
N1-F30-1SP-2BSP,自动打磨,自动打磨N21,2139.4187504521215,2140.8294844203756,1.410733968254135
N1-F30-1SP-2BSP,桁架码垛,自动分拣N21,2140.8294844203756,2141.9994844203757,1.1700000000000728
N1-F30-1SP-3BSP,分拣,自动分拣N21,2141.9994844203757,2143.5794844203756,1.5799999999999272
N1-F30-1SP-3BSP,自动打磨,自动打磨N21,2143.5794844203756,2144.9902183886297,1.410733968254135
N1-F30-1SP-3BSP,桁架码垛,自动分拣N21,2144.9902183886297,2146.16021838863,1.1700000000000728
N1-F26-4B1P-1P,分拣,自动分拣N21,2146.16021838863,2147.7402183886297,1.5799999999999272
N1-F26-4B1P-1P,自动打磨,自动打磨N21,2147.7402183886297,2149.8189289441852,2.078710555555517
N1-F26-4B1P-1P,桁架码垛,自动分拣N21,2149.8189289441852,2150.9889289441853,1.1700000000000728
N1-F28-1B1P-1P,分拣,自动分拣N21,2150.9889289441853,2152.5689289441852,1.5799999999999272
N1-F28-1B1P-1P,自动打磨,自动打磨N21,2152.5689289441852,2154.710506880693,2.141577936507929
N1-F28-1B1P-1P,桁架码垛,自动分拣N21,2154.710506880693,2155.8805068806932,1.1700000000000728
N1-F28-2B1P-1P,分拣,自动分拣N21,2155.8805068806932,2157.460506880693,1.5799999999999272
N1-F28-2B1P-1P,自动打磨,自动打磨N21,2157.460506880693,2159.655965690217,2.195458809523643
N1-F28-2B1P-1P,桁架码垛,自动分拣N21,2159.655965690217,2160.825965690217,1.1700000000000728
N1-F33-3B1-1P,分拣,自动分拣N21,2160.825965690217,2162.405965690217,1.5799999999999272
N1-F33-3B1-1P,自动打磨,自动打磨N21,2162.405965690217,2164.743540769582,2.3375750793652514
N1-F33-3B1-1P,桁架码垛,自动分拣N21,2164.743540769582,2165.913540769582,1.1700000000000728
N1-F28-3B1S-1S,分拣,自动分拣N21,2165.913540769582,2167.493540769582,1.5799999999999272
N1-F28-3B1S-1S,自动打磨,自动打磨N21,2167.493540769582,2169.6675541822806,2.174013412698514
N1-F28-3B1S-1S,桁架码垛,自动分拣N21,2169.6675541822806,2170.8375541822807,1.1700000000000728
N1-F33-3B1-1S,分拣,自动分拣N21,2170.8375541822807,2172.4175541822806,1.5799999999999272
N1-F33-3B1-1S,自动打磨,自动打磨N21,2172.4175541822806,2174.755129420376,2.337575238095269
N1-F33-3B1-1S,桁架码垛,自动分拣N21,2174.755129420376,2175.925129420376,1.1700000000000728
N1-F22-1B1-1P,分拣,自动分拣N21,2175.925129420376,2177.505129420376,1.5799999999999272
N1-F22-1B1-1P,自动打磨,自动打磨N21,2177.505129420376,2180.064558785455,2.559429365079268
N1-F22-1B1-1P,桁架码垛,自动分拣N21,2180.064558785455,2181.234558785455,1.1700000000000728
N1-F20-3B1S-1S,分拣,自动分拣N21,2181.234558785455,2182.814558785455,1.5799999999999272
N1-F20-3B1S-1S,自动打磨,自动打磨N21,2182.814558785455,2185.1073503727566,2.292791587301508
N1-F20-3B1S-1S,桁架码垛,自动分拣N21,2185.1073503727566,2186.2773503727567,1.1700000000000728
N1-F21-2B1S-1S,分拣,自动分拣N21,2186.2773503727567,2187.8573503727566,1.5799999999999272
N1-F21-2B1S-1S,自动打磨,自动打磨N21,2187.8573503727566,2190.0113593410106,2.1540089682539474
N1-F21-2B1S-1S,桁架码垛,自动分拣N21,2190.0113593410106,2191.1813593410106,1.1700000000000728
N1-F22-1B1-1S,分拣,自动分拣N21,2191.1813593410106,2192.7613593410106,1.5799999999999272
N1-F22-1B1-1S,自动打磨,自动打磨N21,2192.7613593410106,2195.320788626725,2.5594292857144865
N1-F22-1B1-1S,桁架码垛,自动分拣N21,2195.320788626725,2196.490788626725,1.1700000000000728
N1-F27-2B1S-1S,分拣,自动分拣N21,2196.490788626725,2198.070788626725,1.5799999999999272
N1-F27-2B1S-1S,自动打磨,自动打磨N21,2198.070788626725,2199.898573785455,1.8277851587299665
N1-F27-2B1S-1S,桁架码垛,自动分拣N21,2199.898573785455,2201.068573785455,1.1700000000000728
N1-LG32-1B1-1P,分拣,自动分拣N21,2201.068573785455,2202.648573785455,1.5799999999999272
N1-LG32-1B1-1P,自动打磨,自动打磨N21,2202.648573785455,2205.160201721963,2.511627936507921
N1-LG32-1B1-1P,桁架码垛,自动分拣N21,2205.160201721963,2206.330201721963,1.1700000000000728
N1-LG32-1B1-1S,分拣,自动分拣N21,2206.330201721963,2207.910201721963,1.5799999999999272
N1-LG32-1B1-1S,自动打磨,自动打磨N21,2207.910201721963,2210.421829658471,2.511627936507921
N1-LG32-1B1-1S,桁架码垛,自动分拣N21,2210.421829658471,2211.591829658471,1.1700000000000728
N1-F34-1B1-1P,分拣,自动分拣N21,2211.591829658471,2213.171829658471,1.5799999999999272
N1-F34-1B1-1P,自动打磨,自动打磨N21,2213.171829658471,2214.982635610852,1.810805952381088
N1-F34-1B1-1P,桁架码垛,自动分拣N21,2214.982635610852,2216.152635610852,1.1700000000000728
N1-F34-1B1-1S,分拣,自动分拣N21,2216.152635610852,2217.732635610852,1.5799999999999272
N1-F34-1B1-1S,自动打磨,自动打磨N21,2217.732635610852,2219.543549658471,1.8109140476190078
N1-F34-1B1-1S,桁架码垛,自动分拣N21,2219.543549658471,2220.713549658471,1.1700000000000728
N1-F34-2B1-1P,分拣,自动分拣N21,2220.713549658471,2222.293549658471,1.5799999999999272
N1-F34-2B1-1P,自动打磨,自动打磨N21,2222.293549658471,2224.089272436249,1.7957227777778826
N1-F34-2B1-1P,桁架码垛,自动分拣N21,2224.089272436249,2225.259272436249,1.1700000000000728
N1-F35-1B1-1S,分拣,自动分拣N21,2225.259272436249,2226.839272436249,1.5799999999999272
N1-F35-1B1-1S,自动打磨,自动打磨N21,2226.839272436249,2228.643312674344,1.80404023809524
N1-F35-1B1-1S,桁架码垛,自动分拣N21,2228.643312674344,2229.813312674344,1.1700000000000728
E01S-1229,天车空驶（胎架到原料区）,天车,2176.6713379894727,2179.6713379894727,3.0
E01S-1229,天车吊运（原料区到胎架）,天车,2179.6713379894727,2182.6713379894727,3.0
N1-CG-2KS-1S,自由边打磨,人工打磨N51,2282.304468705067,2283.073931628144,0.7694629230768442
E01S-1204,天车空驶（胎架到原料区）,天车,2090.877648160229,2093.877648160229,3.0
E01S-1204,天车吊运（原料区到胎架）,天车,2093.877648160229,2096.877648160229,3.0
N1-CG-1KP-1P,自由边打磨,人工打磨N51,2283.073931628144,2283.8472710640413,0.7733394358974692
N1-F33-1SP-1BSP,分拣,自动分拣N51,2305.9651037236736,2307.5451037236735,1.5799999999999272
N1-F33-1SP-1BSP,自动打磨,自动打磨N51,2307.5451037236735,2309.735939120499,2.190835396825605
N1-F33-1SP-1BSP,桁架码垛,自动分拣N51,2309.735939120499,2310.905939120499,1.1700000000000728
N1-F33-1SP-2BSP,分拣,自动分拣N51,2310.905939120499,2312.485939120499,1.5799999999999272
N1-F33-1SP-2BSP,自动打磨,自动打磨N51,2312.485939120499,2314.675245866531,2.189306746031889
N1-F33-1SP-2BSP,桁架码垛,自动分拣N51,2314.675245866531,2315.845245866531,1.1700000000000728
N1-F33-1SP-3BSP,分拣,自动分拣N51,2315.845245866531,2317.425245866531,1.5799999999999272
N1-F33-1SP-3BSP,自动打磨,自动打磨N51,2317.425245866531,2319.6145526919277,2.1893068253966703
N1-F33-1SP-3BSP,桁架码垛,自动分拣N51,2319.6145526919277,2320.7845526919277,1.1700000000000728
N1-F33-1SP-4BSP,分拣,自动分拣N51,2320.7845526919277,2322.3645526919277,1.5799999999999272
N1-F33-1SP-4BSP,自动打磨,自动打磨N51,2322.3645526919277,2324.647449993515,2.282897301587127
N1-F33-1SP-4BSP,桁架码垛,自动分拣N51,2324.647449993515,2325.817449993515,1.1700000000000728
N1-F33-1SP-5BSP,分拣,自动分拣N51,2325.817449993515,2327.397449993515,1.5799999999999272
N1-F33-1SP-5BSP,自动打磨,自动打磨N51,2327.397449993515,2329.680346977642,2.282896984127092
N1-F33-1SP-5BSP,桁架码垛,自动分拣N51,2329.680346977642,2330.850346977642,1.1700000000000728
N1-F33-1SP-6BSP,分拣,自动分拣N51,2330.850346977642,2332.430346977642,1.5799999999999272
N1-F33-1SP-6BSP,自动打磨,自动打磨N51,2332.430346977642,2334.890355787166,2.46000880952397
N1-F33-1SP-6BSP,桁架码垛,自动分拣N51,2334.890355787166,2336.060355787166,1.1700000000000728
N1-F36-1P-1BP,分拣,自动分拣N51,2336.060355787166,2337.640355787166,1.5799999999999272
N1-F36-1P-1BP,自动打磨,自动打磨N51,2337.640355787166,2340.0904732474833,2.450117460317415
N1-F36-1P-1BP,桁架码垛,自动分拣N51,2340.0904732474833,2341.2604732474833,1.1700000000000728
N1-F36-1P-3BP,分拣,自动分拣N51,2341.2604732474833,2342.8404732474833,1.5799999999999272
N1-F36-1P-3BP,自动打磨,自动打磨N51,2342.8404732474833,2345.290590945896,2.4501176984126687
N1-F36-1P-3BP,桁架码垛,自动分拣N51,2345.290590945896,2346.460590945896,1.1700000000000728
N1-F36-1P-6BP,分拣,自动分拣N51,2346.460590945896,2348.040590945896,1.5799999999999272
N1-F36-1P-6BP,自动打磨,自动打磨N51,2348.040590945896,2350.5005998347847,2.4600088888887512
N1-F36-1P-6BP,桁架码垛,自动分拣N51,2350.5005998347847,2351.6705998347848,1.1700000000000728
N1-F36-2S-5BS,分拣,自动分拣N51,2351.6705998347848,2353.2505998347847,1.5799999999999272
N1-F36-2S-5BS,自动打磨,自动打磨N51,2353.2505998347847,2355.945881183991,2.6952813492061978
N1-F36-2S-5BS,桁架码垛,自动分拣N51,2355.945881183991,2357.115881183991,1.1700000000000728
N1-F36-1P/C1P,分拣,自动分拣N51,2357.115881183991,2358.695881183991,1.5799999999999272
N1-F36-1P/C1P,自动打磨,自动打磨N51,2358.695881183991,2361.391162533197,2.6952813492061978
N1-F36-1P/C1P,桁架码垛,自动分拣N51,2361.391162533197,2362.561162533197,1.1700000000000728
N1-F36-1P/C2P,分拣,自动分拣N51,2362.561162533197,2364.141162533197,1.5799999999999272
N1-F36-1P/C2P,自动打磨,自动打磨N51,2364.141162533197,2366.4150397554195,2.2738772222223815
N1-F36-1P/C2P,桁架码垛,自动分拣N51,2366.4150397554195,2367.5850397554195,1.1700000000000728
E01S-1229切割后的大件,天车吊运（胎架到成品区）,天车,2283.8472710640413,2288.8472710640413,5.0
N1-LG3-1-1P,自由边打磨,人工打磨N21,2212.478424629069,2212.7438219624023,0.26539733333311233
N1-LG3-1-1S,自由边打磨,人工打磨N21,2212.7438219624023,2213.0092192957354,0.26539733333311233
E01S-1204切割后的大件,天车空驶（成品区到胎架）,天车,2208.0092192957354,2213.0092192957354,5.0
E01S-1204切割后的大件,天车吊运（胎架到坡口区）,天车,2213.0092192957354,2216.0092192957354,3.0
N1-LG3-1-1P,人工坡口,人工坡口1,2216.0092192957354,2253.8355912957354,37.82637199999999
N1-LG3-1-1S,人工坡口,人工坡口1,2253.8355912957354,2291.6619632957354,37.82637199999999
E01S-1204切割后的大件,天车吊运（坡口区到成品区）,天车,2291.6619632957354,2296.6619632957354,5.0
E01S-1226,天车空驶（胎架到原料区）,天车,2296.6619632957354,2304.6619632957354,8.0
E01S-1226,天车吊运（原料区到胎架）,天车,2304.6619632957354,2307.6619632957354,3.0
E01S-1203,天车空驶（胎架到原料区）,天车,2216.0092192957354,2219.0092192957354,3.0
E01S-1203,天车吊运（原料区到胎架）,天车,2219.0092192957354,2222.0092192957354,3.0
N1-F19-1SP-1BSP,分拣,自动分拣N51,2405.4796545686177,2407.0596545686176,1.5799999999999272
N1-F19-1SP-1BSP,自动打磨,自动打磨N51,2407.0596545686176,2408.0596545686176,1.0
N1-F19-1SP-1BSP,桁架码垛,自动分拣N51,2408.0596545686176,2409.2296545686177,1.1700000000000728
N1-F34-1-1P,分拣,自动分拣N51,2409.2296545686177,2410.8096545686176,1.5799999999999272
N1-F34-1-1P,自动打磨,自动打磨N51,2410.8096545686176,2413.340527028935,2.5308724603173687
N1-F34-1-1P,桁架码垛,自动分拣N51,2413.340527028935,2414.510527028935,1.1700000000000728
N1-F34-1-2P,分拣,自动分拣N51,2414.510527028935,2416.090527028935,1.5799999999999272
N1-F34-1-2P,自动打磨,自动打磨N51,2416.090527028935,2418.6213994098875,2.5308723809525873
N1-F34-1-2P,桁架码垛,自动分拣N51,2418.6213994098875,2419.7913994098876,1.1700000000000728
N1-F35-1-1P,分拣,自动分拣N51,2419.7913994098876,2421.3713994098875,1.5799999999999272
N1-F35-1-1P,自动打磨,自动打磨N51,2421.3713994098875,2422.743623140046,1.3722237301585665
N1-F35-1-1P,桁架码垛,自动分拣N51,2422.743623140046,2423.913623140046,1.1700000000000728
N1-F35-1-2P,分拣,自动分拣N51,2423.913623140046,2425.493623140046,1.5799999999999272
N1-F35-1-2P,自动打磨,自动打磨N51,2425.493623140046,2426.864115441633,1.3704923015870918
N1-F35-1-2P,桁架码垛,自动分拣N51,2426.864115441633,2428.0341154416333,1.1700000000000728
N1-F34-1-1S,分拣,自动分拣N51,2428.0341154416333,2429.614115441633,1.5799999999999272
N1-F34-1-1S,自动打磨,自动打磨N51,2429.614115441633,2432.1449877432206,2.530872301587351
N1-F34-1-1S,桁架码垛,自动分拣N51,2432.1449877432206,2433.3149877432206,1.1700000000000728
N1-F34-1-2S,分拣,自动分拣N51,2433.3149877432206,2434.8949877432206,1.5799999999999272
N1-F34-1-2S,自动打磨,自动打磨N51,2434.8949877432206,2436.265479965443,1.3704922222223104
N1-F34-1-2S,桁架码垛,自动分拣N51,2436.265479965443,2437.435479965443,1.1700000000000728
N1-F35-1-1S,分拣,自动分拣N51,2437.435479965443,2439.015479965443,1.5799999999999272
N1-F35-1-1S,自动打磨,自动打磨N51,2439.015479965443,2440.3877036956014,1.3722237301585665
N1-F35-1-1S,桁架码垛,自动分拣N51,2440.3877036956014,2441.5577036956015,1.1700000000000728
N1-F35-1-2S,分拣,自动分拣N51,2441.5577036956015,2443.1377036956014,1.5799999999999272
N1-F35-1-2S,自动打磨,自动打磨N51,2443.1377036956014,2444.1377036956014,1.0
N1-F35-1-2S,桁架码垛,自动分拣N51,2444.1377036956014,2445.3077036956015,1.1700000000000728
N1-F30-1SP-1BSP,分拣,自动分拣N51,2445.3077036956015,2446.8877036956014,1.5799999999999272
N1-F30-1SP-1BSP,自动打磨,自动打磨N51,2446.8877036956014,2448.6569817908394,1.7692780952379508
N1-F30-1SP-1BSP,桁架码垛,自动分拣N51,2448.6569817908394,2449.8269817908395,1.1700000000000728
E01S-1226切割后的大件,天车吊运（胎架到成品区）,天车,2405.4796545686177,2410.4796545686177,5.0
N1-LG1-2-10BP,分拣,自动分拣N21,2321.675491692616,2323.255491692616,1.5799999999999272
N1-LG1-2-10BP,自动打磨,自动打磨N21,2323.255491692616,2325.4274060576954,2.171914365079374
N1-LG1-2-10BP,桁架码垛,自动分拣N21,2325.4274060576954,2326.5974060576955,1.1700000000000728
N1-LG1-2-10BS,分拣,自动分拣N21,2326.5974060576955,2328.1774060576954,1.5799999999999272
N1-LG1-2-10BS,自动打磨,自动打磨N21,2328.1774060576954,2329.7146343116638,1.537228253968351
N1-LG1-2-10BS,桁架码垛,自动分拣N21,2329.7146343116638,2330.884634311664,1.1700000000000728
N1-LG1-2-1BP,分拣,自动分拣N21,2330.884634311664,2332.4646343116638,1.5799999999999272
N1-LG1-2-1BP,自动打磨,自动打磨N21,2332.4646343116638,2333.9879513751557,1.5233170634919588
N1-LG1-2-1BP,桁架码垛,自动分拣N21,2333.9879513751557,2335.157951375156,1.1700000000000728
N1-LG1-2-1BS,分拣,自动分拣N21,2335.157951375156,2336.157951375156,1.0
N1-LG1-2-2BP,分拣,自动分拣N21,2336.157951375156,2337.157951375156,1.0
N1-LG1-2-2BS,分拣,自动分拣N21,2337.157951375156,2338.157951375156,1.0
N1-LG1-2-3BP,分拣,自动分拣N21,2338.157951375156,2339.7379513751557,1.5799999999999272
N1-LG1-2-3BP,自动打磨,自动打磨N21,2339.7379513751557,2341.261267565632,1.52331619047618
N1-LG1-2-3BP,桁架码垛,自动分拣N21,2341.261267565632,2342.431267565632,1.1700000000000728
N1-LG1-2-3BS,分拣,自动分拣N21,2342.431267565632,2344.011267565632,1.5799999999999272
N1-LG1-2-3BS,自动打磨,自动打磨N21,2344.011267565632,2345.545927486267,1.534659920635022
N1-LG1-2-3BS,桁架码垛,自动分拣N21,2345.545927486267,2346.715927486267,1.1700000000000728
N1-LG1-2-4BP,分拣,自动分拣N21,2346.715927486267,2348.295927486267,1.5799999999999272
N1-LG1-2-4BP,自动打磨,自动打磨N21,2348.295927486267,2350.3229854227748,2.0270579365078447
N1-LG1-2-4BP,桁架码垛,自动分拣N21,2350.3229854227748,2351.492985422775,1.1700000000000728
N1-LG1-2-4BS,分拣,自动分拣N21,2351.492985422775,2353.0729854227748,1.5799999999999272
N1-LG1-2-4BS,自动打磨,自动打磨N21,2353.0729854227748,2355.111385740235,2.0384003174604004
N1-LG1-2-4BS,桁架码垛,自动分拣N21,2355.111385740235,2356.2813857402352,1.1700000000000728
N1-LG1-2-5BP,分拣,自动分拣N21,2356.2813857402352,2357.861385740235,1.5799999999999272
N1-LG1-2-5BP,自动打磨,自动打磨N21,2357.861385740235,2359.888443676743,2.0270579365078447
N1-LG1-2-5BP,桁架码垛,自动分拣N21,2359.888443676743,2361.058443676743,1.1700000000000728
N1-LG1-2-5BS,分拣,自动分拣N21,2361.058443676743,2362.638443676743,1.5799999999999272
N1-LG1-2-5BS,自动打磨,自动打磨N21,2362.638443676743,2364.6768441529334,2.038400476190418
N1-LG1-2-5BS,桁架码垛,自动分拣N21,2364.6768441529334,2365.8468441529335,1.1700000000000728
N1-LG1-2-6BP,分拣,自动分拣N21,2365.8468441529335,2367.4268441529334,1.5799999999999272
N1-LG1-2-6BP,自动打磨,自动打磨N21,2367.4268441529334,2371.0331843910285,3.606340238095072
N1-LG1-2-6BP,桁架码垛,自动分拣N21,2371.0331843910285,2372.2031843910286,1.1700000000000728
N1-LG1-2-6BS,分拣,自动分拣N21,2372.2031843910286,2373.7831843910285,1.5799999999999272
N1-LG1-2-6BS,自动打磨,自动打磨N21,2373.7831843910285,2374.9937002640445,1.2105158730159928
N1-LG1-2-6BS,桁架码垛,自动分拣N21,2374.9937002640445,2376.1637002640446,1.1700000000000728
N1-LG1-2-7BP,分拣,自动分拣N21,2376.1637002640446,2377.7437002640445,1.5799999999999272
N1-LG1-2-7BP,自动打磨,自动打磨N21,2377.7437002640445,2380.4383723275364,2.6946720634919075
N1-LG1-2-7BP,桁架码垛,自动分拣N21,2380.4383723275364,2381.6083723275365,1.1700000000000728
N1-LG1-2-7BS,分拣,自动分拣N21,2381.6083723275365,2383.1883723275364,1.5799999999999272
N1-LG1-2-7BS,自动打磨,自动打磨N21,2383.1883723275364,2385.2154302640442,2.0270579365078447
N1-LG1-2-7BS,桁架码垛,自动分拣N21,2385.2154302640442,2386.3854302640443,1.1700000000000728
N1-LG1-2-8BP,分拣,自动分拣N21,2386.3854302640443,2387.9654302640442,1.5799999999999272
N1-LG1-2-8BP,自动打磨,自动打磨N21,2387.9654302640442,2389.992488200552,2.0270579365078447
N1-LG1-2-8BP,桁架码垛,自动分拣N21,2389.992488200552,2391.162488200552,1.1700000000000728
N1-LG1-2-8BS,分拣,自动分拣N21,2391.162488200552,2392.742488200552,1.5799999999999272
N1-LG1-2-8BS,自动打磨,自动打磨N21,2392.742488200552,2394.6764178037265,1.9339296031744198
N1-LG1-2-8BS,桁架码垛,自动分拣N21,2394.6764178037265,2395.8464178037266,1.1700000000000728
N1-LG1-2-9BP,分拣,自动分拣N21,2395.8464178037266,2397.4264178037265,1.5799999999999272
N1-LG1-2-9BP,自动打磨,自动打磨N21,2397.4264178037265,2399.360347327536,1.9339295238096383
N1-LG1-2-9BP,桁架码垛,自动分拣N21,2399.360347327536,2400.530347327536,1.1700000000000728
N1-LG1-2-9BS,分拣,自动分拣N21,2400.530347327536,2402.110347327536,1.5799999999999272
N1-LG1-2-9BS,自动打磨,自动打磨N21,2402.110347327536,2403.938132486266,1.8277851587299665
N1-LG1-2-9BS,桁架码垛,自动分拣N21,2403.938132486266,2405.108132486266,1.1700000000000728
N1-F21-7S-1S,自由边打磨,人工打磨N21,2321.675491692616,2321.9408890772315,0.26539738461542584
N1-DB-1SP-3SP,自由边打磨,人工打磨N21,2321.9408890772315,2322.6981260515904,0.7572369743588752
N1-F31-2B1S-1S,分拣,自动分拣N21,2405.108132486266,2406.688132486266,1.5799999999999272
N1-F31-2B1S-1S,自动打磨,自动打磨N21,2406.688132486266,2409.310680740234,2.6225482539680343
N1-F31-2B1S-1S,桁架码垛,自动分拣N21,2409.310680740234,2410.480680740234,1.1700000000000728
N1-ST-3-2S,分拣,自动分拣N21,2410.480680740234,2412.060680740234,1.5799999999999272
N1-ST-3-2S,自动打磨,自动打磨N21,2412.060680740234,2414.1393912957897,2.078710555555517
N1-ST-3-2S,桁架码垛,自动分拣N21,2414.1393912957897,2415.3093912957897,1.1700000000000728
N1-ST1-1B1S-1S,分拣,自动分拣N21,2415.3093912957897,2416.8893912957897,1.5799999999999272
N1-ST1-1B1S-1S,自动打磨,自动打磨N21,2416.8893912957897,2419.511939470393,2.622548174603253
N1-ST1-1B1S-1S,桁架码垛,自动分拣N21,2419.511939470393,2420.681939470393,1.1700000000000728
N1-ST2-1B1S-1S,分拣,自动分拣N21,2420.681939470393,2421.681939470393,1.0
E01S-1203切割后的大件,天车空驶（成品区到胎架）,天车,2316.9408890772315,2321.9408890772315,5.0
E01S-1203切割后的大件,天车吊运（胎架到成品区）,天车,2321.9408890772315,2326.9408890772315,5.0
E01S-1203切割后的大件,天车空驶（成品区到胎架）,天车,2326.9408890772315,2331.9408890772315,5.0
E01S-1203切割后的大件,天车吊运（胎架到坡口区）,天车,2331.9408890772315,2334.9408890772315,3.0
N1-DB-1SP-3SP,人工坡口,人工坡口1,2334.9408890772315,2421.4621290772316,86.52124000000003
E01S-1203切割后的大件,天车吊运（坡口区到成品区）,天车,2421.4621290772316,2426.4621290772316,5.0
E01S-1206,天车空驶（胎架到原料区）,天车,2356.5850397554195,2364.5850397554195,8.0
E01S-1206,天车吊运（原料区到胎架）,天车,2364.5850397554195,2367.5850397554195,3.0
N1-LG2-2P-1P,自由边打磨,人工打磨N51,2512.4776985594854,2512.9918578928186,0.5141593333332821
E01S-1240,天车空驶（胎架到原料区）,天车,2223.813312674344,2226.813312674344,3.0
E01S-1240,天车吊运（原料区到胎架）,天车,2226.813312674344,2229.813312674344,3.0
N1-LG2-4S-1S,自由边打磨,人工打磨N51,2512.9918578928186,2513.511391585126,0.5195336923075047
E01S-1206切割后的大件,天车吊运（胎架到坡口区）,天车,2513.511391585126,2516.511391585126,3.0
N1-LG2-2P-1P,人工坡口,人工坡口1,2516.511391585126,2585.607563585126,69.09617200000002
N1-LG2-4S-1S,人工坡口,人工坡口1,2585.607563585126,2688.5262955851263,102.91873200000009
E01S-1206切割后的大件,天车吊运（坡口区到成品区）,天车,2688.5262955851263,2693.5262955851263,5.0
N1-F18-3-1P,分拣,自动分拣N21,2442.151607657542,2443.731607657542,1.5799999999999272
N1-F18-3-1P,自动打磨,自动打磨N21,2443.731607657542,2445.2556340861133,1.5240264285712328
N1-F18-3-1P,桁架码垛,自动分拣N21,2445.2556340861133,2446.4256340861134,1.1700000000000728
N1-F18-3-1S,分拣,自动分拣N21,2446.4256340861134,2448.0056340861133,1.5799999999999272
N1-F18-3-1S,自动打磨,自动打磨N21,2448.0056340861133,2449.4569284511927,1.4512943650793204
N1-F18-3-1S,桁架码垛,自动分拣N21,2449.4569284511927,2450.6269284511927,1.1700000000000728
N1-F32-2-1P,分拣,自动分拣N21,2450.6269284511927,2452.2069284511927,1.5799999999999272
N1-F32-2-1P,自动打磨,自动打磨N21,2452.2069284511927,2454.2238791654786,2.01695071428594
N1-F32-2-1P,桁架码垛,自动分拣N21,2454.2238791654786,2455.3938791654787,1.1700000000000728
N1-F31-7S-1S,分拣,自动分拣N21,2455.3938791654787,2456.9738791654786,1.5799999999999272
N1-F31-7S-1S,自动打磨,自动打磨N21,2456.9738791654786,2459.083278689288,2.1093995238093157
N1-F31-7S-1S,桁架码垛,自动分拣N21,2459.083278689288,2460.253278689288,1.1700000000000728
N1-F32-2-1S,分拣,自动分拣N21,2460.253278689288,2461.833278689288,1.5799999999999272
N1-F32-2-1S,自动打磨,自动打磨N21,2461.833278689288,2463.850229403574,2.01695071428594
N1-F32-2-1S,桁架码垛,自动分拣N21,2463.850229403574,2465.020229403574,1.1700000000000728
N1-F31-1P-2P,自由边打磨,人工打磨N21,2442.151607657542,2442.4432132472857,0.2916055897435399
N1-F31-2P-1P,自由边打磨,人工打磨N21,2442.4432132472857,2442.7348188370293,0.2916055897435399
N1-F31-3-1P,分拣,自动分拣N21,2465.020229403574,2466.600229403574,1.5799999999999272
N1-F31-3-1P,自动打磨,自动打磨N21,2466.600229403574,2468.051523768653,1.4512943650793204
N1-F31-3-1P,桁架码垛,自动分拣N21,2468.051523768653,2469.2215237686532,1.1700000000000728
N1-F32-5-1P,分拣,自动分拣N21,2469.2215237686532,2470.801523768653,1.5799999999999272
N1-F32-5-1P,自动打磨,自动打磨N21,2470.801523768653,2472.638585514685,1.83706174603185
N1-F32-5-1P,桁架码垛,自动分拣N21,2472.638585514685,2473.808585514685,1.1700000000000728
N1-F31-3-1S,分拣,自动分拣N21,2473.808585514685,2475.388585514685,1.5799999999999272
N1-F31-3-1S,自动打磨,自动打磨N21,2475.388585514685,2477.5833829750027,2.194797460317659
N1-F31-3-1S,桁架码垛,自动分拣N21,2477.5833829750027,2478.7533829750028,1.1700000000000728
N1-F31-6S-1S,自由边打磨,人工打磨N21,2442.7348188370293,2443.4516617088243,0.7168428717950519
N1-F32-5-1S,分拣,自动分拣N21,2478.7533829750028,2480.3333829750027,1.5799999999999272
N1-F32-5-1S,自动打磨,自动打磨N21,2480.3333829750027,2482.1704448003993,1.8370618253966313
N1-F32-5-1S,桁架码垛,自动分拣N21,2482.1704448003993,2483.3404448003994,1.1700000000000728
N1-ST-1-1P,分拣,自动分拣N21,2483.3404448003994,2484.9204448003993,1.5799999999999272
N1-ST-1-1P,自动打磨,自动打磨N21,2484.9204448003993,2486.746329482939,1.8258846825397086
N1-ST-1-1P,桁架码垛,自动分拣N21,2486.746329482939,2487.916329482939,1.1700000000000728
N1-ST-1-1S,分拣,自动分拣N21,2487.916329482939,2489.496329482939,1.5799999999999272
N1-ST-1-1S,自动打磨,自动打磨N21,2489.496329482939,2491.3222141654787,1.8258846825397086
N1-ST-1-1S,桁架码垛,自动分拣N21,2491.3222141654787,2492.492214165479,1.1700000000000728
N1-ST-2-1P,分拣,自动分拣N21,2492.492214165479,2494.0722141654787,1.5799999999999272
N1-ST-2-1P,自动打磨,自动打磨N21,2494.0722141654787,2496.2670116257964,2.194797460317659
N1-ST-2-1P,桁架码垛,自动分拣N21,2496.2670116257964,2497.4370116257965,1.1700000000000728
N1-ST-2-1S,分拣,自动分拣N21,2497.4370116257965,2499.0170116257964,1.5799999999999272
N1-ST-2-1S,自动打磨,自动打磨N21,2499.0170116257964,2500.440543371828,1.4235317460315855
N1-ST-2-1S,桁架码垛,自动分拣N21,2500.440543371828,2501.610543371828,1.1700000000000728
E01S-1240切割后的大件,天车空驶（成品区到胎架）,天车,2438.4516617088243,2443.4516617088243,5.0
E01S-1240切割后的大件,天车吊运（胎架到成品区）,天车,2443.4516617088243,2448.4516617088243,5.0
E01S-1205,天车空驶（胎架到原料区）,天车,2448.4516617088243,2456.4516617088243,8.0
E01S-1205,天车吊运（原料区到胎架）,天车,2456.4516617088243,2459.4516617088243,3.0
N1-LG1-2-1P,自由边打磨,人工打磨N51,2676.2945645580376,2676.818469942653,0.5239053846153183
E01S-1208,天车空驶（胎架到原料区）,天车,2426.4621290772316,2429.4621290772316,3.0
E01S-1208,天车吊运（原料区到胎架）,天车,2429.4621290772316,2432.4621290772316,3.0
N1-LG1-2-1S,自由边打磨,人工打磨N51,2676.818469942653,2677.342445173422,0.5239752307693379
E01S-1205切割后的大件,天车吊运（胎架到坡口区）,天车,2677.342445173422,2680.342445173422,3.0
N1-LG1-2-1P,人工坡口,人工坡口1,2688.5262955851263,2755.0611115851257,66.53481599999941
N1-LG1-2-1S,人工坡口,人工坡口1,2755.0611115851257,2821.6159275851255,66.55481599999985
E01S-1205切割后的大件,天车吊运（坡口区到成品区）,天车,2821.6159275851255,2826.6159275851255,5.0
N1-F21-5-1P,分拣,自动分拣N21,2658.3255873585003,2659.9055873585003,1.5799999999999272
N1-F21-5-1P,自动打磨,自动打磨N21,2659.9055873585003,2661.945499977548,2.0399126190477546
N1-F21-5-1P,桁架至坡口工作站,自动分拣N21,2661.945499977548,2663.1121999775482,1.166700000000219
N1-F21-5-1S,分拣,自动分拣N21,2663.1121999775482,2664.692199977548,1.5799999999999272
N1-F21-5-1S,自动打磨,自动打磨N21,2664.692199977548,2666.971904818818,2.279704841269904
N1-F21-5-1S,桁架至坡口工作站,自动分拣N21,2666.971904818818,2668.1386048188183,1.166700000000219
N1-F22-5-1P,分拣,自动分拣N21,2668.1386048188183,2669.718604818818,1.5799999999999272
N1-F22-5-1P,自动打磨,自动打磨N21,2669.718604818818,2671.998309660088,2.279704841269904
N1-F22-5-1P,桁架至坡口工作站,自动分拣N21,2671.998309660088,2673.1650096600883,1.166700000000219
N1-F22-5-1S,分拣,自动分拣N21,2673.1650096600883,2674.7450096600883,1.5799999999999272
N1-F22-5-1S,自动打磨,自动打磨N21,2674.7450096600883,2676.5743609299298,1.8293512698414816
N1-F22-5-1S,桁架至坡口工作站,自动分拣N21,2676.5743609299298,2677.74106092993,1.166700000000219
N1-F23-5-1P,分拣,自动分拣N21,2677.74106092993,2679.32106092993,1.5799999999999272
N1-F23-5-1P,自动打磨,自动打磨N21,2679.32106092993,2681.150412279136,1.829351349206263
N1-F23-5-1P,桁架至坡口工作站,自动分拣N21,2681.150412279136,2682.3171122791364,1.166700000000219
N1-F23-5-1S,分拣,自动分拣N21,2682.3171122791364,2683.8971122791363,1.5799999999999272
N1-F23-5-1S,自动打磨,自动打磨N21,2683.8971122791363,2685.6928348981837,1.7957226190474103
N1-F23-5-1S,桁架至坡口工作站,自动分拣N21,2685.6928348981837,2686.859534898184,1.166700000000219
N1-F24-5-1P,分拣,自动分拣N21,2686.859534898184,2688.439534898184,1.5799999999999272
N1-F24-5-1P,自动打磨,自动打磨N21,2688.439534898184,2689.850268866438,1.410733968254135
N1-F24-5-1P,桁架至坡口工作站,自动分拣N21,2689.850268866438,2691.016968866438,1.166700000000219
N1-F24-5-1S,分拣,自动分拣N21,2691.016968866438,2692.596968866438,1.5799999999999272
N1-F24-5-1S,自动打磨,自动打磨N21,2692.596968866438,2694.401009025168,1.804040158730004
N1-F24-5-1S,桁架至坡口工作站,自动分拣N21,2694.401009025168,2695.5677090251684,1.166700000000219
N1-F25-5-1P,分拣,自动分拣N21,2695.5677090251684,2697.1477090251683,1.5799999999999272
N1-F25-5-1P,自动打磨,自动打磨N21,2697.1477090251683,2698.7086124378666,1.5609034126982806
N1-F25-5-1P,桁架至坡口工作站,自动分拣N21,2698.7086124378666,2699.875312437867,1.166700000000219
N1-F25-5-1S,分拣,自动分拣N21,2699.875312437867,2701.4553124378667,1.5799999999999272
N1-F25-5-1S,自动打磨,自动打磨N21,2701.4553124378667,2704.868647675962,3.413335238095442
N1-F25-5-1S,桁架至坡口工作站,自动分拣N21,2704.868647675962,2706.0353476759624,1.166700000000219
N1-F26-5-1P,分拣,自动分拣N21,2706.0353476759624,2707.6153476759623,1.5799999999999272
N1-F26-5-1P,自动打磨,自动打磨N21,2707.6153476759623,2709.238178469613,1.6228307936507917
N1-F26-5-1P,桁架至坡口工作站,自动分拣N21,2709.238178469613,2710.4048784696133,1.166700000000219
N1-F26-5-1S,分拣,自动分拣N21,2710.4048784696133,2711.9848784696132,1.5799999999999272
N1-F26-5-1S,自动打磨,自动打磨N21,2711.9848784696132,2715.2881427553275,3.303264285714249
N1-F26-5-1S,桁架至坡口工作站,自动分拣N21,2715.2881427553275,2716.4548427553277,1.166700000000219
N1-F27-2-1P,分拣,自动分拣N21,2716.4548427553277,2718.0348427553276,1.5799999999999272
N1-F27-2-1P,自动打磨,自动打磨N21,2718.0348427553276,2719.4398433902484,1.4050006349207251
N1-F27-2-1P,桁架至坡口工作站,自动分拣N21,2719.4398433902484,2720.6065433902486,1.166700000000219
N1-F27-2-1S,分拣,自动分拣N21,2720.6065433902486,2722.1865433902485,1.5799999999999272
N1-F27-2-1S,自动打磨,自动打磨N21,2722.1865433902485,2724.006484263264,1.8199408730156392
N1-F27-2-1S,桁架至坡口工作站,自动分拣N21,2724.006484263264,2725.1731842632644,1.166700000000219
N1-F28-3-1P,分拣,自动分拣N21,2725.1731842632644,2726.7531842632643,1.5799999999999272
N1-F28-3-1P,自动打磨,自动打磨N21,2726.7531842632643,2728.2496824378672,1.496498174602948
N1-F28-3-1P,桁架至坡口工作站,自动分拣N21,2728.2496824378672,2729.4163824378675,1.166700000000219
N1-F28-3-1S,分拣,自动分拣N21,2729.4163824378675,2730.9963824378674,1.5799999999999272
N1-F28-3-1S,自动打磨,自动打磨N21,2730.9963824378674,2732.6134319616767,1.617049523809328
N1-F28-3-1S,桁架至坡口工作站,自动分拣N21,2732.6134319616767,2733.780131961677,1.166700000000219
N1-F29-3-1P,分拣,自动分拣N21,2733.780131961677,2735.360131961677,1.5799999999999272
N1-F29-3-1P,自动打磨,自动打磨N21,2735.360131961677,2737.1786436283437,1.8185116666668364
N1-F29-3-1P,桁架至坡口工作站,自动分拣N21,2737.1786436283437,2738.345343628344,1.166700000000219
N1-F29-3-1S,分拣,自动分拣N21,2738.345343628344,2739.925343628344,1.5799999999999272
N1-F29-3-1S,自动打磨,自动打磨N21,2739.925343628344,2742.726488707709,2.801145079365142
N1-F29-3-1S,桁架至坡口工作站,自动分拣N21,2742.726488707709,2743.893188707709,1.166700000000219
E01S-1219,天车空驶（胎架到原料区）,天车,2516.511391585126,2524.511391585126,8.0
E01S-1219,天车吊运（原料区到胎架）,天车,2524.511391585126,2527.511391585126,3.0
N1-STB-1P-1P,自由边打磨,人工打磨N51,2702.0583343754865,2702.3823393498456,0.32400497435901343
E01S-1212,天车空驶（胎架到原料区）,天车,2680.342445173422,2683.342445173422,3.0
E01S-1212,天车吊运（原料区到胎架）,天车,2683.342445173422,2686.342445173422,3.0
N1-STB-2S-1S,自由边打磨,人工打磨N51,2702.3823393498456,2702.711340837025,0.32900148717953925
E01S-1219切割后的大件,天车吊运（胎架到成品区）,天车,2702.711340837025,2707.711340837025,5.0
E01S-1210,天车空驶（胎架到原料区）,天车,2707.711340837025,2715.711340837025,8.0
E01S-1210,天车吊运（原料区到胎架）,天车,2715.711340837025,2718.711340837025,3.0
E01S-1212切割后的大件,天车吊运（胎架到坡口区）,天车,2733.9599282735885,2736.9599282735885,3.0
N1-AG-6-1P,人工坡口,人工坡口1,2821.6159275851255,2828.6603035851253,7.044375999999829
N1-AG-6-1S,人工坡口,人工坡口1,2828.6603035851253,2835.704679585125,7.044375999999829
E01S-1212切割后的大件,天车吊运（坡口区到成品区）,天车,2835.704679585125,2840.704679585125,5.0
E01S-1200,天车空驶（胎架到原料区）,天车,2736.9599282735885,2744.9599282735885,8.0
E01S-1200,天车吊运（原料区到胎架）,天车,2744.9599282735885,2747.9599282735885,3.0
E01S-1210切割后的大件,天车吊运（胎架到成品区）,天车,2767.126480531039,2772.126480531039,5.0
N1-F30-3S-1S,分拣,自动分拣N51,2810.7137836059887,2812.2937836059887,1.5799999999999272
N1-F30-3S-1S,自动打磨,自动打磨N51,2812.2937836059887,2813.6509264631313,1.3571428571426623
N1-F30-3S-1S,桁架码垛,自动分拣N51,2813.6509264631313,2814.8209264631314,1.1700000000000728
N1-DB-1SP-4SP,自由边打磨,人工打磨N51,2810.7137836059887,2811.196895093168,0.48311148717948527
E01S-1221,天车空驶（胎架到原料区）,天车,2490.610543371828,2498.610543371828,8.0
E01S-1221,天车吊运（原料区到胎架）,天车,2498.610543371828,2501.610543371828,3.0
N1-DB-1SP-6SP,分拣,自动分拣N51,2814.8209264631314,2816.4009264631313,1.5799999999999272
N1-DB-1SP-6SP,自动打磨,自动打磨N51,2816.4009264631313,2817.935586304401,1.5346598412697858
N1-DB-1SP-6SP,桁架码垛,自动分拣N51,2817.935586304401,2819.105586304401,1.1700000000000728
N1-F30-3S-2S,分拣,自动分拣N51,2819.105586304401,2820.685586304401,1.5799999999999272
N1-F30-3S-2S,自动打磨,自动打磨N51,2820.685586304401,2822.433258844084,1.7476725396827533
N1-F30-3S-2S,桁架码垛,自动分拣N51,2822.433258844084,2823.603258844084,1.1700000000000728
E01S-1200切割后的大件,天车吊运（胎架到坡口区）,天车,2811.196895093168,2814.196895093168,3.0
N1-DB-1SP-4SP,人工坡口,人工坡口1,2835.704679585125,2854.4903035851253,18.785624000000098
E01S-1200切割后的大件,天车吊运（坡口区到成品区）,天车,2854.4903035851253,2859.4903035851253,5.0
N1-F20-1P-1P,分拣,自动分拣N21,2776.3966126764753,2777.9766126764753,1.5799999999999272
N1-F20-1P-1P,自动打磨,自动打磨N21,2777.9766126764753,2779.4857817240945,1.5091690476192525
N1-F20-1P-1P,桁架码垛,自动分拣N21,2779.4857817240945,2780.6557817240946,1.1700000000000728
N1-F20-2P-1P,分拣,自动分拣N21,2780.6557817240946,2782.2357817240945,1.5799999999999272
N1-F20-2P-1P,自动打磨,自动打磨N21,2782.2357817240945,2783.7449506923485,1.5091689682540164
N1-F20-2P-1P,桁架码垛,自动分拣N21,2783.7449506923485,2784.9149506923486,1.1700000000000728
N1-F20-3S-1S,分拣,自动分拣N21,2784.9149506923486,2786.4949506923485,1.5799999999999272
N1-F20-3S-1S,自动打磨,自动打磨N21,2786.4949506923485,2788.004119739968,1.5091690476192525
N1-F20-3S-1S,桁架码垛,自动分拣N21,2788.004119739968,2789.174119739968,1.1700000000000728
N1-F20-4S-1S,分拣,自动分拣N21,2789.174119739968,2790.754119739968,1.5799999999999272
N1-F20-4S-1S,自动打磨,自动打磨N21,2790.754119739968,2792.25877227965,1.5046525396824109
N1-F20-4S-1S,桁架码垛,自动分拣N21,2792.25877227965,2793.4287722796503,1.1700000000000728
N1-F21-1P-1P,分拣,自动分拣N21,2793.4287722796503,2795.00877227965,1.5799999999999272
N1-F21-1P-1P,自动打磨,自动打磨N21,2795.00877227965,2796.513424739968,1.5046524603176294
N1-F21-1P-1P,桁架码垛,自动分拣N21,2796.513424739968,2797.683424739968,1.1700000000000728
N1-F21-2P-1P,分拣,自动分拣N21,2797.683424739968,2799.263424739968,1.5799999999999272
N1-F21-2P-1P,自动打磨,自动打磨N21,2799.263424739968,2800.7680772796502,1.5046525396824109
N1-F21-2P-1P,桁架码垛,自动分拣N21,2800.7680772796502,2801.9380772796503,1.1700000000000728
N1-F21-3S-1S,分拣,自动分拣N21,2801.9380772796503,2803.5180772796502,1.5799999999999272
N1-F21-3S-1S,自动打磨,自动打磨N21,2803.5180772796502,2805.022729739968,1.5046524603176294
N1-F21-3S-1S,桁架码垛,自动分拣N21,2805.022729739968,2806.192729739968,1.1700000000000728
N1-F21-4S-1S,分拣,自动分拣N21,2806.192729739968,2807.772729739968,1.5799999999999272
N1-F21-4S-1S,自动打磨,自动打磨N21,2807.772729739968,2809.991189025682,2.218459285714289
N1-F21-4S-1S,桁架码垛,自动分拣N21,2809.991189025682,2811.1611890256822,1.1700000000000728
N1-F22-1P-1P,分拣,自动分拣N21,2811.1611890256822,2812.741189025682,1.5799999999999272
N1-F22-1P-1P,自动打磨,自动打磨N21,2812.741189025682,2814.9596483113964,2.218459285714289
N1-F22-1P-1P,桁架码垛,自动分拣N21,2814.9596483113964,2816.1296483113965,1.1700000000000728
N1-F22-2P-1P,分拣,自动分拣N21,2816.1296483113965,2817.7096483113964,1.5799999999999272
N1-F22-2P-1P,自动打磨,自动打磨N21,2817.7096483113964,2820.115547835206,2.405899523809694
N1-F22-2P-1P,桁架码垛,自动分拣N21,2820.115547835206,2821.285547835206,1.1700000000000728
N1-F22-3S-1S,分拣,自动分拣N21,2821.285547835206,2822.865547835206,1.5799999999999272
N1-F22-3S-1S,自动打磨,自动打磨N21,2822.865547835206,2825.271447359016,2.405899523809694
N1-F22-3S-1S,桁架码垛,自动分拣N21,2825.271447359016,2826.441447359016,1.1700000000000728
N1-F22-4S-1S,分拣,自动分拣N21,2826.441447359016,2828.021447359016,1.5799999999999272
N1-F22-4S-1S,自动打磨,自动打磨N21,2828.021447359016,2829.859977438381,1.8385300793652277
N1-F22-4S-1S,桁架码垛,自动分拣N21,2829.859977438381,2831.029977438381,1.1700000000000728
N1-F23-1P-1P,分拣,自动分拣N21,2831.029977438381,2832.609977438381,1.5799999999999272
N1-F23-1P-1P,自动打磨,自动打磨N21,2832.609977438381,2834.448507438381,1.8385299999999916
N1-F23-1P-1P,桁架码垛,自动分拣N21,2834.448507438381,2835.618507438381,1.1700000000000728
N1-F23-2P-1P,分拣,自动分拣N21,2835.618507438381,2837.198507438381,1.5799999999999272
N1-F23-2P-1P,自动打磨,自动打磨N21,2837.198507438381,2839.601195771714,2.402688333333117
N1-F23-2P-1P,桁架码垛,自动分拣N21,2839.601195771714,2840.7711957717142,1.1700000000000728
N1-F23-3S-1S,分拣,自动分拣N21,2840.7711957717142,2842.351195771714,1.5799999999999272
N1-F23-3S-1S,自动打磨,自动打磨N21,2842.351195771714,2844.52995680346,2.178761031746035
N1-F23-3S-1S,桁架码垛,自动分拣N21,2844.52995680346,2845.6999568034603,1.1700000000000728
N1-F23-4S-1S,分拣,自动分拣N21,2845.6999568034603,2847.27995680346,1.5799999999999272
N1-F23-4S-1S,自动打磨,自动打磨N21,2847.27995680346,2848.5229537082223,1.2429969047620943
N1-F23-4S-1S,桁架码垛,自动分拣N21,2848.5229537082223,2849.6929537082224,1.1700000000000728
N1-F24-1P-1P,分拣,自动分拣N21,2849.6929537082224,2851.2729537082223,1.5799999999999272
N1-F24-1P-1P,自动打磨,自动打磨N21,2851.2729537082223,2852.515950533619,1.2429968253968582
N1-F24-1P-1P,桁架码垛,自动分拣N21,2852.515950533619,2853.6859505336192,1.1700000000000728
N1-F24-2P-1P,分拣,自动分拣N21,2853.6859505336192,2855.265950533619,1.5799999999999272
N1-F24-2P-1P,自动打磨,自动打磨N21,2855.265950533619,2857.475893073302,2.209942539682743
N1-F24-2P-1P,桁架码垛,自动分拣N21,2857.475893073302,2858.645893073302,1.1700000000000728
N1-F24-3S-1S,分拣,自动分拣N21,2858.645893073302,2860.225893073302,1.5799999999999272
N1-F24-3S-1S,自动打磨,自动打磨N21,2860.225893073302,2862.4358356129846,2.209942539682743
N1-F24-3S-1S,桁架码垛,自动分拣N21,2862.4358356129846,2863.6058356129847,1.1700000000000728
N1-F24-4S-1S,分拣,自动分拣N21,2863.6058356129847,2865.1858356129846,1.5799999999999272
N1-F24-4S-1S,自动打磨,自动打磨N21,2865.1858356129846,2866.4288324383815,1.2429968253968582
N1-F24-4S-1S,桁架码垛,自动分拣N21,2866.4288324383815,2867.5988324383816,1.1700000000000728
N1-F25-1P-1P,分拣,自动分拣N21,2867.5988324383816,2869.1788324383815,1.5799999999999272
N1-F25-1P-1P,自动打磨,自动打磨N21,2869.1788324383815,2871.388774898699,2.2099424603175066
N1-F25-1P-1P,桁架码垛,自动分拣N21,2871.388774898699,2872.558774898699,1.1700000000000728
N1-F25-2P-1P,分拣,自动分拣N21,2872.558774898699,2874.138774898699,1.5799999999999272
N1-F25-2P-1P,自动打磨,自动打磨N21,2874.138774898699,2875.381771803461,1.2429969047620943
N1-F25-2P-1P,桁架码垛,自动分拣N21,2875.381771803461,2876.551771803461,1.1700000000000728
N1-F25-3S-1S,分拣,自动分拣N21,2876.551771803461,2878.131771803461,1.5799999999999272
N1-F25-3S-1S,自动打磨,自动打磨N21,2878.131771803461,2880.341714343144,2.209942539682743
N1-F25-3S-1S,桁架码垛,自动分拣N21,2880.341714343144,2881.511714343144,1.1700000000000728
N1-F25-4S-1S,分拣,自动分拣N21,2881.511714343144,2883.091714343144,1.5799999999999272
N1-F25-4S-1S,自动打磨,自动打磨N21,2883.091714343144,2884.3347111685407,1.2429968253968582
N1-F25-4S-1S,桁架码垛,自动分拣N21,2884.3347111685407,2885.504711168541,1.1700000000000728
N1-F26-1P-1P,分拣,自动分拣N21,2885.504711168541,2887.0847111685407,1.5799999999999272
N1-F26-1P-1P,自动打磨,自动打磨N21,2887.0847111685407,2888.327708073303,1.2429969047620943
N1-F26-1P-1P,桁架码垛,自动分拣N21,2888.327708073303,2889.497708073303,1.1700000000000728
N1-F26-2P-1P,分拣,自动分拣N21,2889.497708073303,2891.077708073303,1.5799999999999272
N1-F26-2P-1P,自动打磨,自动打磨N21,2891.077708073303,2893.2876506129855,2.209942539682743
N1-F26-2P-1P,桁架码垛,自动分拣N21,2893.2876506129855,2894.4576506129856,1.1700000000000728
N1-F26-3S-1S,分拣,自动分拣N21,2894.4576506129856,2896.0376506129855,1.5799999999999272
N1-F26-3S-1S,自动打磨,自动打磨N21,2896.0376506129855,2897.2806475177476,1.2429969047620943
N1-F26-3S-1S,桁架码垛,自动分拣N21,2897.2806475177476,2898.4506475177477,1.1700000000000728
N1-F26-4S-1S,分拣,自动分拣N21,2898.4506475177477,2900.0306475177476,1.5799999999999272
N1-F26-4S-1S,自动打磨,自动打磨N21,2900.0306475177476,2902.240589978065,2.2099424603175066
N1-F26-4S-1S,桁架码垛,自动分拣N21,2902.240589978065,2903.410589978065,1.1700000000000728
E01S-1215,天车空驶（胎架到原料区）,天车,2772.126480531039,2780.126480531039,8.0
E01S-1215,天车吊运（原料区到胎架）,天车,2780.126480531039,2783.126480531039,3.0
N1-F33-2-1P,自由边打磨,人工打磨N51,2937.9964420697943,2938.3225251979993,0.3260831282050276
E01S-1225,天车空驶（胎架到原料区）,天车,2747.9599282735885,2750.9599282735885,3.0
E01S-1225,天车吊运（原料区到胎架）,天车,2750.9599282735885,2753.9599282735885,3.0
N1-F29-5P-1P,自由边打磨,人工打磨N51,2938.3225251979993,2938.6520677108197,0.3295425128203533
N1-F17-1SP-1SP,自由边打磨,人工打磨N51,2938.6520677108197,2939.4756574544094,0.8235897435897641
N1-F29-4P-1P,自由边打磨,人工打磨N51,2939.4756574544094,2939.6377904287683,0.16213297435888308
N1-F31-1P-1P,分拣,自动分拣N51,2937.9964420697943,2939.576442069794,1.5799999999999272
N1-F31-1P-1P,自动打磨,自动打磨N51,2939.576442069794,2941.0778783396354,1.5014362698411787
N1-F31-1P-1P,桁架码垛,自动分拣N51,2941.0778783396354,2942.2478783396355,1.1700000000000728
N1-F33-2-1S,自由边打磨,人工打磨N51,2939.6377904287683,2939.9638735569733,0.3260831282050276
N1-F21-6P-1P,自由边打磨,人工打磨N51,2939.9638735569733,2940.2934164800504,0.32954292307704236
N1-F26-8S-1S,自由边打磨,人工打磨N51,2940.2934164800504,2940.6174214544094,0.32400497435901343
N1-LG2-5WS-1S,自由边打磨,人工打磨N51,2940.6174214544094,2940.7795544287683,0.16213297435888308
N1-ST-4-2S,分拣,自动分拣N51,2942.2478783396355,2943.8278783396354,1.5799999999999272
N1-ST-4-2S,自动打磨,自动打磨N51,2943.8278783396354,2945.0787984190006,1.2509200793651871
N1-ST-4-2S,桁架码垛,自动分拣N51,2945.0787984190006,2946.2487984190007,1.1700000000000728
E01S-1215切割后的大件,天车吊运（胎架到成品区）,天车,2940.7795544287683,2945.7795544287683,5.0
N1-LG32-2-1P,分拣,自动分拣N21,2903.410589978065,2904.990589978065,1.5799999999999272
N1-LG32-2-1P,自动打磨,自动打磨N21,2904.990589978065,2907.5412560891764,2.5506661111112408
N1-LG32-2-1P,桁架码垛,自动分拣N21,2907.5412560891764,2908.7112560891765,1.1700000000000728
N1-LG32-2-1S,分拣,自动分拣N21,2908.7112560891765,2910.2912560891764,1.5799999999999272
N1-LG32-2-1S,自动打磨,自动打磨N21,2910.2912560891764,2912.8221283907637,2.530872301587351
N1-LG32-2-1S,桁架码垛,自动分拣N21,2912.8221283907637,2913.992128390764,1.1700000000000728
N1-BW-2-1P,分拣,自动分拣N21,2913.992128390764,2915.5721283907637,1.5799999999999272
N1-BW-2-1P,自动打磨,自动打磨N21,2915.5721283907637,2917.7820709304465,2.209942539682743
N1-BW-2-1P,桁架码垛,自动分拣N21,2917.7820709304465,2918.9520709304466,1.1700000000000728
N1-BW-2-1S,分拣,自动分拣N21,2918.9520709304466,2920.5320709304465,1.5799999999999272
N1-BW-2-1S,自动打磨,自动打磨N21,2920.5320709304465,2923.0827369621925,2.5506660317460046
N1-BW-2-1S,桁架码垛,自动分拣N21,2923.0827369621925,2924.2527369621926,1.1700000000000728
N1-BW-3-1P,分拣,自动分拣N21,2924.2527369621926,2925.8327369621925,1.5799999999999272
N1-BW-3-1P,自动打磨,自动打磨N21,2925.8327369621925,2928.3834030733037,2.5506661111112408
N1-BW-3-1P,桁架码垛,自动分拣N21,2928.3834030733037,2929.553403073304,1.1700000000000728
N1-BW-3-1S,分拣,自动分拣N21,2929.553403073304,2931.1334030733037,1.5799999999999272
N1-BW-3-1S,自动打磨,自动打磨N21,2931.1334030733037,2933.684069184415,2.5506661111112408
N1-BW-3-1S,桁架码垛,自动分拣N21,2933.684069184415,2934.854069184415,1.1700000000000728
N1-F35-2-1P,分拣,自动分拣N21,2934.854069184415,2936.434069184415,1.5799999999999272
N1-F35-2-1P,自动打磨,自动打磨N21,2936.434069184415,2938.984735295526,2.5506661111112408
N1-F35-2-1P,桁架码垛,自动分拣N21,2938.984735295526,2940.1547352955263,1.1700000000000728
N1-F35-2-1S,分拣,自动分拣N21,2940.1547352955263,2941.734735295526,1.5799999999999272
N1-F35-2-1S,自动打磨,自动打磨N21,2941.734735295526,2944.285401327272,2.5506660317460046
N1-F35-2-1S,桁架码垛,自动分拣N21,2944.285401327272,2945.4554013272723,1.1700000000000728
N1-F35-2-2P,分拣,自动分拣N21,2945.4554013272723,2947.035401327272,1.5799999999999272
N1-F35-2-2P,自动打磨,自动打磨N21,2947.035401327272,2949.5860674383835,2.5506661111112408
N1-F35-2-2P,桁架码垛,自动分拣N21,2949.5860674383835,2950.7560674383835,1.1700000000000728
N1-F35-2-2S,分拣,自动分拣N21,2950.7560674383835,2952.3360674383835,1.5799999999999272
N1-F35-2-2S,自动打磨,自动打磨N21,2952.3360674383835,2954.8867334701295,2.5506660317460046
N1-F35-2-2S,桁架码垛,自动分拣N21,2954.8867334701295,2956.0567334701295,1.1700000000000728
E01S-1233,天车空驶（胎架到原料区）,天车,2892.410589978065,2900.410589978065,8.0
E01S-1233,天车吊运（原料区到胎架）,天车,2900.410589978065,2903.410589978065,3.0
N1-AG-1P-1P,自由边打磨,人工打磨N21,2943.683664260996,2944.028176312278,0.34451205128198126
E01S-1231,天车空驶（胎架到原料区）,天车,2826.6159275851255,2829.6159275851255,3.0
E01S-1231,天车吊运（原料区到胎架）,天车,2829.6159275851255,2832.6159275851255,3.0
N1-AG-2S-1S,自由边打磨,人工打磨N21,2944.028176312278,2944.3726884148423,0.34451210256429476
E01S-1233切割后的大件,天车吊运（胎架到成品区）,天车,2945.7795544287683,2950.7795544287683,5.0
N1-F36-3-2BP,分拣,自动分拣N51,2983.5509083029756,2985.1309083029755,1.5799999999999272
N1-F36-3-2BP,自动打磨,自动打磨N51,2985.1309083029755,2987.549451795039,2.418543492063691
N1-F36-3-2BP,桁架码垛,自动分拣N51,2987.549451795039,2988.7194517950393,1.1700000000000728
N1-F36-3-2BS,分拣,自动分拣N51,2988.7194517950393,2990.299451795039,1.5799999999999272
N1-F36-3-2BS,自动打磨,自动打磨N51,2990.299451795039,2992.7307912394836,2.4313394444443475
N1-F36-3-2BS,桁架码垛,自动分拣N51,2992.7307912394836,2993.9007912394836,1.1700000000000728
N1-F36-3B1-1P,分拣,自动分拣N51,2993.9007912394836,2995.4807912394836,1.5799999999999272
N1-F36-3B1-1P,自动打磨,自动打磨N51,2995.4807912394836,2997.881498541071,2.4007073015873175
N1-F36-3B1-1P,桁架码垛,自动分拣N51,2997.881498541071,2999.051498541071,1.1700000000000728
N1-F36-3B1-1S,分拣,自动分拣N51,2999.051498541071,3000.631498541071,1.5799999999999272
N1-F36-3B1-1S,自动打磨,自动打磨N51,3000.631498541071,3003.0322059220234,2.4007073809525536
N1-F36-3B1-1S,桁架码垛,自动分拣N51,3003.0322059220234,3004.2022059220235,1.1700000000000728
N1-F36-4-1P,自由边打磨,人工打磨N51,2983.5509083029756,2984.1758895850267,0.624981282051067
E01S-1222,天车空驶（胎架到原料区）,天车,2950.7795544287683,2958.7795544287683,8.0
E01S-1222,天车吊运（原料区到胎架）,天车,2958.7795544287683,2961.7795544287683,3.0
N1-F36-4B1W-1P,分拣,自动分拣N51,3004.2022059220235,3005.7822059220234,1.5799999999999272
N1-F36-4B1W-1P,自动打磨,自动打磨N51,3005.7822059220234,3008.056083144246,2.2738772222223815
N1-F36-4B1W-1P,桁架码垛,自动分拣N51,3008.056083144246,3009.226083144246,1.1700000000000728
N1-F33-1SP-7BSP,分拣,自动分拣N51,3009.226083144246,3010.806083144246,1.5799999999999272
N1-F33-1SP-7BSP,自动打磨,自动打磨N51,3010.806083144246,3013.2495066363094,2.44342349206363
N1-F33-1SP-7BSP,桁架码垛,自动分拣N51,3013.2495066363094,3014.4195066363095,1.1700000000000728
N1-F36-2S-1BS,分拣,自动分拣N51,3014.4195066363095,3015.9995066363094,1.5799999999999272
N1-F36-2S-1BS,自动打磨,自动打磨N51,3015.9995066363094,3018.1260096521823,2.1265030158729132
N1-F36-2S-1BS,桁架码垛,自动分拣N51,3018.1260096521823,3019.2960096521824,1.1700000000000728
N1-F36-2S-4BS,分拣,自动分拣N51,3019.2960096521824,3020.8760096521823,1.5799999999999272
N1-F36-2S-4BS,自动打磨,自动打磨N51,3020.8760096521823,3023.0025128267857,2.1265031746033856
N1-F36-2S-4BS,桁架码垛,自动分拣N51,3023.0025128267857,3024.172512826786,1.1700000000000728
N1-F36-4-1S,自由边打磨,人工打磨N51,2984.1758895850267,2984.529280969642,0.3533913846154064
N1-F36-4B1W-1S,分拣,自动分拣N51,3024.172512826786,3025.7525128267857,1.5799999999999272
N1-F36-4B1W-1S,自动打磨,自动打磨N51,3025.7525128267857,3027.878793144246,2.1262803174604414
N1-F36-4B1W-1S,桁架码垛,自动分拣N51,3027.878793144246,3029.0487931442462,1.1700000000000728
N1-F33-1B1-1P,分拣,自动分拣N51,3029.0487931442462,3030.628793144246,1.5799999999999272
N1-F33-1B1-1P,自动打磨,自动打磨N51,3030.628793144246,3032.755296160119,2.1265030158729132
N1-F33-1B1-1P,桁架码垛,自动分拣N51,3032.755296160119,3033.925296160119,1.1700000000000728
N1-F33-1B1-1S,分拣,自动分拣N51,3033.925296160119,3035.505296160119,1.5799999999999272
N1-F33-1B1-1S,自动打磨,自动打磨N51,3035.505296160119,3037.9366355251987,2.431339365079566
N1-F33-1B1-1S,桁架码垛,自动分拣N51,3037.9366355251987,3039.1066355251987,1.1700000000000728
E01S-1231切割后的大件,天车吊运（胎架到坡口区）,天车,2984.529280969642,2987.529280969642,3.0
N1-F36-4-1P,人工坡口,人工坡口1,2987.529280969642,2997.985540969642,10.45625999999993
N1-F36-4-1S,人工坡口,人工坡口1,2997.985540969642,3008.441800969642,10.45625999999993
E01S-1231切割后的大件,天车吊运（坡口区到成品区）,天车,3008.441800969642,3013.441800969642,5.0
N1-F18-1P-1P,分拣,自动分拣N21,3012.985701378091,3014.565701378091,1.5799999999999272
N1-F18-1P-1P,自动打磨,自动打磨N21,3014.565701378091,3016.775643917774,2.209942539682743
N1-F18-1P-1P,桁架码垛,自动分拣N21,3016.775643917774,3017.945643917774,1.1700000000000728
N1-F18-2S-1S,分拣,自动分拣N21,3017.945643917774,3019.525643917774,1.5799999999999272
N1-F18-2S-1S,自动打磨,自动打磨N21,3019.525643917774,3020.7686407431706,1.2429968253968582
N1-F18-2S-1S,桁架码垛,自动分拣N21,3020.7686407431706,3021.9386407431707,1.1700000000000728
N1-ST-3-1P,分拣,自动分拣N21,3021.9386407431707,3023.5186407431706,1.5799999999999272
N1-ST-3-1P,自动打磨,自动打磨N21,3023.5186407431706,3024.7616376479327,1.2429969047620943
N1-ST-3-1P,桁架码垛,自动分拣N21,3024.7616376479327,3025.931637647933,1.1700000000000728
N1-ST-3-1S,分拣,自动分拣N21,3025.931637647933,3027.5116376479327,1.5799999999999272
N1-ST-3-1S,自动打磨,自动打磨N21,3027.5116376479327,3029.7215801082502,2.2099424603175066
N1-ST-3-1S,桁架码垛,自动分拣N21,3029.7215801082502,3030.8915801082503,1.1700000000000728
N1-ST-3-2P,分拣,自动分拣N21,3030.8915801082503,3032.4715801082502,1.5799999999999272
N1-ST-3-2P,自动打磨,自动打磨N21,3032.4715801082502,3034.681522647933,2.209942539682743
N1-ST-3-2P,桁架码垛,自动分拣N21,3034.681522647933,3035.851522647933,1.1700000000000728
N1-ST-4-1P,分拣,自动分拣N21,3035.851522647933,3037.431522647933,1.5799999999999272
N1-ST-4-1P,自动打磨,自动打磨N21,3037.431522647933,3038.67451947333,1.2429968253968582
N1-ST-4-1P,桁架码垛,自动分拣N21,3038.67451947333,3039.84451947333,1.1700000000000728
N1-ST-4-1S,分拣,自动分拣N21,3039.84451947333,3041.42451947333,1.5799999999999272
N1-ST-4-1S,自动打磨,自动打磨N21,3041.42451947333,3042.667516378092,1.2429969047620943
N1-ST-4-1S,桁架码垛,自动分拣N21,3042.667516378092,3043.837516378092,1.1700000000000728
N1-ST-4-2P,分拣,自动分拣N21,3043.837516378092,3045.417516378092,1.5799999999999272
N1-ST-4-2P,自动打磨,自动打磨N21,3045.417516378092,3047.6274589177747,2.209942539682743
N1-ST-4-2P,桁架码垛,自动分拣N21,3047.6274589177747,3048.7974589177747,1.1700000000000728
E01S-1218,天车空驶（胎架到原料区）,天车,2961.7795544287683,2969.7795544287683,8.0
E01S-1218,天车吊运（原料区到胎架）,天车,2969.7795544287683,2972.7795544287683,3.0
N1-F25-7-1P,分拣,自动分拣N51,3039.1066355251987,3040.6866355251987,1.5799999999999272
N1-F25-7-1P,自动打磨,自动打磨N51,3040.6866355251987,3042.18807179504,1.5014362698411787
N1-F25-7-1P,桁架码垛,自动分拣N51,3042.18807179504,3043.35807179504,1.1700000000000728
N1-F25-6-1P,自由边打磨,人工打磨N51,3038.707108634656,3039.0311135577326,0.3240049230766999
E01S-1220,天车空驶（胎架到原料区）,天车,2972.7795544287683,2975.7795544287683,3.0
E01S-1220,天车吊运（原料区到胎架）,天车,2975.7795544287683,2978.7795544287683,3.0
N1-F25-6-1S,自由边打磨,人工打磨N51,3039.0311135577326,3039.3551185320916,0.32400497435901343
N1-F25-7-1S,分拣,自动分拣N51,3043.35807179504,3044.93807179504,1.5799999999999272
N1-F25-7-1S,自动打磨,自动打磨N51,3044.93807179504,3046.439508064881,1.5014362698411787
N1-F25-7-1S,桁架码垛,自动分拣N51,3046.439508064881,3047.609508064881,1.1700000000000728
N1-F29-6S-1S,自由边打磨,人工打磨N51,3039.3551185320916,3039.6791234551683,0.3240049230766999
E01S-1218切割后的大件,天车吊运（胎架到成品区）,天车,3039.6791234551683,3044.6791234551683,5.0
N1-F19-1SP-1SP,自由边打磨,人工打磨N21,3070.3730222920212,3070.7020237792008,0.32900148717953925
E01S-1230,天车空驶（胎架到原料区）,天车,3028.1066355251987,3036.1066355251987,8.0
E01S-1230,天车吊运（原料区到胎架）,天车,3036.1066355251987,3039.1066355251987,3.0
N1-F27-1SP-1SP,自由边打磨,人工打磨N21,3070.7020237792008,3071.0310252663803,0.32900148717953925
N1-F28-1P-1P,分拣,自动分拣N21,3070.3730222920212,3071.953022292021,1.5799999999999272
N1-F28-1P-1P,自动打磨,自动打磨N21,3071.953022292021,3073.462191260275,1.5091689682540164
N1-F28-1P-1P,桁架码垛,自动分拣N21,3073.462191260275,3074.6321912602752,1.1700000000000728
N1-F29-1P-1P,分拣,自动分拣N21,3074.6321912602752,3076.212191260275,1.5799999999999272
N1-F29-1P-1P,自动打磨,自动打磨N21,3076.212191260275,3077.7213603078944,1.5091690476192525
N1-F29-1P-1P,桁架码垛,自动分拣N21,3077.7213603078944,3078.8913603078945,1.1700000000000728
N1-F28-2S-1S,分拣,自动分拣N21,3078.8913603078945,3080.4713603078944,1.5799999999999272
N1-F28-2S-1S,自动打磨,自动打磨N21,3080.4713603078944,3081.980529196783,1.5091688888887802
N1-F28-2S-1S,桁架码垛,自动分拣N21,3081.980529196783,3083.1505291967833,1.1700000000000728
N1-F29-2S-1S,分拣,自动分拣N21,3083.1505291967833,3084.730529196783,1.5799999999999272
N1-F29-2S-1S,自动打磨,自动打磨N21,3084.730529196783,3086.239698165037,1.5091689682540164
N1-F29-2S-1S,桁架码垛,自动分拣N21,3086.239698165037,3087.4096981650373,1.1700000000000728
E01S-1220切割后的大件,天车吊运（胎架到成品区）,天车,3071.0310252663803,3076.0310252663803,5.0
N1-F36-3-1P,自由边打磨,人工打磨N51,3106.526490151053,3107.116282099771,0.5897919487179024
E01S-1243,天车空驶（胎架到原料区）,天车,3044.6791234551683,3052.6791234551683,8.0
E01S-1243,天车吊运（原料区到胎架）,天车,3052.6791234551683,3055.6791234551683,3.0
N1-F36-3-1S,自由边打磨,人工打磨N51,3107.116282099771,3107.164710253617,0.04842815384608912
N1-F36-1P-1P,自由边打磨,人工打磨N51,3107.164710253617,3108.252236356181,1.0875261025639702
N1-F36-2S-1S,自由边打磨,人工打磨N51,3108.252236356181,3109.3397624074632,1.0875260512821114
E01S-1230切割后的大件,天车吊运（胎架到坡口区）,天车,3109.3397624074632,3112.3397624074632,3.0
N1-F36-1P-1P,人工坡口,人工坡口1,3112.3397624074632,3123.3901744074633,11.050412000000051
N1-F36-2S-1S,人工坡口,人工坡口1,3123.3901744074633,3134.5126144074634,11.122440000000097
N1-F36-3-1P,人工坡口,人工坡口1,3134.5126144074634,3142.6722384074633,8.159623999999894
N1-F36-3-1S,人工坡口,人工坡口1,3142.6722384074633,3150.851862407463,8.179623999999876
E01S-1230切割后的大件,天车吊运（坡口区到成品区）,天车,3150.851862407463,3155.851862407463,5.0
N1-F36-3-1BP,分拣,自动分拣N21,3158.566773115977,3160.146773115977,1.5799999999999272
N1-F36-3-1BP,自动打磨,自动打磨N21,3160.146773115977,3162.0807027191513,1.9339296031744198
N1-F36-3-1BP,桁架码垛,自动分拣N21,3162.0807027191513,3163.2507027191514,1.1700000000000728
N1-F36-3-1BS,分拣,自动分拣N21,3163.2507027191514,3164.8307027191513,1.5799999999999272
N1-F36-3-1BS,自动打磨,自动打磨N21,3164.8307027191513,3166.764632242961,1.9339295238096383
N1-F36-3-1BS,桁架码垛,自动分拣N21,3166.764632242961,3167.934632242961,1.1700000000000728
N1-F17-2B1-1P,分拣,自动分拣N21,3167.934632242961,3169.514632242961,1.5799999999999272
N1-F17-2B1-1P,自动打磨,自动打磨N21,3169.514632242961,3171.4196604969293,1.9050282539683394
N1-F17-2B1-1P,桁架码垛,自动分拣N21,3171.4196604969293,3172.5896604969294,1.1700000000000728
N1-F17-2B1-1S,分拣,自动分拣N21,3172.5896604969294,3174.1696604969293,1.5799999999999272
N1-F17-2B1-1S,自动打磨,自动打磨N21,3174.1696604969293,3176.0746887508976,1.9050282539683394
N1-F17-2B1-1S,桁架码垛,自动分拣N21,3176.0746887508976,3177.2446887508977,1.1700000000000728
N1-F31-5B1-1P,分拣,自动分拣N21,3177.2446887508977,3178.8246887508976,1.5799999999999272
N1-F31-5B1-1P,自动打磨,自动打磨N21,3178.8246887508976,3182.3609108143896,3.536222063492005
N1-F31-5B1-1P,桁架码垛,自动分拣N21,3182.3609108143896,3183.5309108143897,1.1700000000000728
N1-F34-2-1P,分拣,自动分拣N21,3183.5309108143897,3185.1109108143896,1.5799999999999272
N1-F34-2-1P,自动打磨,自动打磨N21,3185.1109108143896,3186.2915234334373,1.180612619047679
N1-F34-2-1P,桁架码垛,自动分拣N21,3186.2915234334373,3187.4615234334374,1.1700000000000728
N1-F34-2-1S,分拣,自动分拣N21,3187.4615234334374,3189.0415234334373,1.5799999999999272
N1-F34-2-1S,自动打磨,自动打磨N21,3189.0415234334373,3190.222136052485,1.180612619047679
N1-F34-2-1S,桁架码垛,自动分拣N21,3190.222136052485,3191.392136052485,1.1700000000000728
N1-F20-1B1P-1P,分拣,自动分拣N21,3191.392136052485,3192.972136052485,1.5799999999999272
N1-F20-1B1P-1P,自动打磨,自动打磨N21,3192.972136052485,3195.8669314493104,2.8947953968254296
N1-F20-1B1P-1P,桁架码垛,自动分拣N21,3195.8669314493104,3197.0369314493105,1.1700000000000728
N1-F20-2B1P-1P,分拣,自动分拣N21,3197.0369314493105,3198.6169314493104,1.5799999999999272
N1-F20-2B1P-1P,自动打磨,自动打磨N21,3198.6169314493104,3202.2232716874055,3.606340238095072
N1-F20-2B1P-1P,桁架码垛,自动分拣N21,3202.2232716874055,3203.3932716874056,1.1700000000000728
N1-F29-1B1P-1P,分拣,自动分拣N21,3203.3932716874056,3204.9732716874055,1.5799999999999272
N1-F29-1B1P-1P,自动打磨,自动打磨N21,3204.9732716874055,3208.024942004866,3.051670317460321
N1-F29-1B1P-1P,桁架码垛,自动分拣N21,3208.024942004866,3209.194942004866,1.1700000000000728
N1-F29-2B1P-1P,分拣,自动分拣N21,3209.194942004866,3210.774942004866,1.5799999999999272
N1-F29-2B1P-1P,自动打磨,自动打磨N21,3210.774942004866,3213.826874227088,3.051932222222149
N1-F29-2B1P-1P,桁架码垛,自动分拣N21,3213.826874227088,3214.996874227088,1.1700000000000728
N1-F29-3B1P-1P,分拣,自动分拣N21,3214.996874227088,3216.576874227088,1.5799999999999272
N1-F29-3B1P-1P,自动打磨,自动打磨N21,3216.576874227088,3220.5793836715325,4.002509444444513
N1-F29-3B1P-1P,桁架码垛,自动分拣N21,3220.5793836715325,3221.7493836715325,1.1700000000000728
N1-F31-5B1-1S,分拣,自动分拣N21,3221.7493836715325,3223.3293836715325,1.5799999999999272
N1-F31-5B1-1S,自动打磨,自动打磨N21,3223.3293836715325,3226.8656056556592,3.536221984126769
N1-F31-5B1-1S,桁架码垛,自动分拣N21,3226.8656056556592,3228.0356056556593,1.1700000000000728
N1-F36-1P-5BP,分拣,自动分拣N21,3228.0356056556593,3229.6156056556592,1.5799999999999272
N1-F36-1P-5BP,自动打磨,自动打磨N21,3229.6156056556592,3231.642663592167,2.0270579365078447
N1-F36-1P-5BP,桁架码垛,自动分拣N21,3231.642663592167,3232.812663592167,1.1700000000000728
N1-F26-1B1S-1S,分拣,自动分拣N21,3232.812663592167,3234.392663592167,1.5799999999999272
N1-F26-1B1S-1S,自动打磨,自动打磨N21,3234.392663592167,3237.743707719151,3.3510441269841067
N1-F26-1B1S-1S,桁架码垛,自动分拣N21,3237.743707719151,3238.9137077191513,1.1700000000000728
N1-F26-2B1S-1S,分拣,自动分拣N21,3238.9137077191513,3240.493707719151,1.5799999999999272
N1-F26-2B1S-1S,自动打磨,自动打磨N21,3240.493707719151,3243.545984703278,3.05227698412682
N1-F26-2B1S-1S,桁架码垛,自动分拣N21,3243.545984703278,3244.715984703278,1.1700000000000728
N1-F36-2S-2BS,分拣,自动分拣N21,3244.715984703278,3246.295984703278,1.5799999999999272
N1-F36-2S-2BS,自动打磨,自动打磨N21,3246.295984703278,3248.323042639786,2.0270579365078447
N1-F36-2S-2BS,桁架码垛,自动分拣N21,3248.323042639786,3249.493042639786,1.1700000000000728
N1-JXP-902S-1S,分拣,自动分拣N21,3249.493042639786,3251.073042639786,1.5799999999999272
N1-JXP-902S-1S,自动打磨,自动打磨N21,3251.073042639786,3252.283558512802,1.2105158730159928
N1-JXP-902S-1S,桁架码垛,自动分拣N21,3252.283558512802,3253.453558512802,1.1700000000000728
N1-JXP-903S-1S,分拣,自动分拣N21,3253.453558512802,3255.033558512802,1.5799999999999272
N1-JXP-903S-1S,自动打磨,自动打磨N21,3255.033558512802,3257.7282305762938,2.6946720634919075
N1-JXP-903S-1S,桁架码垛,自动分拣N21,3257.7282305762938,3258.898230576294,1.1700000000000728
E01S-1216,天车空驶（胎架到原料区）,天车,3055.6791234551683,3063.6791234551683,8.0
E01S-1216,天车吊运（原料区到胎架）,天车,3063.6791234551683,3066.6791234551683,3.0
N1-LG1-4-1P,自由边打磨,人工打磨N51,3126.182018549583,3126.51185547266,0.3298369230769822
E01S-1227,天车空驶（胎架到原料区）,天车,3112.3397624074632,3115.3397624074632,3.0
E01S-1227,天车吊运（原料区到胎架）,天车,3115.3397624074632,3118.3397624074632,3.0
N1-LG1-4-1S,自由边打磨,人工打磨N51,3126.51185547266,3126.8416929085574,0.3298374358973888
E01S-1216切割后的大件,天车吊运（胎架到成品区）,天车,3126.8416929085574,3131.8416929085574,5.0
N1-MG-1SP-1SP,分拣,自动分拣N51,3152.6856528143235,3154.2656528143234,1.5799999999999272
N1-MG-1SP-1SP,自动打磨,自动打磨N51,3154.2656528143234,3156.0349308301966,1.7692780158731694
N1-MG-1SP-1SP,桁架码垛,自动分拣N51,3156.0349308301966,3157.2049308301966,1.1700000000000728
N1-MG-5SP-1SP,自由边打磨,人工打磨N51,3152.6856528143235,3153.2020404040672,0.516387589743772
E01S-1235,天车空驶（胎架到原料区）,天车,3131.8416929085574,3139.8416929085574,8.0
E01S-1235,天车吊运（原料区到胎架）,天车,3139.8416929085574,3142.8416929085574,3.0
N1-MG-2SP-1SP,自由边打磨,人工打磨N51,3153.2020404040672,3154.1267187117596,0.9246783076923748
E01S-1227切割后的大件,天车吊运（胎架到成品区）,天车,3155.851862407463,3160.851862407463,5.0
N1-BW-1-1P,自由边打磨,人工打磨N51,3209.8578774446823,3210.7765828292977,0.9187053846153503
E01S-1238,天车空驶（胎架到原料区）,天车,3076.4096981650373,3084.4096981650373,8.0
E01S-1238,天车吊运（原料区到胎架）,天车,3084.4096981650373,3087.4096981650373,3.0
N1-F32-1-1P,分拣,自动分拣N51,3209.8578774446823,3211.4378774446823,1.5799999999999272
N1-F32-1-1P,自动打磨,自动打磨N51,3211.4378774446823,3213.829051412936,2.391173968253952
N1-F32-1-1P,桁架码垛,自动分拣N51,3213.829051412936,3214.9990514129363,1.1700000000000728
N1-LG1-1-1P,分拣,自动分拣N51,3214.9990514129363,3216.579051412936,1.5799999999999272
N1-LG1-1-1P,自动打磨,自动打磨N51,3216.579051412936,3218.535107285952,1.9560558730158846
N1-LG1-1-1P,桁架码垛,自动分拣N51,3218.535107285952,3219.705107285952,1.1700000000000728
N1-LG1-1-1S,分拣,自动分拣N51,3219.705107285952,3221.285107285952,1.5799999999999272
N1-LG1-1-1S,自动打磨,自动打磨N51,3221.285107285952,3222.360037127222,1.0749298412697499
N1-LG1-1-1S,桁架码垛,自动分拣N51,3222.360037127222,3223.530037127222,1.1700000000000728
N1-BW-1-1S,自由边打磨,人工打磨N51,3210.7765828292977,3211.67549513699,0.8989123076921715
N1-F32-1-1S,分拣,自动分拣N51,3223.530037127222,3225.110037127222,1.5799999999999272
N1-F32-1-1S,自动打磨,自动打磨N51,3225.110037127222,3227.0660930002377,1.9560558730158846
N1-F32-1-1S,桁架码垛,自动分拣N51,3227.0660930002377,3228.236093000238,1.1700000000000728
N1-LG2-1-1P,分拣,自动分拣N51,3228.236093000238,3229.8160930002377,1.5799999999999272
N1-LG2-1-1P,自动打磨,自动打磨N51,3229.8160930002377,3230.8910227621427,1.0749297619049685
N1-LG2-1-1P,桁架码垛,自动分拣N51,3230.8910227621427,3232.061022762143,1.1700000000000728
N1-LG2-1-1S,分拣,自动分拣N51,3232.061022762143,3233.6410227621427,1.5799999999999272
N1-LG2-1-1S,自动打磨,自动打磨N51,3233.6410227621427,3235.5395325240474,1.8985097619047338
N1-LG2-1-1S,桁架码垛,自动分拣N51,3235.5395325240474,3236.7095325240475,1.1700000000000728
N1-AG-4S-1S,自由边打磨,人工打磨N51,3211.67549513699,3212.594200521605,0.9187053846153503
E01S-1235切割后的大件,天车吊运（胎架到成品区）,天车,3212.594200521605,3217.594200521605,5.0
N1-F26-7P-1P,自由边打磨,人工打磨N21,3258.9127395188907,3259.257251672737,0.3445121538461535
E01S-1241,天车空驶（胎架到原料区）,天车,3160.851862407463,3168.851862407463,8.0
E01S-1241,天车吊运（原料区到胎架）,天车,3168.851862407463,3171.851862407463,3.0
N1-F27-4-1P,自由边打磨,人工打磨N21,3259.257251672737,3259.6295511599164,0.37229948717958905
N1-F28-5-1P,自由边打磨,人工打磨N21,3259.6295511599164,3259.9740632624807,0.34451210256429476
N1-F32-3-1P,分拣,自动分拣N21,3258.9127395188907,3260.4927395188906,1.5799999999999272
N1-F32-3-1P,自动打磨,自动打磨N21,3260.4927395188906,3262.025912931589,1.5331734126984884
N1-F32-3-1P,桁架码垛,自动分拣N21,3262.025912931589,3263.195912931589,1.1700000000000728
N1-F27-4-1S,自由边打磨,人工打磨N21,3259.9740632624807,3260.3463627496603,0.37229948717958905
N1-F28-5-1S,自由边打磨,人工打磨N21,3260.3463627496603,3260.6908747496605,0.3445120000001225
N1-F32-3-1S,分拣,自动分拣N21,3263.195912931589,3264.775912931589,1.5799999999999272
N1-F32-3-1S,自动打磨,自动打磨N21,3264.775912931589,3266.3655490427004,1.5896361111113038
N1-F32-3-1S,桁架码垛,自动分拣N21,3266.3655490427004,3267.5355490427005,1.1700000000000728
N1-F18-4P-1P,自由边打磨,人工打磨N21,3260.6908747496605,3261.0572775701735,0.36640282051303075
N1-F32-4-1P,自由边打磨,人工打磨N21,3261.0572775701735,3261.4382732624813,0.38099569230780617
N1-F32-4-1S,自由边打磨,人工打磨N21,3261.4382732624813,3261.819268954789,0.38099569230780617
E01S-1238切割后的大件,天车吊运（胎架到成品区）,天车,3261.819268954789,3266.819268954789,5.0
N1-F36-1P-7BP,分拣,自动分拣N51,3240.8483025918486,3242.4283025918485,1.5799999999999272
N1-F36-1P-7BP,自动打磨,自动打磨N51,3242.4283025918485,3243.85183433788,1.4235317460315855
N1-F36-1P-7BP,桁架码垛,自动分拣N51,3243.85183433788,3245.02183433788,1.1700000000000728
N1-LG1-3W-1P,自由边打磨,人工打磨N51,3240.8483025918486,3241.121969258515,0.273666666666486
E01S-1213,天车空驶（胎架到原料区）,天车,3225.7095325240475,3233.7095325240475,8.0
E01S-1213,天车吊运（原料区到胎架）,天车,3233.7095325240475,3236.7095325240475,3.0
N1-F36-2S-7BS,分拣,自动分拣N51,3245.02183433788,3246.60183433788,1.5799999999999272
N1-F36-2S-7BS,自动打磨,自动打磨N51,3246.60183433788,3248.448897631531,1.84706329365099
N1-F36-2S-7BS,桁架码垛,自动分拣N51,3248.448897631531,3249.618897631531,1.1700000000000728
N1-LG1-3W-1S,自由边打磨,人工打磨N51,3241.121969258515,3241.3956359251815,0.273666666666486
E01S-1241切割后的大件,天车吊运（胎架到成品区）,天车,3241.3956359251815,3246.3956359251815,5.0
N1-F33-1SP-1SP,自由边打磨,人工打磨N51,3278.8397454438577,3279.6633351874475,0.8235897435897641
E01S-1237,天车空驶（胎架到原料区）,天车,3247.898230576294,3255.898230576294,8.0
E01S-1237,天车吊运（原料区到胎架）,天车,3255.898230576294,3258.898230576294,3.0
E01S-1213切割后的大件,天车吊运（胎架到成品区）,天车,3279.6633351874475,3284.6633351874475,5.0
N1-F23-6P-1P,自由边打磨,人工打磨N21,3299.5909279339353,3299.957330703166,0.36640276923071724
E01S-1236,天车空驶（胎架到原料区）,天车,3266.819268954789,3274.819268954789,8.0
E01S-1236,天车吊运（原料区到胎架）,天车,3274.819268954789,3277.819268954789,3.0
N1-F24-6P-1P,自由边打磨,人工打磨N21,3299.957330703166,3300.301842703166,0.3445120000001225
N1-F28-4-1P,自由边打磨,人工打磨N21,3300.301842703166,3300.6463548570123,0.3445121538461535
E01S-1237切割后的大件,天车吊运（胎架到成品区）,天车,3300.6463548570123,3305.6463548570123,5.0
N1-F30-1SP-1SP,自由边打磨,人工打磨N51,3321.4287882348917,3322.0093638246353,0.5805755897436029
E01S-1239,天车空驶（胎架到原料区）,天车,3284.6633351874475,3292.6633351874475,8.0
E01S-1239,天车吊运（原料区到胎架）,天车,3292.6633351874475,3295.6633351874475,3.0
E01S-1236切割后的大件,天车吊运（胎架到成品区）,天车,3322.0093638246353,3327.0093638246353,5.0
N1-F26-6P-1P,自由边打磨,人工打磨N21,3347.3805266709082,3347.761522363216,0.38099569230780617
E01S-1228,天车空驶（胎架到原料区）,天车,3305.6463548570123,3313.6463548570123,8.0
E01S-1228,天车吊运（原料区到胎架）,天车,3313.6463548570123,3316.6463548570123,3.0
N1-F27-3-1P,自由边打磨,人工打磨N21,3347.761522363216,3348.0531279529596,0.2916055897435399
N1-F27-3-1S,自由边打磨,人工打磨N21,3348.0531279529596,3348.344733542703,0.2916055897435399
N1-F28-4-1S,自由边打磨,人工打磨N21,3348.344733542703,3348.6833351324467,0.33860158974357546
E01S-1239切割后的大件,天车吊运（胎架到成品区）,天车,3348.6833351324467,3353.6833351324467,5.0
N1-F19-3P-1P,自由边打磨,人工打磨N51,3371.239378013146,3371.880235141351,0.6408571282049706
E01S-1234,天车空驶（胎架到原料区）,天车,3327.0093638246353,3335.0093638246353,8.0
E01S-1234,天车吊运（原料区到胎架）,天车,3335.0093638246353,3338.0093638246353,3.0
N1-F20-6P-1P,自由边打磨,人工打磨N51,3371.880235141351,3372.6545506798125,0.7743155384614511
N1-F22-6P-1P,自由边打磨,人工打磨N51,3372.6545506798125,3373.428866218274,0.7743155384614511
N1-F30-2P-1P,自由边打磨,人工打磨N51,3373.428866218274,3374.2022056541714,0.7733394358974692
N1-JICH-1,分拣,自动分拣N51,3371.239378013146,3372.819378013146,1.5799999999999272
N1-JICH-1,自动打磨,自动打磨N51,3372.819378013146,3374.811180870289,1.9918028571428295
N1-JICH-1,桁架码垛,自动分拣N51,3374.811180870289,3375.981180870289,1.1700000000000728
E01S-1228切割后的大件,天车吊运（胎架到成品区）,天车,3374.2022056541714,3379.2022056541714,5.0
N1-AG-5W-1P,自由边打磨,人工打磨N21,3401.672055770785,3402.016567822067,0.34451205128198126
E01S-1242,天车空驶（胎架到原料区）,天车,3353.6833351324467,3361.6833351324467,8.0
E01S-1242,天车吊运（原料区到胎架）,天车,3361.6833351324467,3364.6833351324467,3.0
N1-AG-5W-1S,自由边打磨,人工打磨N21,3402.016567822067,3402.6415492579645,0.6249814358975527
N1-LG2-3WP-1P,自由边打磨,人工打磨N21,3402.6415492579645,3403.568062796426,0.9265135384616769
E01S-1234切割后的大件,天车吊运（胎架到成品区）,天车,3403.568062796426,3408.568062796426,5.0
N1-F26-1B1P-1P,分拣,自动分拣N51,3460.6989057688843,3462.278905768884,1.5799999999999272
N1-F26-1B1P-1P,自动打磨,自动打磨N51,3462.278905768884,3463.702437514916,1.4235317460315855
N1-F26-1B1P-1P,桁架码垛,自动分拣N51,3463.702437514916,3464.872437514916,1.1700000000000728
N1-F26-5B1P-1P,分拣,自动分拣N51,3464.872437514916,3466.452437514916,1.5799999999999272
N1-F26-5B1P-1P,自动打磨,自动打磨N51,3466.452437514916,3467.8759692609474,1.4235317460315855
N1-F26-5B1P-1P,桁架码垛,自动分拣N51,3467.8759692609474,3469.0459692609475,1.1700000000000728
N1-F27-1B1P-1P,分拣,自动分拣N51,3469.0459692609475,3470.6259692609474,1.5799999999999272
N1-F27-1B1P-1P,自动打磨,自动打磨N51,3470.6259692609474,3472.752620848249,2.1266515873016942
N1-F27-1B1P-1P,桁架码垛,自动分拣N51,3472.752620848249,3473.922620848249,1.1700000000000728
N1-F27-3B1P-1P,分拣,自动分拣N51,3473.922620848249,3475.502620848249,1.5799999999999272
N1-F27-3B1P-1P,自动打磨,自动打磨N51,3475.502620848249,3477.629272435551,2.1266515873016942
N1-F27-3B1P-1P,桁架码垛,自动分拣N51,3477.629272435551,3478.799272435551,1.1700000000000728
N1-F28-5B1P-1P,分拣,自动分拣N51,3478.799272435551,3480.379272435551,1.5799999999999272
N1-F28-5B1P-1P,自动打磨,自动打磨N51,3480.379272435551,3482.5059240228525,2.1266515873016942
N1-F28-5B1P-1P,桁架码垛,自动分拣N51,3482.5059240228525,3483.6759240228525,1.1700000000000728
N1-F28-6B1-1P,分拣,自动分拣N51,3483.6759240228525,3485.2559240228525,1.5799999999999272
N1-F28-6B1-1P,自动打磨,自动打磨N51,3485.2559240228525,3487.382575610154,2.1266515873016942
N1-F28-6B1-1P,桁架码垛,自动分拣N51,3487.382575610154,3488.5525756101542,1.1700000000000728
N1-F30-3B1S-1S,分拣,自动分拣N51,3488.5525756101542,3490.132575610154,1.5799999999999272
N1-F30-3B1S-1S,自动打磨,自动打磨N51,3490.132575610154,3492.5934806895193,2.4609050793651477
N1-F30-3B1S-1S,桁架码垛,自动分拣N51,3492.5934806895193,3493.7634806895194,1.1700000000000728
N1-F30-5B1S-1S,分拣,自动分拣N51,3493.7634806895194,3495.3434806895193,1.5799999999999272
N1-F30-5B1S-1S,自动打磨,自动打磨N51,3495.3434806895193,3498.1645710863445,2.821090396825184
N1-F30-5B1S-1S,桁架码垛,自动分拣N51,3498.1645710863445,3499.3345710863446,1.1700000000000728
N1-F31-3B1-1P,分拣,自动分拣N51,3499.3345710863446,3500.9145710863445,1.5799999999999272
N1-F31-3B1-1P,自动打磨,自动打磨N51,3500.9145710863445,3503.513149737138,2.59857865079357
N1-F31-3B1-1P,桁架码垛,自动分拣N51,3503.513149737138,3504.683149737138,1.1700000000000728
N1-F31-4B1-1P,分拣,自动分拣N51,3504.683149737138,3506.263149737138,1.5799999999999272
N1-F31-4B1-1P,自动打磨,自动打磨N51,3506.263149737138,3509.0869738641222,2.8238241269841637
N1-F31-4B1-1P,桁架码垛,自动分拣N51,3509.0869738641222,3510.2569738641223,1.1700000000000728
N1-F32-1B1P-1P,分拣,自动分拣N51,3510.2569738641223,3511.8369738641222,1.5799999999999272
N1-F32-1B1P-1P,自动打磨,自动打磨N51,3511.8369738641222,3514.5498314038045,2.712857539682318
N1-F32-1B1P-1P,桁架码垛,自动分拣N51,3514.5498314038045,3515.7198314038046,1.1700000000000728
N1-F36-1P-2BP,分拣,自动分拣N51,3515.7198314038046,3517.2998314038045,1.5799999999999272
N1-F36-1P-2BP,自动打磨,自动打磨N51,3517.2998314038045,3519.3268893403124,2.0270579365078447
N1-F36-1P-2BP,桁架码垛,自动分拣N51,3519.3268893403124,3520.4968893403125,1.1700000000000728
N1-F36-1P-4BP,分拣,自动分拣N51,3520.4968893403125,3522.0768893403124,1.5799999999999272
N1-F36-1P-4BP,自动打磨,自动打磨N51,3522.0768893403124,3523.500421086344,1.4235317460315855
N1-F36-1P-4BP,桁架码垛,自动分拣N51,3523.500421086344,3524.670421086344,1.1700000000000728
N1-F28-6B1-1S,分拣,自动分拣N51,3524.670421086344,3526.250421086344,1.5799999999999272
N1-F28-6B1-1S,自动打磨,自动打磨N51,3526.250421086344,3528.3770726736457,2.1266515873016942
N1-F28-6B1-1S,桁架码垛,自动分拣N51,3528.3770726736457,3529.5470726736457,1.1700000000000728
N1-F29-5B1S-1S,分拣,自动分拣N51,3529.5470726736457,3531.1270726736457,1.5799999999999272
N1-F29-5B1S-1S,自动打磨,自动打磨N51,3531.1270726736457,3533.2537242609474,2.1266515873016942
N1-F29-5B1S-1S,桁架码垛,自动分拣N51,3533.2537242609474,3534.4237242609474,1.1700000000000728
N1-F29-6B1S-1S,分拣,自动分拣N51,3534.4237242609474,3536.0037242609474,1.5799999999999272
N1-F29-6B1S-1S,自动打磨,自动打磨N51,3536.0037242609474,3538.820204895868,2.816480634920481
N1-F29-6B1S-1S,桁架码垛,自动分拣N51,3538.820204895868,3539.990204895868,1.1700000000000728
N1-F29-8B1S-1S,分拣,自动分拣N51,3539.990204895868,3541.570204895868,1.5799999999999272
N1-F29-8B1S-1S,自动打磨,自动打磨N51,3541.570204895868,3544.0002456101533,2.4300407142854965
N1-F29-8B1S-1S,桁架码垛,自动分拣N51,3544.0002456101533,3545.1702456101534,1.1700000000000728
N1-F31-3B1-1S,分拣,自动分拣N51,3545.1702456101534,3546.7502456101533,1.5799999999999272
N1-F31-3B1-1S,自动打磨,自动打磨N51,3546.7502456101533,3549.348824260947,2.59857865079357
N1-F31-3B1-1S,桁架码垛,自动分拣N51,3549.348824260947,3550.518824260947,1.1700000000000728
N1-F31-4B1-1S,分拣,自动分拣N51,3550.518824260947,3552.098824260947,1.5799999999999272
N1-F31-4B1-1S,自动打磨,自动打磨N51,3552.098824260947,3554.922648229201,2.823823968254146
N1-F31-4B1-1S,桁架码垛,自动分拣N51,3554.922648229201,3556.092648229201,1.1700000000000728
N1-F32-1B2S-1S,分拣,自动分拣N51,3556.092648229201,3557.672648229201,1.5799999999999272
N1-F32-1B2S-1S,自动打磨,自动打磨N51,3557.672648229201,3560.3833455307886,2.7106973015875155
N1-F32-1B2S-1S,桁架码垛,自动分拣N51,3560.3833455307886,3561.5533455307886,1.1700000000000728
N1-F36-2S-3BS,分拣,自动分拣N51,3561.5533455307886,3563.1333455307886,1.5799999999999272
N1-F36-2S-3BS,自动打磨,自动打磨N51,3563.1333455307886,3564.55687727682,1.4235317460315855
N1-F36-2S-3BS,桁架码垛,自动分拣N51,3564.55687727682,3565.7268772768202,1.1700000000000728
N1-F36-2S-6BS,分拣,自动分拣N51,3565.7268772768202,3567.30687727682,1.5799999999999272
N1-F36-2S-6BS,自动打磨,自动打磨N51,3567.30687727682,3569.3452777530106,2.038400476190418
N1-F36-2S-6BS,桁架码垛,自动分拣N51,3569.3452777530106,3570.5152777530107,1.1700000000000728
E01S-1245,天车空驶（胎架到原料区）,天车,3379.2022056541714,3387.2022056541714,8.0
E01S-1245,天车吊运（原料区到胎架）,天车,3387.2022056541714,3390.2022056541714,3.0
N1-950-1S-1S,分拣,自动分拣N21,3409.877049941199,3411.457049941199,1.5799999999999272
N1-950-1S-1S,自动打磨,自动打磨N21,3411.457049941199,3414.842995099929,3.38594515873001
N1-950-1S-1S,桁架码垛,自动分拣N21,3414.842995099929,3416.012995099929,1.1700000000000728
E01S-1207,天车空驶（胎架到原料区）,天车,3408.568062796426,3411.568062796426,3.0
E01S-1207,天车吊运（原料区到胎架）,天车,3411.568062796426,3414.568062796426,3.0
N1-MG-6SP-1SP,自由边打磨,人工打磨N21,3427.7949878956324,3428.466931434094,0.671943538461619
E01S-1232,天车空驶（胎架到原料区）,天车,3414.568062796426,3417.568062796426,3.0
E01S-1232,天车吊运（原料区到胎架）,天车,3417.568062796426,3420.568062796426,3.0
E01S-1207切割后的大件,天车吊运（胎架到坡口区）,天车,3428.466931434094,3431.466931434094,3.0
N1-MG-6SP-1SP,人工坡口,人工坡口1,3431.466931434094,3450.512915434094,19.045983999999862
E01S-1207切割后的大件,天车吊运（坡口区到成品区）,天车,3450.512915434094,3455.512915434094,5.0
N1-F18-5S-1S,自由边打磨,人工打磨N21,3500.948884643056,3501.8516770533124,0.9027924102565521
E01S-1224,天车空驶（胎架到原料区）,天车,3390.2022056541714,3398.2022056541714,8.0
E01S-1224,天车吊运（原料区到胎架）,天车,3398.2022056541714,3401.2022056541714,3.0
N1-F19-4S-1S,自由边打磨,人工打磨N21,3501.8516770533124,3502.8844710533126,1.0327940000001945
N1-F20-7S-1S,自由边打磨,人工打磨N21,3502.8844710533126,3503.192163361005,0.30769230769237765
N1-F22-7S-1S,自由边打磨,人工打磨N21,3503.192163361005,3504.224957412287,1.0327940512820533
N1-F23-7S-1S,自由边打磨,人工打磨N21,3504.224957412287,3504.9310847456204,0.7061273333333702
N1-F24-7S-1S,自由边打磨,人工打磨N21,3504.9310847456204,3505.2755968481847,0.34451210256429476
E01S-1232切割后的大件,天车吊运（胎架到成品区）,天车,3505.2755968481847,3510.2755968481847,5.0
N1-LG32-1-1P,自由边打磨,人工打磨N51,3486.3019995863456,3487.0838085607047,0.7818089743591372
N1-LG32-1-1S,自由边打磨,人工打磨N51,3487.0838085607047,3487.24082194532,0.15701338461531122
E01S-1224切割后的大件,天车空驶（成品区到胎架）,天车,3482.24082194532,3487.24082194532,5.0
E01S-1224切割后的大件,天车吊运（胎架到成品区）,天车,3487.24082194532,3492.24082194532,5.0
E01S-1217,天车空驶（胎架到原料区）,天车,3492.24082194532,3500.24082194532,8.0
E01S-1217,天车吊运（原料区到胎架）,天车,3500.24082194532,3503.24082194532,3.0
N1-STR-1D1P-1P,分拣,自动分拣N51,3570.5152777530107,3572.0952777530106,1.5799999999999272
N1-STR-1D1P-1P,自动打磨,自动打磨N51,3572.0952777530106,3573.605740292693,1.5104625396825213
N1-STR-1D1P-1P,桁架码垛,自动分拣N51,3573.605740292693,3574.775740292693,1.1700000000000728
N1-STR-1D1S-1S,分拣,自动分拣N51,3574.775740292693,3576.355740292693,1.5799999999999272
N1-STR-1D1S-1S,自动打磨,自动打磨N51,3576.355740292693,3577.8662029911056,1.5104626984125389
N1-STR-1D1S-1S,桁架码垛,自动分拣N51,3577.8662029911056,3579.0362029911057,1.1700000000000728
料框_N2_AP2_P4,AGV转运(至半框),AGV1,103.64447302479013,111.39447302479013,7.75
料框_N2_AP2_P1_坡口,自动坡口,自动坡口1,132.11501246923456,135.8046492213713,3.6896367521367495
料框_N2_AP2_P1_坡口,自动坡口,自动坡口1,180.58310247724827,184.1309255921179,3.5478231148696295
料框_N2_AP2_P1_坡口,自动坡口,自动坡口1,185.69944287407367,189.25229699669524,3.552854122621568
料框_N5_AP2_P4,AGV转运(至半框),AGV2,365.75523490883876,373.50523490883876,7.75
料框_N5_AP2_P4_坡口,AGV转运(至坡口),AGV1,374.7844286389975,382.5344286389975,7.75
料框_N5_AP2_P4_坡口,AGV至坡口工作站,AGV2,382.6344286389975,385.3844286389975,2.75
料框_N5_AP2_P4_坡口,自动坡口,自动坡口1,385.3844286389975,419.47718504925393,34.09275641025641
料框_N2_AP2_P2,AGV转运(至半框),AGV1,405.6295862817059,413.3795862817059,7.75
料框_AP2_P4_合盘,AGV合盘至坡口工作站,AGV2,419.47718504925393,422.22718504925393,2.75
料框_N2_AP2_P1,AGV转运(至半框),AGV1,816.2160339782316,823.9660339782316,7.75
料框_N2_AP2_P1_坡口,自动坡口,自动坡口1,825.3224058036285,830.9586695398922,5.636263736263686
料框_N2_AP2_P1_坡口,自动坡口,自动坡口1,830.9586695398922,836.0841640453867,5.125494505494544
料框_N2_AP2_P3,AGV转运(至半框),AGV2,833.9711529464857,841.7211529464857,7.75
料框_N5_AP2_P1,AGV转运(至半框),AGV1,844.5866651019898,852.3366651019898,7.75
料框_AP2_P1_合盘,AGV合盘至坡口工作站,AGV2,852.3366651019898,855.0866651019898,2.75
料框_N5_AP2_P1_坡口,AGV转运(至坡口),AGV1,852.3366651019898,860.0866651019898,7.75
料框_N5_AP2_P1_坡口,AGV至坡口工作站,AGV2,860.1866651019898,862.9366651019898,2.75
料框_N5_AP2_P1_坡口,自动坡口,自动坡口1,862.9366651019898,898.4203801691449,35.48371506715512
料框_N5_AP2_P3,AGV转运(至半框),AGV1,877.5200917686565,885.2700917686565,7.75
料框_N5_AP2_P5,AGV转运(至半框),AGV2,900.9363239908787,908.6863239908787,7.75
料框_N2_AP2_P5,AGV转运(至半框),AGV1,1039.0694081175036,1046.8194081175036,7.75
料框_N5_DC12_P4,AGV转运(至半框),AGV2,1102.58300382383,1110.33300382383,7.75
料框_N2_DC12_P2_坡口,自动坡口,自动坡口1,1167.005641109319,1170.636531161675,3.630890052356108
料框_N2_DC12_P2_坡口,自动坡口,自动坡口1,1171.9471385696363,1175.5796647476468,3.632526178010494
料框_AP2_P1,AGV至小部材放置区,AGV1,1172.868917437354,1175.618917437354,2.75
料框_AP2_P2,AGV至小部材放置区,AGV2,1174.243917437354,1176.993917437354,2.75
料框_AP2_P3,AGV至小部材放置区,AGV1,1175.618917437354,1183.368917437354,7.75
料框_AP2_P4,AGV至小部材放置区,AGV2,1181.993917437354,1189.743917437354,7.75
料框_AP2_P5,AGV至小部材放置区,AGV1,1188.368917437354,1196.118917437354,7.75
料框_N2_DC12_P2_坡口,自动坡口,自动坡口1,1176.803238252176,1180.4341283045321,3.630890052356108
料框_N2_DC12_P2_坡口,自动坡口,自动坡口1,1181.6593377759855,1185.2902278283416,3.630890052356108
料框_N2_DC12_P2_坡口,自动坡口,自动坡口1,1186.422988490271,1190.0538785426272,3.630890052356108
料框_N2_DC12_P2_坡口,自动坡口,自动坡口1,1191.1866392045567,1194.8191653825672,3.632526178010494
料框_N2_DC12_P3,AGV转运(至半框),AGV2,1204.5125321410649,1212.2625321410649,7.75
料框_N2_DC12_P4,AGV转运(至半框),AGV1,1284.097524023489,1291.847524023489,7.75
料框_N5_DC12_P1,AGV转运(至半框),AGV2,1285.6521533213536,1293.4021533213536,7.75
料框_N5_DC12_P2,AGV转运(至半框),AGV1,1302.7848471308776,1310.5348471308776,7.75
料框_N2_DC12_P1,AGV转运(至半框),AGV2,1335.2601224544483,1343.0101224544483,7.75
料框_N2_DC12_P2,AGV转运(至半框),AGV1,1375.5106150643776,1383.2606150643776,7.75
料框_N2_DC12_P4_坡口,自动坡口,自动坡口1,1382.6773150643776,1389.1156599565988,6.4383448922212665
料框_DC12_P2_合盘,AGV合盘至坡口工作站,AGV2,1383.2606150643776,1386.0106150643776,2.75
料框_N2_DC12_P4_坡口,自动坡口,自动坡口1,1389.1156599565988,1395.5446327775924,6.428972820993522
料框_N2_DC12_P4_坡口,自动坡口,自动坡口1,1395.5446327775924,1402.2502728900572,6.705640112464835
料框_N2_DC12_P4_坡口,自动坡口,自动坡口1,1402.2502728900572,1408.955913002522,6.705640112464835
料框_N2_DC12_P4_坡口,自动坡口,自动坡口1,1408.955913002522,1415.1068577073017,6.150944704779704
料框_N2_DC12_P4_坡口,自动坡口,自动坡口1,1415.1068577073017,1421.2578024120814,6.150944704779704
料框_N2_DC12_P4_坡口,自动坡口,自动坡口1,1421.2578024120814,1427.4060479603477,6.148245548266232
料框_N2_DC12_P4_坡口,自动坡口,自动坡口1,1427.4060479603477,1433.5449214373862,6.138873477038487
料框_DC12_P4_合盘,AGV合盘至坡口工作站,AGV1,1433.5449214373862,1436.2949214373862,2.75
料框_N5_DC12_P3,AGV转运(至半框),AGV2,1435.9893080832585,1443.7393080832585,7.75
料框_N2_DC12_P3_坡口,自动坡口,自动坡口1,1471.2093898107926,1476.6093994077216,5.400009596929067
料框_N2_DC12_P3_坡口,自动坡口,自动坡口1,1476.6093994077216,1482.0190059336333,5.409606525911613
料框_N2_DC12_P3_坡口,自动坡口,自动坡口1,1482.0190059336333,1487.4198216725968,5.400815738963502
料框_N2_DC12_P3_坡口,自动坡口,自动坡口1,1487.4198216725968,1492.8206374115603,5.400815738963502
料框_N2_DC12_P3_坡口,自动坡口,自动坡口1,1492.8206374115603,1498.2234377954373,5.402800383877093
料框_N2_DC12_P3_坡口,自动坡口,自动坡口1,1498.2234377954373,1503.616641250332,5.393203454894547
料框_N2_DC12_P3_坡口,自动坡口,自动坡口1,1503.616641250332,1509.0107372196217,5.394095969289765
料框_N2_DC12_P3_坡口,自动坡口,自动坡口1,1509.0107372196217,1514.4048331889114,5.394095969289765
料框_DC12_P3_合盘,AGV合盘至坡口工作站,AGV1,1514.4048331889114,1517.1548331889114,2.75
料框_DC12_P1,AGV至小部材放置区,AGV2,1625.0441487595026,1627.7941487595026,2.75
料框_DC12_P2,AGV至小部材放置区,AGV1,1626.4191487595026,1629.1691487595026,2.75
料框_DC12_P3,AGV至小部材放置区,AGV2,1627.7941487595026,1635.5441487595026,7.75
料框_DC12_P4,AGV至小部材放置区,AGV1,1634.1691487595026,1641.9191487595026,7.75
料框_N2_STA238FC_P1_坡口,自动坡口,自动坡口1,1641.5490053356116,1647.3533277924255,5.804322456813907
料框_N2_STA238FC_P1_坡口,自动坡口,自动坡口1,1647.3533277924255,1653.1576502492394,5.804322456813907
料框_N2_STA238FC_P2_坡口,自动坡口,自动坡口1,1653.1576502492394,1659.7777807674736,6.620130518234191
料框_N2_STA238FC_P2_坡口,自动坡口,自动坡口1,1659.7777807674736,1666.3979112857078,6.620130518234191
料框_N2_STA238FC_P2_坡口,自动坡口,自动坡口1,1666.3979112857078,1672.9800609978,6.582149712092132
料框_N2_STA238FC_P1,AGV转运(至半框),AGV2,1677.274901585831,1685.024901585831,7.75
料框_N5_STA238FC_P1_坡口,AGV转运(至坡口),AGV1,1774.9363392528935,1782.6863392528935,7.75
料框_N5_STA238FC_P1_坡口,AGV至坡口工作站,AGV2,1782.7863392528934,1785.5363392528934,2.75
料框_N5_STA238FC_P1_坡口,自动坡口,自动坡口1,1785.5363392528934,1789.657040979738,4.1207017268445725
料框_STA238FC_P1_合盘,AGV合盘至坡口工作站,AGV1,1789.657040979738,1792.407040979738,2.75
料框_N2_STA238FC_P2,AGV转运(至半框),AGV2,1915.793373904037,1923.543373904037,7.75
料框_N5_STA238FC_P1,AGV转运(至半框),AGV1,1941.4789175879173,1949.2289175879173,7.75
料框_N2_STA238FC_P3,AGV转运(至半框),AGV2,1948.2938049241775,1956.0438049241775,7.75
料框_N2_STA238FC_P3_坡口,自动坡口,自动坡口1,1994.6814257023657,2006.9433145912546,12.261888888888961
料框_N5_STA238FC_P2_坡口,AGV转运(至坡口),AGV1,1990.011549095854,1997.761549095854,7.75
料框_N5_STA238FC_P2_坡口,AGV至坡口工作站,AGV2,1997.861549095854,2000.611549095854,2.75
料框_N5_STA238FC_P2_坡口,自动坡口,自动坡口1,2006.9433145912546,2021.2863216264304,14.343007035175788
料框_N2_STA238FC_P3_坡口,自动坡口,自动坡口1,2021.2863216264304,2033.5482105153194,12.261888888888961
料框_N5_STA238FC_P3_坡口,AGV转运(至坡口),AGV1,1997.761549095854,2005.511549095854,7.75
料框_N5_STA238FC_P3_坡口,AGV至坡口工作站,AGV2,2005.611549095854,2008.361549095854,2.75
料框_N5_STA238FC_P3_坡口,自动坡口,自动坡口1,2033.5482105153194,2041.997456746475,8.449246231155712
料框_STA238FC_P2_合盘,AGV合盘至坡口工作站,AGV1,2021.2863216264304,2024.0363216264304,2.75
料框_STA238FC_P3_合盘,AGV合盘至坡口工作站,AGV2,2041.997456746475,2044.747456746475,2.75
料框_N5_STA238FC_P2,AGV转运(至半框),AGV1,2076.882998535261,2084.632998535261,7.75
料框_N2_BN1_P1_坡口,自动坡口,自动坡口1,2085.849352922133,2090.7366480041005,4.887295081967295
料框_N2_BN1_P1_坡口,自动坡口,自动坡口1,2090.7366480041005,2095.4702545614778,4.733606557377243
料框_N2_BN1_P1_坡口,自动坡口,自动坡口1,2095.4702545614778,2100.359598823773,4.889344262295253
料框_N2_BN1_P1_坡口,自动坡口,自动坡口1,2100.359598823773,2105.0952545614778,4.735655737704747
料框_N5_STA238FC_P3,AGV转运(至半框),AGV2,2102.4151891701817,2110.1651891701817,7.75
料框_STA238FC_P1,AGV至小部材放置区,AGV1,2112.831401989473,2115.581401989473,2.75
料框_STA238FC_P2,AGV至小部材放置区,AGV2,2114.206401989473,2116.956401989473,2.75
料框_STA238FC_P3,AGV至小部材放置区,AGV1,2115.581401989473,2123.331401989473,7.75
料框_N5_BN1_P1,AGV转运(至半框),AGV2,2209.1577784062133,2216.9077784062133,7.75
料框_N5_BN1_P2,AGV转运(至半框),AGV1,2215.5327784062133,2223.2827784062133,7.75
料框_N5_BN1_P6_坡口,AGV转运(至坡口),AGV2,2244.6737630887537,2252.4237630887537,7.75
料框_N5_BN1_P6_坡口,AGV至坡口工作站,AGV1,2252.5237630887536,2255.2737630887536,2.75
料框_N5_BN1_P6_坡口,自动坡口,自动坡口1,2255.2737630887536,2262.467658376712,7.193895287958185
料框_N2_BN1_P1,AGV转运(至半框),AGV2,2445.6269284511927,2453.3769284511927,7.75
料框_BN1_P1_合盘,AGV合盘至坡口工作站,AGV1,2453.3769284511927,2456.1269284511927,2.75
料框_N2_BN1_P1_坡口,自动坡口,自动坡口1,2663.1121999775482,2667.397036043122,4.284836065573927
料框_N2_BN1_P1_坡口,自动坡口,自动坡口1,2668.1386048188183,2672.423440884392,4.284836065573927
料框_N2_BN1_P1_坡口,自动坡口,自动坡口1,2673.1650096600883,2677.4498457256623,4.284836065573927
料框_N2_BN1_P1_坡口,自动坡口,自动坡口1,2677.74106092993,2682.025896995504,4.284836065573927
料框_N2_BN1_P1_坡口,自动坡口,自动坡口1,2682.3171122791364,2686.6019483447103,4.284836065573927
料框_N2_BN1_P1_坡口,自动坡口,自动坡口1,2686.859534898184,2691.144370963758,4.284836065573927
料框_N2_BN1_P1_坡口,自动坡口,自动坡口1,2691.144370963758,2695.429207029332,4.284836065573927
料框_N2_BN1_P1_坡口,自动坡口,自动坡口1,2695.5677090251684,2699.8525450907423,4.284836065573927
料框_N2_BN1_P1_坡口,自动坡口,自动坡口1,2699.875312437867,2704.1601485034407,4.284836065573927
料框_N2_BN1_P1_坡口,自动坡口,自动坡口1,2706.0353476759624,2710.3201837415363,4.284836065573927
料框_N2_BN1_P1_坡口,自动坡口,自动坡口1,2710.4048784696133,2714.6897145351872,4.284836065573927
料框_N2_BN1_P1_坡口,自动坡口,自动坡口1,2716.4548427553277,2720.7396788209016,4.284836065573927
料框_N2_BN1_P1_坡口,自动坡口,自动坡口1,2720.7396788209016,2725.0245148864756,4.284836065573927
料框_N2_BN1_P1_坡口,自动坡口,自动坡口1,2725.1731842632644,2729.4580203288383,4.284836065573927
料框_N2_BN1_P1_坡口,自动坡口,自动坡口1,2729.4580203288383,2733.7428563944122,4.284836065573927
料框_N2_BN1_P1_坡口,自动坡口,自动坡口1,2733.780131961677,2738.064968027251,4.284836065573927
料框_N2_BN1_P1_坡口,自动坡口,自动坡口1,2738.345343628344,2743.0809993660487,4.735655737704747
料框_N2_BN1_P1_坡口,自动坡口,自动坡口1,2743.893188707709,2748.628844445414,4.735655737704747
料框_N5_BN1_P2_坡口,AGV转运(至坡口),AGV2,2809.8209264631314,2817.5709264631314,7.75
料框_N5_BN1_P2_坡口,AGV至坡口工作站,AGV1,2817.6709264631313,2820.4209264631313,2.75
料框_N5_BN1_P2_坡口,自动坡口,自动坡口1,2820.4209264631313,2829.820005500932,9.399079037800675
料框_N5_BN1_P9_坡口,AGV转运(至坡口),AGV2,2818.603258844084,2826.353258844084,7.75
料框_N5_BN1_P9_坡口,AGV至坡口工作站,AGV1,2826.453258844084,2829.203258844084,2.75
料框_N5_BN1_P9_坡口,自动坡口,自动坡口1,2829.820005500932,2850.2552546418256,20.435249140893575
料框_BN1_P2_合盘,AGV合盘至坡口工作站,AGV2,2829.820005500932,2832.570005500932,2.75
料框_N2_BN1_P2,AGV转运(至半框),AGV1,2898.410589978065,2906.160589978065,7.75
料框_N2_BN1_P8,AGV转运(至半框),AGV2,2951.0567334701295,2958.8067334701295,7.75
料框_N5_BN1_P8,AGV转运(至半框),AGV1,3034.1066355251987,3041.8566355251987,7.75
料框_N5_BN1_P3,AGV转运(至半框),AGV2,3040.4816355251987,3048.2316355251987,7.75
料框_N2_BN1_P3,AGV转运(至半框),AGV1,3162.934632242961,3170.684632242961,7.75
料框_N5_BN1_P4,AGV转运(至半框),AGV2,3218.530037127222,3226.280037127222,7.75
料框_N5_BN1_P5,AGV转运(至半框),AGV1,3224.905037127222,3232.655037127222,7.75
料框_N2_BN1_P6,AGV转运(至半框),AGV2,3227.812663592167,3235.562663592167,7.75
料框_N2_BN1_P9,AGV转运(至半框),AGV1,3253.898230576294,3261.648230576294,7.75
料框_N2_BN1_P4,AGV转运(至半框),AGV2,3260.273230576294,3268.023230576294,7.75
料框_N2_BN1_P5,AGV转运(至半框),AGV1,3266.648230576294,3274.398230576294,7.75
料框_N2_BN1_P7,AGV转运(至半框),AGV2,3411.012995099929,3418.762995099929,7.75
料框_N5_BN1_P6,AGV转运(至半框),AGV1,3519.670421086344,3527.420421086344,7.75
料框_BN1_P6_合盘,AGV合盘至坡口工作站,AGV2,3527.420421086344,3530.170421086344,2.75
料框_N5_BN1_P7,AGV转运(至半框),AGV1,3565.5152777530107,3573.2652777530107,7.75
料框_N5_BN1_P9,AGV转运(至半框),AGV2,3574.0362029911057,3581.7862029911057,7.75
料框_BN1_P9_合盘,AGV合盘至坡口工作站,AGV1,3581.7862029911057,3584.5362029911057,2.75
料框_BN1_P1,AGV至小部材放置区,AGV2,3584.5362029911057,3587.2862029911057,2.75
料框_BN1_P2,AGV至小部材放置区,AGV1,3585.9112029911057,3588.6612029911057,2.75
料框_BN1_P3,AGV至小部材放置区,AGV2,3587.2862029911057,3595.0362029911057,7.75
料框_BN1_P4,AGV至小部材放置区,AGV1,3593.6612029911057,3601.4112029911057,7.75
料框_BN1_P5,AGV至小部材放置区,AGV2,3600.0362029911057,3607.7862029911057,7.75
料框_BN1_P6,AGV至小部材放置区,AGV1,3606.4112029911057,3614.1612029911057,7.75
料框_BN1_P7,AGV至小部材放置区,AGV2,3612.7862029911057,3620.5362029911057,7.75
料框_BN1_P8,AGV至小部材放置区,AGV1,3619.1612029911057,3626.9112029911057,7.75
料框_BN1_P9,AGV至小部材放置区,AGV2,3625.5362029911057,3633.2862029911057,7.75
